CYCLE,index,POI,mutant,chain_id,pdb_file,cycle,mutseq,mutations,ablang2_perplexity,IP_seq,instability_index,hydrophobicity,target,model_type,DMS_score_0,DMS_score_1,flxddg_0,flxddg_1,mutations_wt,exp,acquisition_score_0,acquisition_score_1,acquisition_score_0_std,acquisition_score_1_std,ablang2_perplexity_std,IP_seq_std,instability_index_std,hydrophobicity_std,sum_score,#Mutation,EXP
1,33,XXXX,{'H': 'R98K:V100G:F101N:F102R:L103Y:P104K:A106F:M107H'},H,XXXX,0,AKFGNRYKYFHDY,"R98K,V100G,F101N,F102R,L103Y,P104K,A106F,M107H",13.289036,8.018335914611818,22.579999999999984,-0.2191666666666666,5A12_dual,ablang2,-0.4255250298102897,-1.2669177961162634,0.4255250298102897,1.2669177961162634,"SB0A,RB1K,WB2F,GB4N,DB5R,GB6Y,FB7K,AB9F,MB10H",greedy_dual_multi,0.4255250298102897,1.2669177961162634,0.5796427397038507,0.7877189378962159,0.4178478804967053,-0.0004552038204614,0.2497788915072249,0.3272204241666075,2.361753669950143,9,ablang2+greedy_dual_multi
1,0,XXXX,{'H': 'F99G:V100R:F102G:L103Q:P104G:A106R:M107S'},H,XXXX,0,ARGRFGQGYRSDY,"F99G,V100R,F102G,L103Q,P104G,A106R,M107S",8.324217,8.036193656921387,24.75333333333332,-0.2283333333333333,5A12_dual,ablang2,-1.2023993962197306,-3.974305815075976,1.2023993962197306,3.974305815075976,"SB0A,WB2G,GB3R,GB4F,DB5G,GB6Q,FB7G,AB9R,MB10S",greedy_dual_multi,1.2023993962197306,3.974305815075976,0.812797939461049,1.2636744215583129,0.0843514993300786,0.0092441391232501,0.4419958726376007,0.2876663069596547,2.899730179069946,9,ablang2+greedy_dual_multi
1,3,XXXX,{'H': 'F99D:V100K:F101G:F102Q:A106R:M107V'},H,XXXX,0,ARDKGQLPYRVDY,"F99D,V100K,F101G,F102Q,A106R,M107V",9.298015,6.8461088180542,21.44416666666665,-0.2091666666666666,5A12_dual,ablang2,-0.691080445614114,-4.97043,0.691080445614114,4.97043,"SB0A,WB2D,GB3K,DB5Q,GB6L,FB7P,AB9R,MB10V",greedy_dual_multi,0.691080445614114,4.97043,0.6593411165527461,1.438791828041185,0.1497633721470531,0.4957908926547458,0.1493219339609435,0.3703703702105557,3.263379513567229,8,ablang2+greedy_dual_multi
1,19,XXXX,{'H': 'F99D:F101R:F102A:L103R:A106G:M107L'},H,XXXX,0,ARDVRARPYGLDY,"F99D,F101R,F102A,L103R,A106G,M107L",7.4925117,6.847245597839356,24.81333333333332,-0.1699999999999999,5A12_dual,ablang2,-2.474958180996404,-1.7183702111032888,2.474958180996404,1.7183702111032888,"SB0A,WB2D,GB3V,GB4R,DB5A,GB6R,FB7P,AB9G,MB10L",greedy_dual_multi,2.474958180996404,1.7183702111032888,1.1947177330548169,0.8670837171671731,0.0284842647446679,0.4952921941658172,0.4473024764111385,0.5393743255493533,3.572254711092967,9,ablang2+greedy_dual_multi
1,38,XXXX,{'H': 'F99R:V100G:F101G:F102N:L103G:A106P'},H,XXXX,0,ARRGGNGPYPMDY,"F99R,V100G,F101G,F102N,L103G,A106P",7.9338083,6.844631004333496,27.44999999999998,-0.2183333333333333,5A12_dual,ablang2,-0.7109430558337047,-4.700326915296804,0.7109430558337047,4.700326915296804,"SB0A,WB2R,DB5N,FB7P,AB9P",greedy_dual_multi,0.7109430558337047,4.700326915296804,0.6653022745645002,1.391308037975537,0.058127000788245,0.4964392006903531,0.680498231126057,0.330816253003603,3.622490998148295,5,ablang2+greedy_dual_multi
1,17,XXXX,{'H': 'F99D:V100Y:F101R:L103K:A106F:M107G'},H,XXXX,0,ARDYRFKPYFGDY,"F99D,V100Y,F101R,L103K,A106F,M107G",10.338411,6.844972038269043,20.62583333333332,-0.2108333333333333,5A12_dual,ablang2,-2.607314407197408,-3.807943766871064,2.607314407197408,3.807943766871064,"SB0A,WB2D,GB3Y,GB4R,DB5F,GB6K,FB7P,AB9F,MB10G",greedy_dual_multi,2.607314407197408,3.807943766871064,1.2344404265729858,1.2344281781082105,0.2196487599084668,0.4962895911436743,0.0769457547163007,0.3631787125365642,3.624931422986202,9,ablang2+greedy_dual_multi
1,15,XXXX,{'H': 'F99D:V100R:F102T:L103T:A106N:M107F'},H,XXXX,0,ARDRFTTPYNFDY,"F99D,V100R,F102T,L103T,A106N,M107F",7.398482,5.6967676162719725,23.06333333333332,-0.205,5A12_dual,ablang2,-0.1703555841895339,-4.971578846554986,0.1703555841895339,4.971578846554986,"SB0A,WB2D,GB3R,GB4F,DB5T,GB6T,FB7P,AB9N,MB10F",greedy_dual_multi,0.1703555841895339,4.971578846554986,0.5030613957465121,1.4389937938524773,0.0221681100827993,0.9999999998859396,0.2925265330162809,0.3883495143955339,3.645099346979543,9,ablang2+greedy_dual_multi
1,32,XXXX,{'H': 'F99R:F101G:A106R:M107F'},H,XXXX,0,ARRVGFLPYRFDY,"F99R,F101G,A106R,M107F",7.5822735,8.036193656921387,29.20583333333332,-0.1091666666666666,5A12_dual,ablang2,-0.1091668625904498,-5.296337639641692,0.1091668625904498,5.296337639641692,"SB0A,WB2R,GB3V,DB5F,GB6L,FB7P,AB9R,MB10F",greedy_dual_multi,0.1091668625904498,5.296337639641692,0.4846974630127564,1.496085990225753,0.0345137364065759,0.0092441391232501,0.8357900943322313,0.8018698306500384,3.6622012537506055,8,ablang2+greedy_dual_multi
1,5,XXXX,{'H': 'F101G:L103K:Y105R:A106Y:M107G'},H,XXXX,0,ARFVGFKPRYGDY,"F101G,L103K,Y105R,A106Y,M107G",11.77703,8.027683830261232,19.36333333333332,-0.1391666666666666,5A12_dual,ablang2,-2.8110326631005904,-5.296385641396626,2.8110326631005904,5.296385641396626,"SB0A,WB2F,GB3V,DB5F,GB6K,FB7P,YB8R,AB9Y,MB10G",greedy_dual_multi,2.8110326631005904,5.296385641396626,1.2955802616647534,1.4960944288752287,0.3162835476776788,0.004622069561626,-0.0347140330185607,0.6724199925181936,3.75028626727892,9,ablang2+greedy_dual_multi
1,27,XXXX,{'H': 'A97G:F99R:V100H:F101D:F102R:L103S:P104V:A106R:M107F'},H,XXXX,0,GRRHDRSVYRFDY,"A97G,F99R,V100H,F101D,F102R,L103S,P104V,A106R,M107F",8.054599,8.043220710754394,32.318333333333314,-0.2658333333333334,5A12_dual,ablang2,-0.25211,-7.784609870696352,0.25211,7.784609870696352,"SB0G,WB2R,GB3H,GB4D,DB5R,GB6S,FB7V,AB9R,MB10F",greedy_dual_multi,0.25211,7.784609870696352,0.5275974957563768,1.9335211878852463,0.0662407429666776,0.0130608480794392,1.1110701650845132,0.1258540092948482,3.7773444490671015,9,ablang2+greedy_dual_multi
1,18,XXXX,{'H': 'F99R:F101S:F102G:L103G:A106R:M107S'},H,XXXX,0,ARRVSGGPYRSDY,"F99R,F101S,F102G,L103G,A106R,M107S",6.663857,8.036193656921387,31.969999999999985,-0.2041666666666667,5A12_dual,ablang2,-0.3928483839106889,-7.0691319452245125,0.3928483839106889,7.0691319452245125,"SB0A,WB2R,GB3V,GB4S,DB5G,FB7P,AB9R,MB10S",greedy_dual_multi,0.3928483839106889,7.0691319452245125,0.5698358388308963,1.8077410486208527,-0.0271780552083286,0.0092441391232501,1.080262382065918,0.3919453432325295,3.831850696665118,8,ablang2+greedy_dual_multi
1,26,XXXX,{'H': 'F99Q:F101R:F102G:L103A:P104G:A106Y:M107F:D108V'},H,XXXX,0,ARQVRGAGYYFVY,"F99Q,F101R,F102G,L103A,P104G,A106Y,M107F,D108V",8.802986,8.027554893493651,23.169999999999977,-0.0774999999999999,5A12_dual,ablang2,-2.257550051687425,-5.861984431090488,2.257550051687425,5.861984431090488,"SB0A,WB2Q,GB3V,GB4R,DB5G,GB6A,FB7G,AB9Y,MB10F,DB11V",greedy_dual_multi,2.257550051687425,5.861984431090488,1.1294692990613615,1.5955260004202916,0.116511328100224,0.0045520382046301,0.3019604952803477,0.9385113264558748,4.0865304875227295,10,ablang2+greedy_dual_multi
1,25,XXXX,{'H': 'R98K:F99K:V100D:F102A:L103G:Y105R:M107S'},H,XXXX,0,AKKDFAGPRASDY,"R98K,F99K,V100D,F102A,L103G,Y105R,M107S",8.58188,6.8461088180542,22.65916666666665,-0.1841666666666666,5A12_dual,ablang2,-2.625130133355026,-7.396692857117143,2.625130133355026,7.396692857117143,"SB0A,RB1K,WB2K,GB3D,GB4F,DB5A,FB7P,YB8R,MB10S",greedy_dual_multi,2.625130133355026,7.396692857117143,1.239787274622944,1.8653258540336208,0.1016592154946631,0.4957908926547458,0.2567806603750874,0.4782452353204264,4.437589132501487,9,ablang2+greedy_dual_multi
1,23,XXXX,{'H': 'F99D:V100G:F101T:F102R:L103Y:P104G:A106H:M107S:D108S'},H,XXXX,0,ARDGTRYGYHSSY,"F99D,V100G,F101T,F102R,L103Y,P104G,A106H,M107S,D108S",9.125357,6.990479850769043,23.79833333333331,-0.2316666666666667,5A12_dual,ablang2,-4.812028288042868,-4.833951516748362,4.812028288042868,4.833951516748362,"SB0A,WB2D,GB4T,DB5R,GB6Y,FB7G,AB9H,MB10S,DB11S",greedy_dual_multi,4.812028288042868,4.833951516748362,1.8961182055320007,1.4147990785532627,0.1381656042970131,0.4324561845608221,0.3575324292421205,0.2732829916116717,4.512354493796891,9,ablang2+greedy_dual_multi
1,10,XXXX,{'H': 'F99G:V100R:F101P:F102T:L103R:P104N:M107G'},H,XXXX,0,ARGRPTRNYAGDY,"F99G,V100R,F101P,F102T,L103R,P104N,M107G",8.333008,8.036193656921387,27.814999999999984,-0.2458333333333333,5A12_dual,ablang2,-2.826463244681914,-9.291588066837669,2.826463244681914,9.291588066837669,"SB0A,WB2G,GB3R,GB4P,DB5T,GB6R,FB7N,MB10G",greedy_dual_multi,2.826463244681914,9.291588066837669,1.3002112811532598,2.1984461011927494,0.0849420076017468,0.0092441391232501,0.7127800707484132,0.2121539013827452,4.517777501202164,8,ablang2+greedy_dual_multi
1,30,XXXX,{'H': 'R98K:F99D:V100D:F101R:F102D:L103I:Y105R:M107P'},H,XXXX,0,AKDDRDIPRAPDY,"R98K,F99D,V100D,F101R,F102D,L103I,Y105R,M107P",8.398391,5.203291511535644,23.395833333333314,-0.2516666666666667,5A12_dual,ablang2,-1.0113628676628847,-8.063147674082863,1.0113628676628847,8.063147674082863,"SB0A,RB1K,WB2D,GB3D,GB4R,GB6I,FB7P,YB8R,MB10P",greedy_dual_multi,1.0113628676628847,8.063147674082863,0.7554641389104484,1.982487791120768,0.0893339086740351,1.216485013929816,0.3219339622613035,0.1869830995237751,4.5526879144201455,9,ablang2+greedy_dual_multi
1,4,XXXX,{'H': 'A97T:F99R:F101S:F102T:L103G:Y105R:A106G:M107F'},H,XXXX,0,TRRVSTGPRGFDY,"A97T,F99R,F101S,F102T,L103G,Y105R,A106G,M107F",6.8573265,8.04515476226807,30.39083333333332,-0.1899999999999999,5A12_dual,ablang2,-1.5985919057055478,-9.5191501976112,1.5985919057055478,9.5191501976112,"SB0T,WB2R,GB3V,GB4S,DB5T,FB7P,YB8R,AB9G,MB10F",greedy_dual_multi,1.5985919057055478,9.5191501976112,0.9317030645180222,2.2384512438826807,-0.0141823391276182,0.0141113184343558,0.940595518859606,0.4530744334614567,4.563753240028504,9,ablang2+greedy_dual_multi
1,9,XXXX,{'H': 'F99S:V100F:F101G:F102R:L103G:Y105R:M107G'},H,XXXX,0,ARSFGRGPRAGDY,"F99S,V100F,F101G,F102R,L103G,Y105R,M107G",7.86665,8.04515476226807,26.24166666666665,-0.1866666666666666,5A12_dual,ablang2,-3.1805198235206578,-8.457784120354896,3.1805198235206578,8.457784120354896,"SB0A,WB2S,GB3F,DB5R,FB7P,YB8R,MB10G",greedy_dual_multi,3.1805198235206578,8.457784120354896,1.406470588878945,2.05186439297493,0.0536158494219409,0.0141113184343558,0.5736291273534173,0.4674577488094393,4.567149025873029,7,ablang2+greedy_dual_multi
1,28,XXXX,{'H': 'F99R:F101A:F102G:L103A:P104G:A106S:M107S'},H,XXXX,0,ARRVAGAGYSSDY,"F99R,F101A,F102G,L103A,P104G,A106S,M107S",6.621325,6.844631004333496,28.87916666666665,-0.1233333333333333,5A12_dual,ablang2,-2.7232582049165,-5.541671597685513,2.7232582049165,5.541671597685513,"SB0A,WB2R,GB3V,GB4A,DB5G,GB6A,FB7G,AB9S,MB10S",greedy_dual_multi,2.7232582049165,5.541671597685513,1.2692374291343442,1.53921539829056,-0.0300350109369824,0.4964392006903531,0.8068985848985241,0.7407407404211116,4.822496342497911,9,ablang2+greedy_dual_multi
1,31,XXXX,{'H': 'R98K:F99R:F102V:L103S:P104S:A106W:M107F'},H,XXXX,0,AKRVFVSSYWFDY,"R98K,F99R,F102V,L103S,P104S,A106W,M107F",6.372118,6.843437385559082,28.40166666666665,-0.0674999999999999,5A12_dual,ablang2,-2.671024436608743,-4.684184007150197,2.671024436608743,4.684184007150197,"SB0A,RB1K,WB2R,GB3V,GB4F,DB5V,GB6S,FB7S,AB9W,MB10F",greedy_dual_multi,2.671024436608743,4.684184007150197,1.2535610531198376,1.3884701345790436,-0.0467747214201624,0.4969628341037279,0.7646668632007845,0.981661272499823,4.838547436083054,10,ablang2+greedy_dual_multi
1,20,XXXX,{'H': 'F99V:V100R:F101G:F102R:A106Q:M107V'},H,XXXX,0,ARVRGRLPYQVDY,"F99V,V100R,F101G,F102R,A106Q,M107V",9.702573,8.036193656921387,22.932499999999983,-0.15,5A12_dual,ablang2,-4.254813857067904,-8.337969900930661,4.254813857067904,8.337969900930661,"SB0A,WB2V,GB3R,DB5R,GB6L,FB7P,AB9Q,MB10V",greedy_dual_multi,4.254813857067904,8.337969900930661,1.72888725085137,2.0308012005709206,0.1769383062125262,0.0092441391232501,0.2809551886767605,0.6256742176372494,4.852500303072077,8,ablang2+greedy_dual_multi
1,37,XXXX,{'H': 'F99G:F102R:L103G:P104A:Y105G:D108G'},H,XXXX,0,ARGVFRGAGAMGY,"F99G,F102R,L103G,P104A,Y105G,D108G",10.675136,8.04515476226807,20.37833333333332,-0.0375,5A12_dual,ablang2,-5.013086046747155,-5.405363535298937,5.013086046747155,5.405363535298937,"SB0A,WB2G,GB3V,GB4F,DB5R,FB7A,YB8G,DB11G",greedy_dual_multi,5.013086046747155,5.405363535298937,1.9564595733519896,1.5152526085810991,0.2422672217191254,0.0141113184343558,0.0550560141504566,1.1111111106316676,4.894257846868695,8,ablang2+greedy_dual_multi
1,35,XXXX,{'H': 'F99E:F101S:F102G:L103G:P104G:M107F'},H,XXXX,0,AREVSGGGYAFDY,"F99E,F101S,F102G,L103G,P104G,M107F",5.3676534,5.184875679016112,28.266666666666644,-0.1033333333333333,5A12_dual,ablang2,-0.3892254557650589,-6.377534514617277,0.3892254557650589,6.377534514617277,"SB0A,WB2E,GB3V,GB4S,DB5G,FB7G,MB10F",greedy_dual_multi,0.3892254557650589,6.377534514617277,0.5687485271985092,1.6861590709807912,-0.1142465283702211,1.2245639294504589,0.7527270047103236,0.8270406325090081,4.944992636478871,7,ablang2+greedy_dual_multi
1,22,XXXX,{'H': 'R98K:F99D:V100R:F101S:F102G:L103H:P104S:A106L:M107P'},H,XXXX,0,AKDRSGHSYLPDY,"R98K,F99D,V100R,F101S,F102G,L103H,P104S,A106L,M107P",7.1699195,6.085205268859862,27.92583333333332,-0.2175,5A12_dual,ablang2,-3.055349339365068,-6.521956710330546,3.055349339365068,6.521956710330546,"SB0A,RB1K,WB2D,GB3R,GB4S,DB5G,GB6H,FB7S,AB9L,MB10P",greedy_dual_multi,3.055349339365068,6.521956710330546,1.368904477164016,1.7115483153487496,0.0068151301211135,0.8295947262190604,0.7225825471634211,0.3344120818405985,4.973857277856959,10,ablang2+greedy_dual_multi
1,11,XXXX,{'H': 'F99G:F101V:F102S:P104G:Y105R:M107F'},H,XXXX,0,ARGVVSLGRAFDY,"F99G,F101V,F102S,P104G,Y105R,M107F",6.4532666,6.845767784118652,24.23666666666665,-0.0308333333333333,5A12_dual,ablang2,-2.148300205474728,-8.495131067891087,2.148300205474728,8.495131067891087,"SB0A,WB2G,GB3V,GB4V,DB5S,GB6L,FB7G,YB8R,MB10F",greedy_dual_multi,2.148300205474728,8.495131067891087,1.0966812823387968,2.058429940415271,-0.0413238148641051,0.4959405022014245,0.3963001179210234,1.139877741327633,5.145905769340043,9,ablang2+greedy_dual_multi
1,2,XXXX,{'H': 'F99D:V100R:F101S:F102T:L103G:P104T:A106S:M107L'},H,XXXX,0,ARDRSTGTYSLDY,"F99D,V100R,F101S,F102T,L103G,P104T,A106S,M107L",5.9448786,5.6967676162719725,25.53416666666665,-0.1941666666666666,5A12_dual,ablang2,-2.8334475866492426,-8.760403720928359,2.8334475866492426,8.760403720928359,"SB0A,WB2D,GB3R,GB4S,DB5T,FB7T,AB9S,MB10L",greedy_dual_multi,2.8334475866492426,8.760403720928359,1.302307418851935,2.105064546535452,-0.0754732084731247,0.9999999998859396,0.511055424523782,0.4350952892764781,5.278049470600461,8,ablang2+greedy_dual_multi
1,12,XXXX,{'H': 'A97V:R98K:F99K:V100G:F101V:F102R:P104A:Y105S:M107A'},H,XXXX,0,VKKGVRLASAADY,"A97V,R98K,F99K,V100G,F101V,F102R,P104A,Y105S,M107A",9.495092,8.027748298645019,21.632499999999983,-0.0633333333333333,5A12_dual,ablang2,-6.385269935259537,-5.7900098284893335,6.385269935259537,5.7900098284893335,"SB0V,RB1K,WB2K,GB4V,DB5R,GB6L,FB7A,YB8S,MB10A",greedy_dual_multi,6.385269935259537,5.7900098284893335,2.368278810107573,1.5828729538113375,0.1630014108975443,0.004657085240122,0.1659787735834376,0.9996404166848012,5.284429450324815,9,ablang2+greedy_dual_multi
1,6,XXXX,{'H': 'R98K:F99D:F101T:F102S:L103T:P104G:A106G:M107L'},H,XXXX,0,AKDVTSTGYGLDY,"R98K,F99D,F101T,F102S,L103T,P104G,A106G,M107L",5.7709947,5.149692344665527,21.08583333333332,-0.1133333333333332,5A12_dual,ablang2,-5.729452774712654,-4.738511886678104,5.729452774712654,4.738511886678104,"SB0A,RB1K,WB2D,GB3V,GB4T,DB5S,GB6T,FB7G,AB9G,MB10L",greedy_dual_multi,5.729452774712654,4.738511886678104,2.171455246758182,1.3980209089770836,-0.0871533223691478,1.2399986476827962,0.1176297169800919,0.7838906864650602,5.623841884494066,10,ablang2+greedy_dual_multi
1,36,XXXX,{'H': 'F99D:F101V:F102G:L103R:P104Y:Y105G:A106F:M107S'},H,XXXX,0,ARDVVGRYGFSDY,"F99D,F101V,F102G,L103R,P104Y,Y105G,A106F,M107S",6.969695,5.6967676162719725,21.87249999999998,-0.1175,5A12_dual,ablang2,-4.939831738471487,-6.82099950422343,4.939831738471487,6.82099950422343,"SB0A,WB2D,GB3V,GB4V,DB5G,GB6R,FB7Y,YB8G,AB9F,MB10S",greedy_dual_multi,4.939831738471487,6.82099950422343,1.934474521949113,1.764119670694276,-0.0066343322199904,0.9999999998859396,0.1872051886775894,0.7659115422800813,5.645076591267009,10,ablang2+greedy_dual_multi
1,21,XXXX,{'H': 'R98K:F101T:F102N:L103T:P104N:Y105G'},H,XXXX,0,AKFVTNTNGAMDY,"R98K,F101T,F102N,L103T,P104N,Y105G",11.116936,5.679602241516113,18.03583333333332,-0.0991666666666666,5A12_dual,ablang2,-5.643377379951123,-5.510701429434038,5.643377379951123,5.510701429434038,"SB0A,RB1K,WB2F,GB3V,GB4T,DB5N,GB6T,FB7N,YB8G",greedy_dual_multi,5.643377379951123,5.510701429434038,2.145622336409293,1.533770880805072,0.2719437721028183,1.0075303470687604,-0.1521226415080885,0.8450197766939868,5.651764471571843,9,ablang2+greedy_dual_multi
1,8,XXXX,{'H': 'F99R:V100G:F101G:F102G:P104G:Y105A:A106F:M107F'},H,XXXX,0,ARRGGGLGAFFDY,"F99R,V100G,F101G,F102G,P104G,Y105A,A106F,M107F",5.903638,6.845767784118652,30.35916666666665,-0.0774999999999999,5A12_dual,ablang2,-5.230224428271932,-4.744436289628682,5.230224428271932,4.744436289628682,"SB0A,WB2R,DB5G,GB6L,FB7G,YB8A,AB9F,MB10F",greedy_dual_multi,5.230224428271932,4.744436289628682,2.0216270507568006,1.3990624117288153,-0.0782434183956094,0.4959405022014245,0.9377948113124608,0.9385113264558748,5.714692684059767,8,ablang2+greedy_dual_multi
1,39,XXXX,{'H': 'R98K:F99D:F101G:F102R:L103G:P104T:Y105G:M107F:Y109L'},H,XXXX,0,AKDVGRGTGAFDL,"R98K,F99D,F101G,F102R,L103G,P104T,Y105G,M107F,Y109L",6.3183227,5.6967676162719725,24.244166666666647,-0.0816666666666666,5A12_dual,ablang2,-4.406490824622294,-6.6710152636568285,4.406490824622294,6.6710152636568285,"SB0A,RB1K,WB2D,GB3V,DB5R,FB7T,YB8G,MB10F,YB12L",greedy_dual_multi,4.406490824622294,6.6710152636568285,1.7744084769308923,1.737752625682384,-0.0503882545366311,0.9999999998859396,0.3969634433927154,0.9205321822708962,5.779268473626195,9,ablang2+greedy_dual_multi
1,34,XXXX,{'H': 'A97T:R98K:V100D:F101R:F102G:L103R:P104G:Y105D:A106D:M107P'},H,XXXX,0,TKFDRGRGDDPDY,"A97T,R98K,V100D,F101R,F102G,L103R,P104G,Y105D,A106D,M107P",10.507807,5.203291511535644,24.989166666666648,-0.2949999999999999,5A12_dual,ablang2,-5.722854244952394,-7.2775297322899055,5.722854244952394,7.2775297322899055,"SB0T,RB1K,WB2F,GB3D,GB4R,DB5G,GB6R,FB7G,YB8D,AB9D,MB10P",greedy_dual_multi,5.722854244952394,7.2775297322899055,2.1694748988526795,1.8443771232589208,0.2310274129840576,1.216485013929816,0.462853773580812,0.0,5.924218222606286,11,ablang2+greedy_dual_multi
1,14,XXXX,{'H': 'R98K:F99D:V100G:F101S:L103G:P104A:Y105G:M107F'},H,XXXX,0,AKDGSFGAGAFDY,"R98K,F99D,V100G,F101S,L103G,P104A,Y105G,M107F",5.368977,5.149692344665527,23.529166666666647,-0.0841666666666666,5A12_dual,ablang2,-4.9944745961764605,-5.968595757901529,4.9944745961764605,5.968595757901529,"SB0A,RB1K,WB2D,GB4S,DB5F,FB7A,YB8G,MB10F",greedy_dual_multi,4.9944745961764605,5.968595757901529,1.9508739128343988,1.61426814054238,-0.1141576196285103,1.2399986476827962,0.3337264150913879,0.909744695759909,5.934454192282362,8,ablang2+greedy_dual_multi
1,13,XXXX,{'H': 'F99E:F101T:F102G:L103A:P104G:Y105S:M107H'},H,XXXX,0,AREVTGAGSAHDY,"F99E,F101T,F102G,L103A,P104G,Y105S,M107H",7.181714,5.540971946716308,21.08583333333332,-0.1299999999999999,5A12_dual,ablang2,-6.787106211069084,-5.848019971547364,6.787106211069084,5.848019971547364,"SB0A,WB2E,GB3V,GB4T,DB5G,GB6A,FB7G,YB8S,MB10H",greedy_dual_multi,6.787106211069084,5.848019971547364,2.488877739879296,1.5930710656088116,0.0076073892281766,1.0683466277935951,0.1176297169800919,0.7119741097251464,5.987506649215117,9,ablang2+greedy_dual_multi
1,29,XXXX,{'H': 'A97V:F99G:V100N:F101T:F102G:P104A:Y105G:M107F'},H,XXXX,0,VRGNTGLAGAFDY,"A97V,F99G,V100N,F101T,F102G,P104A,Y105G,M107F",7.5585694,5.679602241516113,20.778333333333315,-0.06,5A12_dual,ablang2,-6.411801844366964,-6.36083641715037,6.411801844366964,6.36083641715037,"SB0V,WB2G,GB3N,GB4T,DB5G,GB6L,FB7A,YB8G,MB10F",greedy_dual_multi,6.411801844366964,6.36083641715037,2.376241555224873,1.6832235659846686,0.0329214867054666,1.0075303470687604,0.0904333726407094,1.0140237320327838,6.204374059657262,9,ablang2+greedy_dual_multi
1,24,XXXX,{'H': 'F99R:V100I:F101A:F102G:Y105G:A106R:M107F'},H,XXXX,0,ARRIAGLPGRFDY,"F99R,V100I,F101A,F102G,Y105G,A106R,M107F",6.5385284,8.04515476226807,31.322499999999984,-0.1074999999999999,5A12_dual,ablang2,-4.099234205367896,-12.38585205054531,4.099234205367896,12.38585205054531,"SB0A,WB2R,GB3I,GB4A,DB5G,GB6L,FB7P,YB8G,AB9R,MB10F",greedy_dual_multi,4.099234205367896,12.38585205054531,1.6821947528894114,2.742413903602417,-0.0355966168027553,0.0141113184343558,1.0229952830098206,0.8090614883240299,6.235180129457279,10,ablang2+greedy_dual_multi
1,1,XXXX,{'H': 'F99A:V100G:F101T:F102R:L103T:P104G:Y105G:M107I'},H,XXXX,0,ARAGTRTGGAIDY,"F99A,V100G,F101T,F102R,L103T,P104G,Y105G,M107I",6.881899,6.845767784118652,22.821666666666648,-0.1116666666666666,5A12_dual,ablang2,-7.247225752832159,-8.765397196366022,7.247225752832159,8.765397196366022,"SB0A,WB2A,GB4T,DB5R,GB6T,FB7G,YB8G,MB10I",greedy_dual_multi,7.247225752832159,8.765397196366022,2.626968618289641,2.105942393375448,-0.0125317573387923,0.4959405022014245,0.2711527122617526,0.7910823441390514,6.278554812928525,8,ablang2+greedy_dual_multi
1,7,XXXX,{'H': 'F99R:V100D:F101T:F102R:L103G:Y105G:A106W:M107E'},H,XXXX,0,ARRDTRGPGWEDY,"F99R,V100D,F101T,F102R,L103G,Y105G,A106W,M107E",7.5657454,5.734622383117675,29.362499999999983,-0.2866666666666665,5A12_dual,ablang2,-4.680117443568733,-12.79629683815546,4.680117443568733,12.79629683815546,"SB0A,WB2R,GB3D,GB4T,DB5R,FB7P,YB8G,AB9W,MB10E",greedy_dual_multi,4.680117443568733,12.79629683815546,1.8565291797855927,2.814569592419655,0.0334035123404901,0.9833933402046195,0.84964622640758,0.035958288369957,6.573500139527895,9,ablang2+greedy_dual_multi
1,16,XXXX,{'H': 'F99D:V100R:F101S:F102T:L103T:Y105S:A106H:M107G:D108E:Y109H'},H,XXXX,0,ARDRSTTPSHGEH,"F99D,V100R,F101S,F102T,L103T,Y105S,A106H,M107G,D108E,Y109H",9.183452,6.314323234558106,27.05749999999998,-0.2708333333333333,5A12_dual,ablang2,-7.446866711075829,-11.645850249026903,7.446866711075829,11.645850249026903,"SB0A,WB2D,GB3R,GB4S,DB5T,GB6T,FB7P,YB8S,AB9H,MB10G,DB11E,YB12H",greedy_dual_multi,7.446866711075829,11.645850249026903,2.6868847765664987,2.612322497093257,0.1420679564802197,0.7290820457755135,0.6457841981074959,0.1042790362728745,6.920420510295858,12,ablang2+greedy_dual_multi
2,45,XXXX,{'H': 'F99Y:F102Y:L103R:P104K:A106C:M107H'},H,XXXX,1,ARYVFYRKYCHDY,"F99Y,F102Y,L103R,P104K,A106C,M107H",13.477598,7.953222846984862,27.311749999999986,-0.1699999999999999,5A12_dual,ablang2,1.5302674123776736,1.6962706697705785,-1.5302674123776736,-1.6962706697705785,"SB0A,WB2Y,GB3V,GB4F,DB5Y,GB6R,FB7K,AB9C,MB10H",greedy_dual_multi,-1.5302674123776736,-1.6962706697705785,-0.0073288444526834,0.2667940502973446,0.4305139504230293,0.0101065934538995,0.6682709315978637,0.5393743255493533,1.907731006868807,9,ablang2+greedy_dual_multi
2,68,XXXX,{'H': 'R98K:V100R:F101G:L103P:P104R:M107H:Y109P'},H,XXXX,1,AKFRGFPRYAHDP,"R98K,V100R,F101G,L103P,P104R,M107H,Y109P",12.125527,8.043285179138184,25.446666666666648,-0.185,5A12_dual,ablang2,1.497686392380941,-1.2143949483096306,-1.497686392380941,1.2143949483096306,"SB0A,RB1K,WB2F,GB3R,DB5F,GB6P,FB7R,MB10H,YB12P",greedy_dual_multi,-1.497686392380941,1.2143949483096306,0.0024493572155485,0.7784854858545976,0.3396927572273977,0.0130958637579372,0.503316627354039,0.4746494064834304,2.1116894978929506,9,ablang2+greedy_dual_multi
2,33,XXXX,{'H': 'R98K:V100G:F101N:F102R:L103Y:P104K:A106F:M107H'},H,XXXX,0,AKFGNRYKYFHDY,"R98K,V100G,F101N,F102R,L103Y,P104K,A106F,M107H",13.289036,8.018335914611818,22.579999999999984,-0.2191666666666666,5A12_dual,ablang2,-0.4255250298102897,-1.2669177961162634,0.4255250298102897,1.2669177961162634,"SB0A,RB1K,WB2F,GB4N,DB5R,GB6Y,FB7K,AB9F,MB10H",greedy_dual_multi,0.4255250298102897,1.2669177961162634,0.5796427397038507,0.7877189378962159,0.4178478804967053,-0.0004552038204614,0.2497788915072249,0.3272204241666075,2.361753669950143,9,ablang2+greedy_dual_multi
2,75,XXXX,{'H': 'F99Y:V100G:P104R:A106Y:M107H:Y109H'},H,XXXX,1,ARYGFFLRYYHDH,"F99Y,V100G,P104R,A106Y,M107H,Y109H",13.064163,7.08227481842041,26.237499999999976,-0.1575,5A12_dual,ablang2,-1.2634649826575313,2.76009,1.2634649826575313,-2.76009,"SB0A,WB2Y,GB4F,DB5F,GB6L,FB7R,AB9Y,MB10H,YB12H",greedy_dual_multi,1.2634649826575313,-2.76009,0.8311249169233123,0.0797759205344061,0.4027427313015217,0.3921862815798433,0.5732606132024766,0.5933117581042882,2.872402221645848,9,ablang2+greedy_dual_multi
2,0,XXXX,{'H': 'F99G:V100R:F102G:L103Q:P104G:A106R:M107S'},H,XXXX,0,ARGRFGQGYRSDY,"F99G,V100R,F102G,L103Q,P104G,A106R,M107S",8.324217,8.036193656921387,24.75333333333332,-0.2283333333333333,5A12_dual,ablang2,-1.2023993962197306,-3.974305815075976,1.2023993962197306,3.974305815075976,"SB0A,WB2G,GB3R,GB4F,DB5G,GB6Q,FB7G,AB9R,MB10S",greedy_dual_multi,1.2023993962197306,3.974305815075976,0.812797939461049,1.2636744215583129,0.0843514993300786,0.0092441391232501,0.4419958726376007,0.2876663069596547,2.899730179069946,9,ablang2+greedy_dual_multi
2,61,XXXX,{'H': 'V100G:F101I:L103G:P104R:A106C:M107F:D108K'},H,XXXX,1,ARFGIFGRYCFKY,"V100G,F101I,L103G,P104R,A106C,M107F,D108K",13.327565,8.50784435272217,21.327499999999983,-0.05,5A12_dual,ablang2,-0.109390833982351,0.1026479733805039,0.109390833982351,-0.1026479733805039,"SB0A,WB2F,GB4I,DB5F,FB7R,AB9C,MB10F,DB11K",greedy_dual_multi,0.109390833982351,-0.1026479733805039,0.4847646812102881,0.546950960176364,0.4204359470646848,0.2654188430084385,0.1390035377346196,1.0571736780767322,2.9137476472711272,8,ablang2+greedy_dual_multi
2,67,XXXX,{'H': 'V100G:F101D:F102G:P104R:A106G:M107Y:D108R'},H,XXXX,1,ARFGDGLRYGYRY,"V100G,F101D,F102G,P104R,A106G,M107Y,D108R",13.619465,8.027554893493651,21.439999999999976,-0.1716666666666666,5A12_dual,ablang2,-1.0898429993016094,-2.7050655894240068,1.0898429993016094,2.7050655894240068,"SB0A,WB2F,GB4D,DB5G,GB6L,FB7R,AB9G,MB10Y,DB11R",greedy_dual_multi,1.0898429993016094,2.7050655894240068,0.7790175621669886,1.0405435510465595,0.4400434279542275,0.0045520382046301,0.1489534198100027,0.5321826678753617,2.9452926670577706,9,ablang2+greedy_dual_multi
2,53,XXXX,{'H': 'V100R:F101S:L103R:P104G:M107H'},H,XXXX,1,ARFRSFRGYAHDY,"V100R,F101S,L103R,P104G,M107H",10.78542,8.043220710754394,27.42833333333332,-0.1808333333333333,5A12_dual,ablang2,-1.305862383707398,-0.8246107927533348,1.305862383707398,0.8246107927533348,"SB0A,WB2F,GB3R,GB4S,DB5F,GB6R,FB7G,MB10H",greedy_dual_multi,1.305862383707398,0.8246107927533348,0.8438492066391065,0.7099619107399735,0.2496752087777836,0.0130608480794392,0.6785819575411688,0.492628550668409,2.9877576824458805,8,ablang2+greedy_dual_multi
2,74,XXXX,{'H': 'R98K:V100K:F101L:L103G:P104T:A106R:Y109T'},H,XXXX,1,AKFKLFGTYRMDT,"R98K,V100K,F101L,L103G,P104T,A106R,Y109T",18.20511,8.027748298645019,18.19833333333332,-0.1058333333333333,5A12_dual,ablang2,-2.0177817889504643,-0.1992089183628511,2.0177817889504643,0.1992089183628511,"SB0A,RB1K,WB2F,GB3K,GB4L,DB5F,FB7T,AB9R,YB12T",greedy_dual_multi,2.0177817889504643,0.1992089183628511,1.0575101514681078,0.60001703046268,0.7480699668501746,0.004657085240122,-0.137750589621423,0.8162531459980211,3.0887567903976825,9,ablang2+greedy_dual_multi
2,3,XXXX,{'H': 'F99D:V100K:F101G:F102Q:A106R:M107V'},H,XXXX,0,ARDKGQLPYRVDY,"F99D,V100K,F101G,F102Q,A106R,M107V",9.298015,6.8461088180542,21.44416666666665,-0.2091666666666666,5A12_dual,ablang2,-0.691080445614114,-4.97043,0.691080445614114,4.97043,"SB0A,WB2D,GB3K,DB5Q,GB6L,FB7P,AB9R,MB10V",greedy_dual_multi,0.691080445614114,4.97043,0.6593411165527461,1.438791828041185,0.1497633721470531,0.4957908926547458,0.1493219339609435,0.3703703702105557,3.263379513567229,8,ablang2+greedy_dual_multi
2,63,XXXX,{'H': 'R98K:F99V:F101R:F102A:L103S:P104Y:M107F'},H,XXXX,1,AKVVRASYYAFDY,"R98K,F99V,F101R,F102A,L103S,P104Y,M107F",6.8991694,6.842300605773925,27.23833333333332,-0.0574999999999999,5A12_dual,ablang2,0.924350334017828,-2.110526347387631,-0.924350334017828,2.110526347387631,"SB0A,RB1K,WB2V,GB3V,GB4R,DB5A,GB6S,FB7Y,MB10F",greedy_dual_multi,-0.924350334017828,2.110526347387631,0.1745187277541615,0.9360242835762655,-0.0113716715629966,0.4974615325926568,0.6617777122582984,1.0248112185437714,3.2832218031621574,9,ablang2+greedy_dual_multi
2,57,XXXX,{'H': 'F99Y:V100K:F101D:L103K:P104V:Y105R:M107R'},H,XXXX,1,ARYKDFKVRARDY,"F99Y,V100K,F101D,L103K,P104V,Y105R,M107R",15.016715,8.602677345275882,20.69916666666665,-0.2266666666666667,5A12_dual,ablang2,-1.319770212176718,-3.914481397306836,1.319770212176718,3.914481397306836,"SB0A,WB2Y,GB3K,GB4D,DB5F,GB6K,FB7V,YB8R,MB10R",greedy_dual_multi,1.319770212176718,3.914481397306836,0.8480232181204482,1.253157362498173,0.5338993809275523,0.3169269060777546,0.0834316037728468,0.2948579646336458,3.330296436030421,9,ablang2+greedy_dual_multi
2,49,XXXX,{'H': 'F99Y:V100R:L103R:Y105R:A106C:M107N'},H,XXXX,1,ARYRFFRPRCNDY,"F99Y,V100R,L103R,Y105R,A106C,M107N",12.5319,8.520544624328615,22.85499999999998,-0.2183333333333333,5A12_dual,ablang2,-2.10212644301024,-2.519719473470866,2.10212644301024,2.519719473470866,"SB0A,WB2Y,GB3R,GB4F,DB5F,GB6R,FB7P,YB8R,AB9C,MB10N",greedy_dual_multi,2.10212644301024,2.519719473470866,1.0828236326641063,1.007959931836608,0.3669896083117627,0.2723169316723777,0.2741008254692735,0.330816253003603,3.335007182957732,10,ablang2+greedy_dual_multi
2,64,XXXX,{'H': 'F99Y:F101Y:L103R:Y105R:A106C:M107S'},H,XXXX,1,ARYVYFRPRCSDY,"F99Y,F101Y,L103R,Y105R,A106C,M107S",10.598457,7.958573722839356,23.63583333333332,-0.1575,5A12_dual,ablang2,-2.108666102178686,-2.8713339021059747,2.108666102178686,2.8713339021059747,"SB0A,WB2Y,GB3V,GB4Y,DB5F,GB6R,FB7P,YB8R,AB9C,MB10S",greedy_dual_multi,2.108666102178686,2.8713339021059747,1.084786312352986,1.0697733159070224,0.2371165467375247,0.0077591962377242,0.3431603773554556,0.5933117581042882,3.335907506695001,10,ablang2+greedy_dual_multi
2,46,XXXX,{'H': 'V100T:F101G:L103T:P104G:A106R:M107T'},H,XXXX,1,ARFTGFTGYRTDY,"V100T,F101G,L103T,P104G,A106R,M107T",9.878161,6.844631004333496,20.38416666666665,-0.1458333333333333,5A12_dual,ablang2,-0.5476899547807017,-4.40626,0.5476899547807017,4.40626,"SB0A,WB2F,GB3T,DB5F,GB6T,FB7G,AB9R,MB10T",greedy_dual_multi,0.5476899547807017,4.40626,0.6163068242925135,1.3396114359669002,0.1887328877624852,0.4964392006903531,0.0555719339617727,0.643653361822228,3.340315644496253,8,ablang2+greedy_dual_multi
2,54,XXXX,{'H': 'R98K:F101Y:F102G:L103P:A106Y:M107R:D108G'},H,XXXX,1,AKFVYGPPYYRGY,"R98K,F101Y,F102G,L103P,A106Y,M107R,D108G",12.286121,8.01117992401123,22.389166666666643,-0.1308333333333333,5A12_dual,ablang2,-1.4656640039392783,-3.72184,1.4656640039392783,3.72184,"SB0A,RB1K,WB2F,GB3V,GB4Y,DB5G,GB6P,FB7P,AB9Y,MB10R,DB11G",greedy_dual_multi,1.4656640039392783,3.72184,0.8918087999757867,1.2192912417993942,0.3504801631402967,-0.0043419441336464,0.232900943394166,0.7083782808881504,3.3985174850641475,11,ablang2+greedy_dual_multi
2,42,XXXX,{'H': 'F101Y:F102R:L103G:P104S:A106R'},H,XXXX,1,ARFVYRGSYRMDY,"F101Y,F102R,L103G,P104S,A106R",10.720692,8.027554893493651,19.76166666666665,-0.1525,5A12_dual,ablang2,-2.3656320445454595,-5.137018011084797,2.3656320445454595,5.137018011084797,"SB0A,WB2F,GB3V,GB4Y,DB5R,FB7S,AB9R",greedy_dual_multi,2.3656320445454595,5.137018011084797,1.1619068201388556,1.4680777954876385,0.2453273053073542,0.0045520382046301,0.000515919811316,0.6148867311262624,3.4952666100760568,7,ablang2+greedy_dual_multi
2,19,XXXX,{'H': 'F99D:F101R:F102A:L103R:A106G:M107L'},H,XXXX,0,ARDVRARPYGLDY,"F99D,F101R,F102A,L103R,A106G,M107L",7.4925117,6.847245597839356,24.81333333333332,-0.1699999999999999,5A12_dual,ablang2,-2.474958180996404,-1.7183702111032888,2.474958180996404,1.7183702111032888,"SB0A,WB2D,GB3V,GB4R,DB5A,GB6R,FB7P,AB9G,MB10L",greedy_dual_multi,2.474958180996404,1.7183702111032888,1.1947177330548169,0.8670837171671731,0.0284842647446679,0.4952921941658172,0.4473024764111385,0.5393743255493533,3.572254711092967,9,ablang2+greedy_dual_multi
2,70,XXXX,{'H': 'F99Y:V100P:F101S:F102Y:P104S:A106R:M107R:Y109H'},H,XXXX,1,ARYPSYLSYRRDH,"F99Y,V100P,F101S,F102Y,P104S,A106R,M107R,Y109H",11.243284,8.03458194732666,29.909166666666643,-0.2383333333333334,5A12_dual,ablang2,-1.7519741524776329,-3.5425852857386,1.7519741524776329,3.5425852857386,"SB0A,WB2Y,GB3P,GB4S,DB5Y,GB6L,FB7S,AB9R,MB10R,YB12H",greedy_dual_multi,1.7519741524776329,3.5425852857386,0.9777360782608204,1.1877784835144634,0.280430808743558,0.0083687471608212,0.8979952830109255,0.244516360915706,3.5968257616062944,10,ablang2+greedy_dual_multi
2,38,XXXX,{'H': 'F99R:V100G:F101G:F102N:L103G:A106P'},H,XXXX,0,ARRGGNGPYPMDY,"F99R,V100G,F101G,F102N,L103G,A106P",7.9338083,6.844631004333496,27.44999999999998,-0.2183333333333333,5A12_dual,ablang2,-0.7109430558337047,-4.700326915296804,0.7109430558337047,4.700326915296804,"SB0A,WB2R,DB5N,FB7P,AB9P",greedy_dual_multi,0.7109430558337047,4.700326915296804,0.6653022745645002,1.391308037975537,0.058127000788245,0.4964392006903531,0.680498231126057,0.330816253003603,3.622490998148295,5,ablang2+greedy_dual_multi
2,17,XXXX,{'H': 'F99D:V100Y:F101R:L103K:A106F:M107G'},H,XXXX,0,ARDYRFKPYFGDY,"F99D,V100Y,F101R,L103K,A106F,M107G",10.338411,6.844972038269043,20.62583333333332,-0.2108333333333333,5A12_dual,ablang2,-2.607314407197408,-3.807943766871064,2.607314407197408,3.807943766871064,"SB0A,WB2D,GB3Y,GB4R,DB5F,GB6K,FB7P,AB9F,MB10G",greedy_dual_multi,2.607314407197408,3.807943766871064,1.2344404265729858,1.2344281781082105,0.2196487599084668,0.4962895911436743,0.0769457547163007,0.3631787125365642,3.624931422986202,9,ablang2+greedy_dual_multi
2,15,XXXX,{'H': 'F99D:V100R:F102T:L103T:A106N:M107F'},H,XXXX,0,ARDRFTTPYNFDY,"F99D,V100R,F102T,L103T,A106N,M107F",7.398482,5.6967676162719725,23.06333333333332,-0.205,5A12_dual,ablang2,-0.1703555841895339,-4.971578846554986,0.1703555841895339,4.971578846554986,"SB0A,WB2D,GB3R,GB4F,DB5T,GB6T,FB7P,AB9N,MB10F",greedy_dual_multi,0.1703555841895339,4.971578846554986,0.5030613957465121,1.4389937938524773,0.0221681100827993,0.9999999998859396,0.2925265330162809,0.3883495143955339,3.645099346979543,9,ablang2+greedy_dual_multi
2,40,XXXX,{'H': 'F99P:V100R:F102G:L103H:P104G:Y105R:A106Y:M107H'},H,XXXX,1,ARPRFGHGRYHDY,"F99P,V100R,F102G,L103H,P104G,Y105R,A106Y,M107H",9.49495,8.049925422668458,24.42833333333332,-0.2558333333333333,5A12_dual,ablang2,-3.323526598326282,-4.974421324237183,3.323526598326282,4.974421324237183,"SB0A,WB2P,GB3R,GB4F,DB5G,GB6H,FB7G,YB8R,AB9Y,MB10H",greedy_dual_multi,3.323526598326282,4.974421324237183,1.4493897204504265,1.4394934979327771,0.1629918724861489,0.0167024786431445,0.4132517688642697,0.1690039553387969,3.650833293715564,10,ablang2+greedy_dual_multi
2,32,XXXX,{'H': 'F99R:F101G:A106R:M107F'},H,XXXX,0,ARRVGFLPYRFDY,"F99R,F101G,A106R,M107F",7.5822735,8.036193656921387,29.20583333333332,-0.1091666666666666,5A12_dual,ablang2,-0.1091668625904498,-5.296337639641692,0.1091668625904498,5.296337639641692,"SB0A,WB2R,GB3V,DB5F,GB6L,FB7P,AB9R,MB10F",greedy_dual_multi,0.1091668625904498,5.296337639641692,0.4846974630127564,1.496085990225753,0.0345137364065759,0.0092441391232501,0.8357900943322313,0.8018698306500384,3.6622012537506055,8,ablang2+greedy_dual_multi
2,65,XXXX,{'H': 'F99H:V100P:F101R:F102A:L103T:P104T:Y105W:M107F'},H,XXXX,1,ARHPRATTWAFDY,"F99H,V100P,F101R,F102A,L103T,P104T,Y105W,M107F",8.077914,6.992923927307129,23.17583333333332,-0.1633333333333332,5A12_dual,ablang2,-2.3233586360662777,-3.656312220463175,2.3233586360662777,3.656312220463175,"SB0A,WB2H,GB3P,GB4R,DB5A,GB6T,FB7T,YB8W,MB10F",greedy_dual_multi,2.3233586360662777,3.656312220463175,1.1492197430198936,1.207771538755596,0.0678068560771253,0.4313839828096257,0.3024764150916647,0.568140956245319,3.726799491999224,9,ablang2+greedy_dual_multi
2,5,XXXX,{'H': 'F101G:L103K:Y105R:A106Y:M107G'},H,XXXX,0,ARFVGFKPRYGDY,"F101G,L103K,Y105R,A106Y,M107G",11.77703,8.027683830261232,19.36333333333332,-0.1391666666666666,5A12_dual,ablang2,-2.8110326631005904,-5.296385641396626,2.8110326631005904,5.296385641396626,"SB0A,WB2F,GB3V,DB5F,GB6K,FB7P,YB8R,AB9Y,MB10G",greedy_dual_multi,2.8110326631005904,5.296385641396626,1.2955802616647534,1.4960944288752287,0.3162835476776788,0.004622069561626,-0.0347140330185607,0.6724199925181936,3.75028626727892,9,ablang2+greedy_dual_multi
2,27,XXXX,{'H': 'A97G:F99R:V100H:F101D:F102R:L103S:P104V:A106R:M107F'},H,XXXX,0,GRRHDRSVYRFDY,"A97G,F99R,V100H,F101D,F102R,L103S,P104V,A106R,M107F",8.054599,8.043220710754394,32.318333333333314,-0.2658333333333334,5A12_dual,ablang2,-0.25211,-7.784609870696352,0.25211,7.784609870696352,"SB0G,WB2R,GB3H,GB4D,DB5R,GB6S,FB7V,AB9R,MB10F",greedy_dual_multi,0.25211,7.784609870696352,0.5275974957563768,1.9335211878852463,0.0662407429666776,0.0130608480794392,1.1110701650845132,0.1258540092948482,3.7773444490671015,9,ablang2+greedy_dual_multi
2,47,XXXX,{'H': 'F99S:V100N:F101G:F102T:L103K:P104N:A106R:M107G:Y109P'},H,XXXX,1,ARSNGTKNYRGDP,"F99S,V100N,F101G,F102T,L103K,P104N,A106R,M107G,Y109P",10.753907,8.036322593688965,24.124999999999982,-0.2808333333333333,5A12_dual,ablang2,-0.6696820192136608,-10.634836283424526,0.6696820192136608,10.634836283424526,"SB0A,WB2S,GB3N,DB5T,GB6K,FB7N,AB9R,MB10G,YB12P",greedy_dual_multi,0.6696820192136608,10.634836283424526,0.6529190300512359,2.4345874854814715,0.24755842033903,0.009314170480244,0.3864239386758276,0.0611290902289262,3.7919321352567352,9,ablang2+greedy_dual_multi
2,41,XXXX,{'H': 'F99Y:V100S:F101V:F102Y:L103S:A106R:M107F'},H,XXXX,1,ARYSVYSPYRFDY,"F99Y,V100S,F101V,F102Y,L103S,A106R,M107F",7.6892447,6.842300605773925,25.939999999999976,-0.1583333333333333,5A12_dual,ablang2,-1.9715369302002208,-3.0852362962220794,1.9715369302002208,3.0852362962220794,"SB0A,WB2Y,GB3S,GB4V,DB5Y,GB6S,FB7P,AB9R,MB10F",greedy_dual_multi,1.9715369302002208,3.0852362962220794,1.0436311644068024,1.1073770936939722,0.0416991963576943,0.4974615325926568,0.5469487028253509,0.5897159292672927,3.8268336191437697,9,ablang2+greedy_dual_multi
2,18,XXXX,{'H': 'F99R:F101S:F102G:L103G:A106R:M107S'},H,XXXX,0,ARRVSGGPYRSDY,"F99R,F101S,F102G,L103G,A106R,M107S",6.663857,8.036193656921387,31.969999999999985,-0.2041666666666667,5A12_dual,ablang2,-0.3928483839106889,-7.0691319452245125,0.3928483839106889,7.0691319452245125,"SB0A,WB2R,GB3V,GB4S,DB5G,FB7P,AB9R,MB10S",greedy_dual_multi,0.3928483839106889,7.0691319452245125,0.5698358388308963,1.8077410486208527,-0.0271780552083286,0.0092441391232501,1.080262382065918,0.3919453432325295,3.831850696665118,8,ablang2+greedy_dual_multi
2,50,XXXX,{'H': 'F101R:F102Y:L103R:P104S:A106R:M107F'},H,XXXX,1,ARFVRYRSYRFDY,"F101R,F102Y,L103R,P104S,A106R,M107F",9.036729,8.619116783142093,25.159166666666643,-0.1791666666666666,5A12_dual,ablang2,-0.6398447583013116,-6.769163458385105,0.6398447583013116,6.769163458385105,"SB0A,WB2F,GB3V,GB4R,DB5Y,GB6R,FB7S,AB9R,MB10F",greedy_dual_multi,0.6398447583013116,6.769163458385105,0.6439642841759421,1.755006957593924,0.1322122921480635,0.3258559040945292,0.4778891509391691,0.4998202083424005,3.834748797294028,9,ablang2+greedy_dual_multi
2,55,XXXX,{'H': 'V100R:F101Y:P104G:A106T:M107S'},H,XXXX,1,ARFRYFLGYTSDY,"V100R,F101Y,P104G,A106T,M107S",10.828313,6.843437385559082,21.87249999999998,-0.1166666666666666,5A12_dual,ablang2,-2.2464132453927306,-2.548051143644985,2.2464132453927306,2.548051143644985,"SB0A,WB2F,GB3R,GB4Y,DB5F,GB6L,FB7G,AB9T,MB10S",greedy_dual_multi,2.2464132453927306,2.548051143644985,1.1261269255598418,1.0129406046054337,0.2525564135663932,0.4969628341037279,0.1872051886775894,0.7695073711170773,3.8452993376300633,9,ablang2+greedy_dual_multi
2,60,XXXX,{'H': 'V100D:L103T:P104R:A106W:M107H'},H,XXXX,1,ARFDFFTRYWHDY,"V100D,L103T,P104R,A106W,M107H",12.734458,6.0853189468383775,24.79666666666665,-0.1674999999999999,5A12_dual,ablang2,-1.443319557934398,-1.597731191900035,1.443319557934398,1.597731191900035,"SB0A,WB2F,GB3D,GB4F,DB5F,GB6T,FB7R,AB9W,MB10H",greedy_dual_multi,1.443319557934398,1.597731191900035,0.8851027944786429,0.8458755259765107,0.3805958163077338,0.8295448563701675,0.4458284198073777,0.5501618120603403,3.937109225000773,9,ablang2+greedy_dual_multi
2,76,XXXX,{'H': 'F101Y:L103G:Y105W:M107H:D108G'},H,XXXX,1,ARFVYFGPWAHGY,"F101Y,L103G,Y105W,M107H,D108G",13.895454,6.990252494812012,19.51583333333332,-0.0591666666666666,5A12_dual,ablang2,-3.198305920568579,-0.45319,3.198305920568579,0.45319,"SB0A,WB2F,GB3V,GB4Y,DB5F,FB7P,YB8W,MB10H,DB11G",greedy_dual_multi,3.198305920568579,0.45319,1.411808544653281,0.644666592219284,0.4585821365641076,0.4325559242586079,-0.0212264150941517,1.0176195608697798,3.944006343470909,9,ablang2+greedy_dual_multi
2,56,XXXX,{'H': 'F99G:F101K:F102G:L103G:Y105R:M107V'},H,XXXX,1,ARGVKGGPRAVDY,"F99G,F101K,F102G,L103G,Y105R,M107V",8.683411,8.036322593688965,21.40833333333332,-0.1283333333333333,5A12_dual,ablang2,-2.504411708053362,-7.000246766350879,2.504411708053362,7.000246766350879,"SB0A,WB2G,GB3V,GB4K,DB5G,FB7P,YB8R,MB10V",greedy_dual_multi,2.504411708053362,7.000246766350879,1.2035573128909465,1.795631118903225,0.1084792468142799,0.009314170480244,0.1461527122628587,0.7191657673991374,3.982300328750692,8,ablang2+greedy_dual_multi
2,26,XXXX,{'H': 'F99Q:F101R:F102G:L103A:P104G:A106Y:M107F:D108V'},H,XXXX,0,ARQVRGAGYYFVY,"F99Q,F101R,F102G,L103A,P104G,A106Y,M107F,D108V",8.802986,8.027554893493651,23.169999999999977,-0.0774999999999999,5A12_dual,ablang2,-2.257550051687425,-5.861984431090488,2.257550051687425,5.861984431090488,"SB0A,WB2Q,GB3V,GB4R,DB5G,GB6A,FB7G,AB9Y,MB10F,DB11V",greedy_dual_multi,2.257550051687425,5.861984431090488,1.1294692990613615,1.5955260004202916,0.116511328100224,0.0045520382046301,0.3019604952803477,0.9385113264558748,4.0865304875227295,10,ablang2+greedy_dual_multi
2,43,XXXX,{'H': 'A97V:F99Y:V100R:L103G:P104G:A106G:M107G'},H,XXXX,1,VRYRFFGGYGGDY,"A97V,F99Y,V100R,L103G,P104G,A106G,M107G",10.099623,6.843437385559082,21.89166666666664,-0.1258333333333333,5A12_dual,ablang2,-3.97471324586179,-2.334004363726074,3.97471324586179,2.334004363726074,"SB0V,WB2Y,GB3R,GB4F,DB5F,FB7G,AB9G,MB10G",greedy_dual_multi,3.97471324586179,2.334004363726074,1.6448235762321255,0.9753114439719444,0.2036089135684457,0.4969628341037279,0.1889003537719134,0.7299532539101246,4.239560375558281,8,ablang2+greedy_dual_multi
2,71,XXXX,{'H': 'R98K:F99Y:V100R:F101T:F102H:L103S:A106Y:M107V'},H,XXXX,1,AKYRTHSPYYVDY,"R98K,F99Y,V100R,F101T,F102H,L103S,A106Y,M107V",9.071183,6.988035774230957,25.94416666666665,-0.2025000000000001,5A12_dual,ablang2,-3.986388546080212,-3.32603,3.986388546080212,3.32603,"SB0A,RB1K,WB2Y,GB3R,GB4T,DB5H,GB6S,FB7P,AB9Y,MB10V",greedy_dual_multi,3.986388546080212,3.32603,1.6483275622977656,1.1497083306433196,0.1345266331777597,0.4335283863120187,0.5473172169762917,0.3991370009065205,4.312545130313676,10,ablang2+greedy_dual_multi
2,44,XXXX,{'H': 'F99Y:V100L:F101R:F102T:L103K:Y105N:A106Y:M107F'},H,XXXX,1,ARYLRTKPNYFDY,"F99Y,V100L,F101R,F102T,L103K,Y105N,A106Y,M107F",8.893695,8.01930294036865,25.29249999999998,-0.205,5A12_dual,ablang2,-3.685452440017867,-6.790195711267966,3.685452440017867,6.790195711267966,"SB0A,WB2Y,GB3L,GB4R,DB5T,GB6K,FB7P,YB8N,AB9Y,MB10F",greedy_dual_multi,3.685452440017867,6.790195711267966,1.5580107479492535,1.758704401781186,0.1226044249964539,7.003135699392457e-05,0.4896816037692538,0.3883495143955339,4.317420724248676,10,ablang2+greedy_dual_multi
2,72,XXXX,{'H': 'V100R:F101G:L103I:P104T:A106Y:M107F'},H,XXXX,1,ARFRGFITYYFDY,"V100R,F101G,L103I,P104T,A106Y,M107F",8.95896,6.843437385559082,25.26499999999998,-0.0808333333333333,5A12_dual,ablang2,-1.4327470647944027,-4.77265,1.4327470647944027,4.77265,"SB0A,WB2F,GB3R,DB5F,GB6I,FB7T,AB9Y,MB10F",greedy_dual_multi,1.4327470647944027,4.77265,0.8819297823977063,1.4040223473093985,0.1269883997832165,0.4969628341037279,0.4872494103730489,0.9241280111078916,4.32128078507499,8,ablang2+greedy_dual_multi
3,86,XXXX,{'H': 'F99Y:V100R:F101Y:F102Y:P104W:A106R'},H,XXXX,2,ARYRYYLWYRMDY,"F99Y,V100R,F101Y,F102Y,P104W,A106R",11.70647,8.011050987243653,22.84249999999998,-0.1983333333333333,5A12_dual,ablang2,-0.7007165465378282,5.52689,0.7007165465378282,-5.52689,"SB0A,WB2Y,GB3R,GB4Y,DB5Y,GB6L,FB7W,AB9R",greedy_dual_multi,0.7007165465378282,-5.52689,0.6622330990056271,-0.406624116318193,0.311543897620926,-0.0044119754906404,0.2729952830164532,0.4171161450914995,1.2528523329256724,8,ablang2+greedy_dual_multi
3,111,XXXX,{'H': 'F99Y:V100R:L103R:M107F'},H,XXXX,2,ARYRFFRPYAFDY,"F99Y,V100R,L103R,M107F",9.84041,8.027554893493651,26.48499999999997,-0.145,5A12_dual,ablang2,0.7612258409766732,2.14841,-0.7612258409766732,-2.14841,"SB0A,WB2Y,GB3R,GB4F,DB5F,GB6R,FB7P,MB10F",greedy_dual_multi,-0.7612258409766732,-2.14841,0.2234755802451049,0.1873085121716759,0.1861970809414467,0.0045520382046301,0.5951503537683206,0.6472491906592236,1.843932755990402,8,ablang2+greedy_dual_multi
3,45,XXXX,{'H': 'F99Y:F102Y:L103R:P104K:A106C:M107H'},H,XXXX,1,ARYVFYRKYCHDY,"F99Y,F102Y,L103R,P104K,A106C,M107H",13.477598,7.953222846984862,27.311749999999986,-0.1699999999999999,5A12_dual,ablang2,1.5302674123776736,1.6962706697705785,-1.5302674123776736,-1.6962706697705785,"SB0A,WB2Y,GB3V,GB4F,DB5Y,GB6R,FB7K,AB9C,MB10H",greedy_dual_multi,-1.5302674123776736,-1.6962706697705785,-0.0073288444526834,0.2667940502973446,0.4305139504230293,0.0101065934538995,0.6682709315978637,0.5393743255493533,1.907731006868807,9,ablang2+greedy_dual_multi
3,98,XXXX,{'H': 'R98K:F99Y:V100R:F101R:P104R:M107H'},H,XXXX,2,AKYRRFLRYAHDY,"R98K,F99Y,V100R,F101R,P104R,M107H",11.310105,8.603708839416509,29.52249999999998,-0.2058333333333333,5A12_dual,ablang2,1.967117091175836,1.5781858894858454,-1.967117091175836,-1.5781858894858454,"SB0A,RB1K,WB2Y,GB3R,GB4R,DB5F,GB6L,FB7R,MB10H",greedy_dual_multi,-1.967117091175836,-1.5781858894858454,-0.1384359816270008,0.2875532094278294,0.2849193030242026,0.3174871569337099,0.863797169803681,0.3847536855585383,2.0000745431209603,9,ablang2+greedy_dual_multi
3,68,XXXX,{'H': 'R98K:V100R:F101G:L103P:P104R:M107H:Y109P'},H,XXXX,1,AKFRGFPRYAHDP,"R98K,V100R,F101G,L103P,P104R,M107H,Y109P",12.125527,8.043285179138184,25.446666666666648,-0.185,5A12_dual,ablang2,1.497686392380941,-1.2143949483096306,-1.497686392380941,1.2143949483096306,"SB0A,RB1K,WB2F,GB3R,DB5F,GB6P,FB7R,MB10H,YB12P",greedy_dual_multi,-1.497686392380941,1.2143949483096306,0.0024493572155485,0.7784854858545976,0.3396927572273977,0.0130958637579372,0.503316627354039,0.4746494064834304,2.1116894978929506,9,ablang2+greedy_dual_multi
3,33,XXXX,{'H': 'R98K:V100G:F101N:F102R:L103Y:P104K:A106F:M107H'},H,XXXX,0,AKFGNRYKYFHDY,"R98K,V100G,F101N,F102R,L103Y,P104K,A106F,M107H",13.289036,8.018335914611818,22.579999999999984,-0.2191666666666666,5A12_dual,ablang2,-0.4255250298102897,-1.2669177961162634,0.4255250298102897,1.2669177961162634,"SB0A,RB1K,WB2F,GB4N,DB5R,GB6Y,FB7K,AB9F,MB10H",greedy_dual_multi,0.4255250298102897,1.2669177961162634,0.5796427397038507,0.7877189378962159,0.4178478804967053,-0.0004552038204614,0.2497788915072249,0.3272204241666075,2.361753669950143,9,ablang2+greedy_dual_multi
3,105,XXXX,{'H': 'F99D:V100R:F101A:L103R:P104W:M107F'},H,XXXX,2,ARDRAFRWYAFDY,"F99D,V100R,F101A,L103R,P104W,M107F",7.351794,6.847245597839356,31.06249999999998,-0.1658333333333333,5A12_dual,ablang2,1.3410001737887,1.4404077197628,-1.3410001737887,-1.4404077197628,"SB0A,WB2D,GB3R,GB4A,DB5F,GB6R,FB7W,MB10F",greedy_dual_multi,-1.3410001737887,-1.4404077197628,0.049473957555908,0.3117744421988186,0.0190319878910523,0.4952921941658172,0.9999999999911556,0.5573534697343314,2.432926051537083,8,ablang2+greedy_dual_multi
3,103,XXXX,{'H': 'R98K:F99D:V100K:F101Y:L103Y:P104V:A106R:M107G:Y109P'},H,XXXX,2,AKDKYFYVYRGDP,"R98K,F99D,V100K,F101Y,L103Y,P104V,A106R,M107G,Y109P",9.651124,6.843778419494629,23.804249999999985,-0.1941666666666666,5A12_dual,ablang2,0.054719723929602,-0.23768,-0.054719723929602,0.23768,"SB0A,RB1K,WB2D,GB3K,GB4Y,DB5F,GB6Y,FB7V,AB9R,MB10G,YB12P",greedy_dual_multi,-0.054719723929602,0.23768,0.4355118913556405,0.6067801992952911,0.1734823785513885,0.4968132245570495,0.3580557193364562,0.4350952892764781,2.5057387023723043,11,ablang2+greedy_dual_multi
3,101,XXXX,{'H': 'F99Y:V100R:L103S:P104H:A106R:M107Q'},H,XXXX,2,ARYRFFSHYRQDY,"F99Y,V100R,L103S,P104H,A106R,M107Q",13.811158,8.03458194732666,27.34083333333331,-0.2325,5A12_dual,ablang2,0.82087,-2.092334666954356,-0.82087,2.092334666954356,"SB0A,WB2Y,GB3R,GB4F,DB5F,GB6S,FB7H,AB9R,MB10Q",greedy_dual_multi,-0.82087,2.092334666954356,0.2055752009653686,0.9328262085317536,0.4529198131346287,0.0083687471608212,0.6708431603714251,0.2696871627746761,2.540220292938673,9,ablang2+greedy_dual_multi
3,118,XXXX,{'H': 'R98K:F99Y:V100R:F101G:F102G:L103R'},H,XXXX,2,AKYRGGRPYAMDY,"R98K,F99Y,V100R,F101G,F102G,L103R",9.31121,8.01930294036865,26.405833333333312,-0.2008333333333334,5A12_dual,ablang2,0.7456699817501155,-3.591835534157456,-0.7456699817501155,3.591835534157456,"SB0A,RB1K,WB2Y,GB3R,DB5G,GB6R,FB7P",greedy_dual_multi,-0.7456699817501155,3.591835534157456,0.228144198006463,1.196436616608988,0.1506497055158011,7.003135699392457e-05,0.5881485849004584,0.4063286585805121,2.569777794969217,7,ablang2+greedy_dual_multi
3,104,XXXX,{'H': 'F99Y:V100I:F101R:F102G:L103W:P104Y:A106F:M107R'},H,XXXX,2,ARYIRGWYYFRDY,"F99Y,V100I,F101R,F102G,L103W,P104Y,A106F,M107R",11.073925,8.019174003601073,24.636666666666645,-0.1775,5A12_dual,ablang2,-0.5519595890061488,-2.0907281553416945,0.5519595890061488,2.0907281553416945,"SB0A,WB2Y,GB3I,GB4R,DB5G,GB6W,FB7Y,AB9F,MB10R",greedy_dual_multi,0.5519595890061488,2.0907281553416945,0.6175882250746312,0.9325437857662474,0.2690546410286829,0.0,0.4316774764112762,0.5070118660163917,2.7578759942972293,9,ablang2+greedy_dual_multi
3,93,XXXX,{'H': 'F99Y:V100G:L103E:P104R:A106R:D108R'},H,XXXX,2,ARYGFFERYRMRY,"F99Y,V100G,L103E,P104R,A106R,D108R",19.594427,8.619181251525884,19.285833333333315,-0.195,5A12_dual,ablang2,-0.6742627542541353,-0.3252144671626578,0.6742627542541353,0.3252144671626578,"SB0A,WB2Y,GB4F,DB5F,GB6E,FB7R,AB9R,DB11R",greedy_dual_multi,0.6742627542541353,0.3252144671626578,0.6542937982757724,0.6221686509556169,0.8413930450516707,0.3258909197730271,-0.0415683962260476,0.4314994604394821,2.833677478269521,8,ablang2+greedy_dual_multi
3,75,XXXX,{'H': 'F99Y:V100G:P104R:A106Y:M107H:Y109H'},H,XXXX,1,ARYGFFLRYYHDH,"F99Y,V100G,P104R,A106Y,M107H,Y109H",13.064163,7.08227481842041,26.237499999999976,-0.1575,5A12_dual,ablang2,-1.2634649826575313,2.76009,1.2634649826575313,-2.76009,"SB0A,WB2Y,GB4F,DB5F,GB6L,FB7R,AB9Y,MB10H,YB12H",greedy_dual_multi,1.2634649826575313,-2.76009,0.8311249169233123,0.0797759205344061,0.4027427313015217,0.3921862815798433,0.5732606132024766,0.5933117581042882,2.872402221645848,9,ablang2+greedy_dual_multi
3,114,XXXX,{'H': 'A97G:F99Y:V100S:F101R:L103S:A106R:M107F'},H,XXXX,2,GRYSRFSPYRFDY,"A97G,F99Y,V100S,F101R,L103S,A106R,M107F",9.486331,8.027554893493651,28.17333333333331,-0.215,5A12_dual,ablang2,-0.7011825516480084,-2.246853373335761,0.7011825516480084,2.246853373335761,"SB0G,WB2Y,GB3S,GB4R,DB5F,GB6S,FB7P,AB9R,MB10F",greedy_dual_multi,0.7011825516480084,2.246853373335761,0.6623729562582922,0.9599904070565228,0.1624129177832131,0.0045520382046301,0.7444722877292644,0.3451995683515856,2.879000175383508,9,ablang2+greedy_dual_multi
3,0,XXXX,{'H': 'F99G:V100R:F102G:L103Q:P104G:A106R:M107S'},H,XXXX,0,ARGRFGQGYRSDY,"F99G,V100R,F102G,L103Q,P104G,A106R,M107S",8.324217,8.036193656921387,24.75333333333332,-0.2283333333333333,5A12_dual,ablang2,-1.2023993962197306,-3.974305815075976,1.2023993962197306,3.974305815075976,"SB0A,WB2G,GB3R,GB4F,DB5G,GB6Q,FB7G,AB9R,MB10S",greedy_dual_multi,1.2023993962197306,3.974305815075976,0.812797939461049,1.2636744215583129,0.0843514993300786,0.0092441391232501,0.4419958726376007,0.2876663069596547,2.899730179069946,9,ablang2+greedy_dual_multi
3,61,XXXX,{'H': 'V100G:F101I:L103G:P104R:A106C:M107F:D108K'},H,XXXX,1,ARFGIFGRYCFKY,"V100G,F101I,L103G,P104R,A106C,M107F,D108K",13.327565,8.50784435272217,21.327499999999983,-0.05,5A12_dual,ablang2,-0.109390833982351,0.1026479733805039,0.109390833982351,-0.1026479733805039,"SB0A,WB2F,GB4I,DB5F,FB7R,AB9C,MB10F,DB11K",greedy_dual_multi,0.109390833982351,-0.1026479733805039,0.4847646812102881,0.546950960176364,0.4204359470646848,0.2654188430084385,0.1390035377346196,1.0571736780767322,2.9137476472711272,8,ablang2+greedy_dual_multi
3,67,XXXX,{'H': 'V100G:F101D:F102G:P104R:A106G:M107Y:D108R'},H,XXXX,1,ARFGDGLRYGYRY,"V100G,F101D,F102G,P104R,A106G,M107Y,D108R",13.619465,8.027554893493651,21.439999999999976,-0.1716666666666666,5A12_dual,ablang2,-1.0898429993016094,-2.7050655894240068,1.0898429993016094,2.7050655894240068,"SB0A,WB2F,GB4D,DB5G,GB6L,FB7R,AB9G,MB10Y,DB11R",greedy_dual_multi,1.0898429993016094,2.7050655894240068,0.7790175621669886,1.0405435510465595,0.4400434279542275,0.0045520382046301,0.1489534198100027,0.5321826678753617,2.9452926670577706,9,ablang2+greedy_dual_multi
3,80,XXXX,{'H': 'F99Y:V100G:L103G:P104R:A106W:M107R'},H,XXXX,2,ARYGFFGRYWRDY,"F99Y,V100G,L103G,P104R,A106W,M107R",11.073571,8.027554893493651,21.08749999999998,-0.1841666666666666,5A12_dual,ablang2,-2.35855798769707,-2.2142176629559263,2.35855798769707,2.2142176629559263,"SB0A,WB2Y,GB4F,DB5F,FB7R,AB9W,MB10R",greedy_dual_multi,2.35855798769707,2.2142176629559263,1.1597837572487737,0.9542530893134756,0.2690308621721056,0.0045520382046301,0.1177771226404675,0.4782452353204264,2.9836421048998787,7,ablang2+greedy_dual_multi
3,53,XXXX,{'H': 'V100R:F101S:L103R:P104G:M107H'},H,XXXX,1,ARFRSFRGYAHDY,"V100R,F101S,L103R,P104G,M107H",10.78542,8.043220710754394,27.42833333333332,-0.1808333333333333,5A12_dual,ablang2,-1.305862383707398,-0.8246107927533348,1.305862383707398,0.8246107927533348,"SB0A,WB2F,GB3R,GB4S,DB5F,GB6R,FB7G,MB10H",greedy_dual_multi,1.305862383707398,0.8246107927533348,0.8438492066391065,0.7099619107399735,0.2496752087777836,0.0130608480794392,0.6785819575411688,0.492628550668409,2.9877576824458805,8,ablang2+greedy_dual_multi
3,91,XXXX,{'H': 'F99Q:V100R:F101V:F102P:L103G:A106R:M107G'},H,XXXX,2,ARQRVPGPYRGDY,"F99Q,V100R,F101V,F102P,L103G,A106R,M107G",8.957828,8.036193656921387,25.009166666666648,-0.2333333333333333,5A12_dual,ablang2,0.2269996529496918,-6.86601882380506,-0.2269996529496918,6.86601882380506,"SB0A,WB2Q,GB3R,GB4V,DB5P,FB7P,AB9R,MB10G",greedy_dual_multi,-0.2269996529496918,6.86601882380506,0.3838073133677178,1.7720340117032338,0.1269123611796983,0.0092441391232501,0.4646226415053246,0.2660913339376806,3.0227118008169054,8,ablang2+greedy_dual_multi
3,115,XXXX,{'H': 'F99Y:V100P:F101Y:F102V:L103R:P104K:A106W'},H,XXXX,2,ARYPYVRKYWMDY,"F99Y,V100P,F101Y,F102V,L103R,P104K,A106W",12.172428,8.01117992401123,25.424999999999983,-0.1925,5A12_dual,ablang2,-0.4799001498155091,-3.609272202348525,0.4799001498155091,3.609272202348525,"SB0A,WB2Y,GB3P,GB4Y,DB5V,GB6R,FB7K,AB9W",greedy_dual_multi,0.4799001498155091,3.609272202348525,0.5959617772661698,1.199501961429981,0.3428431870362379,-0.0043419441336464,0.5014003537691505,0.4422869469504692,3.077652282318362,8,ablang2+greedy_dual_multi
3,74,XXXX,{'H': 'R98K:V100K:F101L:L103G:P104T:A106R:Y109T'},H,XXXX,1,AKFKLFGTYRMDT,"R98K,V100K,F101L,L103G,P104T,A106R,Y109T",18.20511,8.027748298645019,18.19833333333332,-0.1058333333333333,5A12_dual,ablang2,-2.0177817889504643,-0.1992089183628511,2.0177817889504643,0.1992089183628511,"SB0A,RB1K,WB2F,GB3K,GB4L,DB5F,FB7T,AB9R,YB12T",greedy_dual_multi,2.0177817889504643,0.1992089183628511,1.0575101514681078,0.60001703046268,0.7480699668501746,0.004657085240122,-0.137750589621423,0.8162531459980211,3.0887567903976825,9,ablang2+greedy_dual_multi
3,100,XXXX,{'H': 'F101Y:L103K:A106R'},H,XXXX,2,ARFVYFKPYRMDY,"F101Y,L103K,A106R",15.821827,8.01930294036865,19.997499999999985,-0.1274999999999999,5A12_dual,ablang2,-0.9954912573156208,-2.8744514350202195,0.9954912573156208,2.8744514350202195,"SB0A,WB2F,GB3V,GB4Y,DB5F,GB6K,FB7P,AB9R",greedy_dual_multi,0.9954912573156208,2.8744514350202195,0.750700758058937,1.0703213743587998,0.587980292725913,7.003135699392457e-05,0.0213738207545279,0.7227615962361335,3.1532078734913056,8,ablang2+greedy_dual_multi
3,113,XXXX,{'H': 'F99V:V100K:F101Y:F102G:L103Y:P104R:A106L:Y109H'},H,XXXX,2,ARVKYGYRYLMDH,"F99V,V100K,F101Y,F102G,L103Y,P104R,A106L,Y109H",13.150514,8.02632999420166,20.847499999999982,-0.1591666666666666,5A12_dual,ablang2,-1.812884773863411,-2.8322510171257624,1.812884773863411,2.8322510171257624,"SB0A,WB2V,GB3K,GB4Y,DB5G,GB6Y,FB7R,AB9L,YB12H",greedy_dual_multi,1.812884773863411,2.8322510171257624,0.9960165476785118,1.0629025927992153,0.4085430930085887,0.003886740313185,0.0965507075463157,0.586120100430297,3.154019781776114,9,ablang2+greedy_dual_multi
3,85,XXXX,{'H': 'F99D:V100P:F101R:L103A:A106Y:M107R'},H,XXXX,2,ARDPRFAPYYRDY,"F99D,V100P,F101R,L103A,A106Y,M107R",9.140357,6.8461088180542,24.511666666666645,-0.2341666666666667,5A12_dual,ablang2,-1.9489703938357348,-1.61757,1.9489703938357348,1.61757,"SB0A,WB2D,GB3P,GB4R,DB5F,GB6A,FB7P,AB9Y,MB10R",greedy_dual_multi,1.9489703938357348,1.61757,1.036858505246728,0.8493631640388698,0.1391731829655405,0.4957908926547458,0.420622051883072,0.2624955051006846,3.2043033018896407,9,ablang2+greedy_dual_multi
3,82,XXXX,{'H': 'F99Y:F101R:L103R:P104G:A106R:M107F'},H,XXXX,2,ARYVRFRGYRFDY,"F99Y,F101R,L103R,P104G,A106R,M107F",8.419261,8.619116783142093,21.49166666666665,-0.1758333333333333,5A12_dual,ablang2,-0.9193163159314092,-4.801089222641046,0.9193163159314092,4.801089222641046,"SB0A,WB2Y,GB3V,GB4R,DB5F,GB6R,FB7G,AB9R,MB10F",greedy_dual_multi,0.9193163159314092,4.801089222641046,0.7278391675072824,1.4090219276696212,0.0907357864615129,0.3258559040945292,0.153522995281661,0.5142035236903831,3.22117930470499,9,ablang2+greedy_dual_multi
3,92,XXXX,{'H': 'F99Y:V100R:F101E:P104R:A106W:M107G'},H,XXXX,2,ARYREFLRYWGDY,"F99Y,V100R,F101E,P104R,A106W,M107G",10.934922,6.850030708312987,21.126666666666644,-0.2016666666666667,5A12_dual,ablang2,-2.0024628859697806,-2.0232191851406105,2.0024628859697806,2.0232191851406105,"SB0A,WB2Y,GB3R,GB4E,DB5F,GB6L,FB7R,AB9W,MB10G",greedy_dual_multi,2.0024628859697806,2.0232191851406105,1.052912648913055,0.9206757918405252,0.2597175438512622,0.4940703828679429,0.1212411556593045,0.4027328297435165,3.251350352875606,9,ablang2+greedy_dual_multi
3,3,XXXX,{'H': 'F99D:V100K:F101G:F102Q:A106R:M107V'},H,XXXX,0,ARDKGQLPYRVDY,"F99D,V100K,F101G,F102Q,A106R,M107V",9.298015,6.8461088180542,21.44416666666665,-0.2091666666666666,5A12_dual,ablang2,-0.691080445614114,-4.97043,0.691080445614114,4.97043,"SB0A,WB2D,GB3K,DB5Q,GB6L,FB7P,AB9R,MB10V",greedy_dual_multi,0.691080445614114,4.97043,0.6593411165527461,1.438791828041185,0.1497633721470531,0.4957908926547458,0.1493219339609435,0.3703703702105557,3.263379513567229,8,ablang2+greedy_dual_multi
3,110,XXXX,{'H': 'R98K:F99Y:V100P:F101W:F102E:L103W:P104Y:A106R:M107R:D108V'},H,XXXX,2,AKYPWEWYYRRVY,"R98K,F99Y,V100P,F101W,F102E,L103W,P104Y,A106R,M107R,D108V",16.495478,8.011308860778808,27.21583333333331,-0.2158333333333333,5A12_dual,ablang2,1.48237,-6.104020925740818,-1.48237,6.104020925740818,"SB0A,RB1K,WB2Y,GB3P,GB4W,DB5E,GB6W,FB7Y,AB9R,MB10R,DB11V",greedy_dual_multi,-1.48237,6.104020925740818,0.0070461062904894,1.638075718476383,0.6332307179013884,-0.0042719127766525,0.6597877358432209,0.3416037395145901,3.27547210524942,11,ablang2+greedy_dual_multi
3,63,XXXX,{'H': 'R98K:F99V:F101R:F102A:L103S:P104Y:M107F'},H,XXXX,1,AKVVRASYYAFDY,"R98K,F99V,F101R,F102A,L103S,P104Y,M107F",6.8991694,6.842300605773925,27.23833333333332,-0.0574999999999999,5A12_dual,ablang2,0.924350334017828,-2.110526347387631,-0.924350334017828,2.110526347387631,"SB0A,RB1K,WB2V,GB3V,GB4R,DB5A,GB6S,FB7Y,MB10F",greedy_dual_multi,-0.924350334017828,2.110526347387631,0.1745187277541615,0.9360242835762655,-0.0113716715629966,0.4974615325926568,0.6617777122582984,1.0248112185437714,3.2832218031621574,9,ablang2+greedy_dual_multi
3,108,XXXX,{'H': 'A97G:F99Y:F101W:F102G:L103D:P104W:Y105R:A106N:M107R:Y109H'},H,XXXX,2,GRYVWGDWRNRDH,"A97G,F99Y,F101W,F102G,L103D,P104W,Y105R,A106N,M107R,Y109H",15.424529,6.994344902038574,24.07583333333332,-0.2816666666666666,5A12_dual,ablang2,-1.623412531253564,-2.187549652691616,1.623412531253564,2.187549652691616,"SB0G,WB2Y,GB3V,GB4W,DB5G,GB6D,FB7W,YB8R,AB9N,MB10R,YB12H",greedy_dual_multi,1.623412531253564,2.187549652691616,0.9391522199516004,0.9495648859105028,0.561293026736007,0.4307606096984651,0.3820754716947342,0.0575332613919306,3.3203794753832403,11,ablang2+greedy_dual_multi
3,57,XXXX,{'H': 'F99Y:V100K:F101D:L103K:P104V:Y105R:M107R'},H,XXXX,1,ARYKDFKVRARDY,"F99Y,V100K,F101D,L103K,P104V,Y105R,M107R",15.016715,8.602677345275882,20.69916666666665,-0.2266666666666667,5A12_dual,ablang2,-1.319770212176718,-3.914481397306836,1.319770212176718,3.914481397306836,"SB0A,WB2Y,GB3K,GB4D,DB5F,GB6K,FB7V,YB8R,MB10R",greedy_dual_multi,1.319770212176718,3.914481397306836,0.8480232181204482,1.253157362498173,0.5338993809275523,0.3169269060777546,0.0834316037728468,0.2948579646336458,3.330296436030421,9,ablang2+greedy_dual_multi
3,112,XXXX,{'H': 'F99G:F101V:L103A:P104S:A106R:M107F:D108Q'},H,XXXX,2,ARGVVFASYRFQY,"F99G,F101V,L103A,P104S,A106R,M107F,D108Q",8.956483,8.036193656921387,21.17083333333332,-0.0466666666666666,5A12_dual,ablang2,-0.099677420038942,-5.429890749135097,0.099677420038942,5.429890749135097,"SB0A,WB2G,GB3V,GB4V,DB5F,GB6A,FB7S,AB9R,MB10F,DB11Q",greedy_dual_multi,0.099677420038942,5.429890749135097,0.4818494956072838,1.5195644626051703,0.1268220149590871,0.0092441391232501,0.1251474056592705,1.071556993424715,3.3341845113787767,10,ablang2+greedy_dual_multi
3,49,XXXX,{'H': 'F99Y:V100R:L103R:Y105R:A106C:M107N'},H,XXXX,1,ARYRFFRPRCNDY,"F99Y,V100R,L103R,Y105R,A106C,M107N",12.5319,8.520544624328615,22.85499999999998,-0.2183333333333333,5A12_dual,ablang2,-2.10212644301024,-2.519719473470866,2.10212644301024,2.519719473470866,"SB0A,WB2Y,GB3R,GB4F,DB5F,GB6R,FB7P,YB8R,AB9C,MB10N",greedy_dual_multi,2.10212644301024,2.519719473470866,1.0828236326641063,1.007959931836608,0.3669896083117627,0.2723169316723777,0.2741008254692735,0.330816253003603,3.335007182957732,10,ablang2+greedy_dual_multi
3,64,XXXX,{'H': 'F99Y:F101Y:L103R:Y105R:A106C:M107S'},H,XXXX,1,ARYVYFRPRCSDY,"F99Y,F101Y,L103R,Y105R,A106C,M107S",10.598457,7.958573722839356,23.63583333333332,-0.1575,5A12_dual,ablang2,-2.108666102178686,-2.8713339021059747,2.108666102178686,2.8713339021059747,"SB0A,WB2Y,GB3V,GB4Y,DB5F,GB6R,FB7P,YB8R,AB9C,MB10S",greedy_dual_multi,2.108666102178686,2.8713339021059747,1.084786312352986,1.0697733159070224,0.2371165467375247,0.0077591962377242,0.3431603773554556,0.5933117581042882,3.335907506695001,10,ablang2+greedy_dual_multi
3,46,XXXX,{'H': 'V100T:F101G:L103T:P104G:A106R:M107T'},H,XXXX,1,ARFTGFTGYRTDY,"V100T,F101G,L103T,P104G,A106R,M107T",9.878161,6.844631004333496,20.38416666666665,-0.1458333333333333,5A12_dual,ablang2,-0.5476899547807017,-4.40626,0.5476899547807017,4.40626,"SB0A,WB2F,GB3T,DB5F,GB6T,FB7G,AB9R,MB10T",greedy_dual_multi,0.5476899547807017,4.40626,0.6163068242925135,1.3396114359669002,0.1887328877624852,0.4964392006903531,0.0555719339617727,0.643653361822228,3.340315644496253,8,ablang2+greedy_dual_multi
3,54,XXXX,{'H': 'R98K:F101Y:F102G:L103P:A106Y:M107R:D108G'},H,XXXX,1,AKFVYGPPYYRGY,"R98K,F101Y,F102G,L103P,A106Y,M107R,D108G",12.286121,8.01117992401123,22.389166666666643,-0.1308333333333333,5A12_dual,ablang2,-1.4656640039392783,-3.72184,1.4656640039392783,3.72184,"SB0A,RB1K,WB2F,GB3V,GB4Y,DB5G,GB6P,FB7P,AB9Y,MB10R,DB11G",greedy_dual_multi,1.4656640039392783,3.72184,0.8918087999757867,1.2192912417993942,0.3504801631402967,-0.0043419441336464,0.232900943394166,0.7083782808881504,3.3985174850641475,11,ablang2+greedy_dual_multi
3,42,XXXX,{'H': 'F101Y:F102R:L103G:P104S:A106R'},H,XXXX,1,ARFVYRGSYRMDY,"F101Y,F102R,L103G,P104S,A106R",10.720692,8.027554893493651,19.76166666666665,-0.1525,5A12_dual,ablang2,-2.3656320445454595,-5.137018011084797,2.3656320445454595,5.137018011084797,"SB0A,WB2F,GB3V,GB4Y,DB5R,FB7S,AB9R",greedy_dual_multi,2.3656320445454595,5.137018011084797,1.1619068201388556,1.4680777954876385,0.2453273053073542,0.0045520382046301,0.000515919811316,0.6148867311262624,3.4952666100760568,7,ablang2+greedy_dual_multi
3,81,XXXX,{'H': 'F99E:V100G:F101Y:F102R:L103R:P104N:A106Y:M107R'},H,XXXX,2,AREGYRRNYYRDY,"F99E,V100G,F101Y,F102R,L103R,P104N,A106Y,M107R",8.918156,8.01930294036865,27.21999999999997,-0.3266666666666665,5A12_dual,ablang2,-4.034315089565166,-3.612122938333472,4.034315089565166,3.612122938333472,"SB0A,WB2E,GB4Y,DB5R,GB6R,FB7N,AB9Y,MB10R",greedy_dual_multi,4.034315089565166,3.612122938333472,1.6627112558562902,1.2000031173097463,0.1242475171171771,7.003135699392457e-05,0.6601562499941604,-0.1366414958058359,3.510546675828532,8,ablang2+greedy_dual_multi
3,84,XXXX,{'H': 'F99Y:F102R:L103Y:P104R:A106R:Y109F'},H,XXXX,2,ARYVFRYRYRMDF,"F99Y,F102R,L103Y,P104R,A106R,Y109F",14.35054,8.619116783142093,19.44833333333332,-0.1566666666666666,5A12_dual,ablang2,-1.208909608736315,-4.40793433696256,1.208909608736315,4.40793433696256,"SB0A,WB2Y,GB3V,GB4F,DB5R,GB6Y,FB7R,AB9R,YB12F",greedy_dual_multi,1.208909608736315,4.40793433696256,0.8147517816334731,1.3399057823454938,0.4891511329604708,0.3258559040945292,-0.0271963443393818,0.5969075869412842,3.5393758436358693,9,ablang2+greedy_dual_multi
4,86,XXXX,{'H': 'F99Y:V100R:F101Y:F102Y:P104W:A106R'},H,XXXX,2,ARYRYYLWYRMDY,"F99Y,V100R,F101Y,F102Y,P104W,A106R",11.70647,8.011050987243653,22.84249999999998,-0.1983333333333333,5A12_dual,ablang2,-0.7007165465378282,5.52689,0.7007165465378282,-5.52689,"SB0A,WB2Y,GB3R,GB4Y,DB5Y,GB6L,FB7W,AB9R",greedy_dual_multi,0.7007165465378282,-5.52689,0.6622330990056271,-0.406624116318193,0.311543897620926,-0.0044119754906404,0.2729952830164532,0.4171161450914995,1.2528523329256724,8,ablang2+greedy_dual_multi
4,147,XXXX,{'H': 'V100G:F101Y:F102R:L103T:P104W:M107R:Y109P'},H,XXXX,3,ARFGYRTWYARDP,"V100G,F101Y,F102R,L103T,P104W,M107R,Y109P",11.61794,8.036193656921387,23.14416666666665,-0.1975,5A12_dual,ablang2,0.6353059170345317,1.6020271059490387,-0.6353059170345317,-1.6020271059490387,"SB0A,WB2F,GB4Y,DB5R,GB6T,FB7W,MB10R,YB12P",greedy_dual_multi,-0.6353059170345317,-1.6020271059490387,0.2612666135055176,0.2833619528981532,0.3055971683192776,0.0092441391232501,0.2996757075445194,0.4207119739284951,1.5798575553192131,8,ablang2+greedy_dual_multi
4,139,XXXX,{'H': 'F99Y:F102W:L103G:P104Q:A106G:M107F:D108R'},H,XXXX,3,ARYVFWGQYGFRY,"F99Y,F102W,L103G,P104Q,A106G,M107F,D108R",13.097153,8.027554893493651,20.459166666666647,-0.1116666666666666,5A12_dual,ablang2,1.0821048572469223,1.1363990399506854,-1.0821048572469223,-1.1363990399506854,"SB0A,WB2Y,GB3V,GB4F,DB5W,FB7Q,AB9G,MB10F,DB11R",greedy_dual_multi,-1.0821048572469223,-1.1363990399506854,0.1271735082869819,0.3652187941809361,0.4049587326531695,0.0045520382046301,0.0622051886786948,0.7910823441390514,1.755190606143464,9,ablang2+greedy_dual_multi
4,111,XXXX,{'H': 'F99Y:V100R:L103R:M107F'},H,XXXX,2,ARYRFFRPYAFDY,"F99Y,V100R,L103R,M107F",9.84041,8.027554893493651,26.48499999999997,-0.145,5A12_dual,ablang2,0.7612258409766732,2.14841,-0.7612258409766732,-2.14841,"SB0A,WB2Y,GB3R,GB4F,DB5F,GB6R,FB7P,MB10F",greedy_dual_multi,-0.7612258409766732,-2.14841,0.2234755802451049,0.1873085121716759,0.1861970809414467,0.0045520382046301,0.5951503537683206,0.6472491906592236,1.843932755990402,8,ablang2+greedy_dual_multi
4,45,XXXX,{'H': 'F99Y:F102Y:L103R:P104K:A106C:M107H'},H,XXXX,1,ARYVFYRKYCHDY,"F99Y,F102Y,L103R,P104K,A106C,M107H",13.477598,7.953222846984862,27.311749999999986,-0.1699999999999999,5A12_dual,ablang2,1.5302674123776736,1.6962706697705785,-1.5302674123776736,-1.6962706697705785,"SB0A,WB2Y,GB3V,GB4F,DB5Y,GB6R,FB7K,AB9C,MB10H",greedy_dual_multi,-1.5302674123776736,-1.6962706697705785,-0.0073288444526834,0.2667940502973446,0.4305139504230293,0.0101065934538995,0.6682709315978637,0.5393743255493533,1.907731006868807,9,ablang2+greedy_dual_multi
4,98,XXXX,{'H': 'R98K:F99Y:V100R:F101R:P104R:M107H'},H,XXXX,2,AKYRRFLRYAHDY,"R98K,F99Y,V100R,F101R,P104R,M107H",11.310105,8.603708839416509,29.52249999999998,-0.2058333333333333,5A12_dual,ablang2,1.967117091175836,1.5781858894858454,-1.967117091175836,-1.5781858894858454,"SB0A,RB1K,WB2Y,GB3R,GB4R,DB5F,GB6L,FB7R,MB10H",greedy_dual_multi,-1.967117091175836,-1.5781858894858454,-0.1384359816270008,0.2875532094278294,0.2849193030242026,0.3174871569337099,0.863797169803681,0.3847536855585383,2.0000745431209603,9,ablang2+greedy_dual_multi
4,124,XXXX,{'H': 'F99Y:V100G:F101R:P104W:M107R'},H,XXXX,3,ARYGRFLWYARDY,"F99Y,V100G,F101R,P104W,M107R",11.391009,8.027554893493651,26.52666666666665,-0.1575,5A12_dual,ablang2,0.4606217160883368,1.6965727209819592,-0.4606217160883368,-1.6965727209819592,"SB0A,WB2Y,GB4R,DB5F,GB6L,FB7W,MB10R",greedy_dual_multi,-0.4606217160883368,-1.6965727209819592,0.3136927605468672,0.2667409500659051,0.2903537793307718,0.0045520382046301,0.5988354952777227,0.5933117581042882,2.067486781530185,7,ablang2+greedy_dual_multi
4,68,XXXX,{'H': 'R98K:V100R:F101G:L103P:P104R:M107H:Y109P'},H,XXXX,1,AKFRGFPRYAHDP,"R98K,V100R,F101G,L103P,P104R,M107H,Y109P",12.125527,8.043285179138184,25.446666666666648,-0.185,5A12_dual,ablang2,1.497686392380941,-1.2143949483096306,-1.497686392380941,1.2143949483096306,"SB0A,RB1K,WB2F,GB3R,DB5F,GB6P,FB7R,MB10H,YB12P",greedy_dual_multi,-1.497686392380941,1.2143949483096306,0.0024493572155485,0.7784854858545976,0.3396927572273977,0.0130958637579372,0.503316627354039,0.4746494064834304,2.1116894978929506,9,ablang2+greedy_dual_multi
4,138,XXXX,{'H': 'V100D:F101Y:F102Y:L103W:P104Y:Y105H:A106R:M107G:D108K'},H,XXXX,3,ARFDYYWYHRGKY,"V100D,F101Y,F102Y,L103W,P104Y,Y105H,A106R,M107G,D108K",16.331774,8.018271446228027,24.721666666666643,-0.2366666666666667,5A12_dual,ablang2,-0.7577443508905146,2.16259,0.7577443508905146,-2.16259,"SB0A,WB2F,GB3D,GB4Y,DB5Y,GB6W,FB7Y,YB8H,AB9R,MB10G,DB11K",greedy_dual_multi,0.7577443508905146,-2.16259,0.6793482590501244,0.1848156856129909,0.6222344073445482,-0.0004902194989594,0.4391951650904547,0.2517080185896976,2.1768113161888563,11,ablang2+greedy_dual_multi
4,33,XXXX,{'H': 'R98K:V100G:F101N:F102R:L103Y:P104K:A106F:M107H'},H,XXXX,0,AKFGNRYKYFHDY,"R98K,V100G,F101N,F102R,L103Y,P104K,A106F,M107H",13.289036,8.018335914611818,22.579999999999984,-0.2191666666666666,5A12_dual,ablang2,-0.4255250298102897,-1.2669177961162634,0.4255250298102897,1.2669177961162634,"SB0A,RB1K,WB2F,GB4N,DB5R,GB6Y,FB7K,AB9F,MB10H",greedy_dual_multi,0.4255250298102897,1.2669177961162634,0.5796427397038507,0.7877189378962159,0.4178478804967053,-0.0004552038204614,0.2497788915072249,0.3272204241666075,2.361753669950143,9,ablang2+greedy_dual_multi
4,105,XXXX,{'H': 'F99D:V100R:F101A:L103R:P104W:M107F'},H,XXXX,2,ARDRAFRWYAFDY,"F99D,V100R,F101A,L103R,P104W,M107F",7.351794,6.847245597839356,31.06249999999998,-0.1658333333333333,5A12_dual,ablang2,1.3410001737887,1.4404077197628,-1.3410001737887,-1.4404077197628,"SB0A,WB2D,GB3R,GB4A,DB5F,GB6R,FB7W,MB10F",greedy_dual_multi,-1.3410001737887,-1.4404077197628,0.049473957555908,0.3117744421988186,0.0190319878910523,0.4952921941658172,0.9999999999911556,0.5573534697343314,2.432926051537083,8,ablang2+greedy_dual_multi
4,122,XXXX,{'H': 'R98K:F99D:V100N:F102S:L103W:A106R:M107K:D108G'},H,XXXX,3,AKDNFSWPYRKGY,"R98K,F99D,V100N,F102S,L103W,A106R,M107K,D108G",12.916198,8.01936740875244,19.83916666666665,-0.2325,5A12_dual,ablang2,-0.0991699530639227,-4.10191699900312,0.0991699530639227,4.10191699900312,"SB0A,RB1K,WB2D,GB3N,GB4F,DB5S,GB6W,FB7P,AB9R,MB10K,DB11G",greedy_dual_multi,0.0991699530639227,4.10191699900312,0.481697194837627,1.2861083107317144,0.3928036394556115,0.0001050470354918,0.0073702830188026,0.2696871627746761,2.437771637853924,11,ablang2+greedy_dual_multi
4,141,XXXX,{'H': 'R98K:F99R:V100G:F101Y:F102S:L103W:P104T:M107K:Y109S'},H,XXXX,3,AKRGYSWTYAKDS,"R98K,F99R,V100G,F101Y,F102S,L103W,P104T,M107K,Y109S",9.403126,8.01936740875244,28.407499999999988,-0.2108333333333333,5A12_dual,ablang2,1.504562413725676,-3.395860195072806,-1.504562413725676,3.395860195072806,"SB0A,RB1K,WB2R,GB4Y,DB5S,GB6W,FB7T,MB10K,YB12S",greedy_dual_multi,-1.504562413725676,3.395860195072806,0.0003857286554043,1.161984393046398,0.1568238789088918,0.0001050470354918,0.7651827830121011,0.3631787125365642,2.447660543194852,9,ablang2+greedy_dual_multi
4,103,XXXX,{'H': 'R98K:F99D:V100K:F101Y:L103Y:P104V:A106R:M107G:Y109P'},H,XXXX,2,AKDKYFYVYRGDP,"R98K,F99D,V100K,F101Y,L103Y,P104V,A106R,M107G,Y109P",9.651124,6.843778419494629,23.804249999999985,-0.1941666666666666,5A12_dual,ablang2,0.054719723929602,-0.23768,-0.054719723929602,0.23768,"SB0A,RB1K,WB2D,GB3K,GB4Y,DB5F,GB6Y,FB7V,AB9R,MB10G,YB12P",greedy_dual_multi,-0.054719723929602,0.23768,0.4355118913556405,0.6067801992952911,0.1734823785513885,0.4968132245570495,0.3580557193364562,0.4350952892764781,2.5057387023723043,11,ablang2+greedy_dual_multi
4,101,XXXX,{'H': 'F99Y:V100R:L103S:P104H:A106R:M107Q'},H,XXXX,2,ARYRFFSHYRQDY,"F99Y,V100R,L103S,P104H,A106R,M107Q",13.811158,8.03458194732666,27.34083333333331,-0.2325,5A12_dual,ablang2,0.82087,-2.092334666954356,-0.82087,2.092334666954356,"SB0A,WB2Y,GB3R,GB4F,DB5F,GB6S,FB7H,AB9R,MB10Q",greedy_dual_multi,-0.82087,2.092334666954356,0.2055752009653686,0.9328262085317536,0.4529198131346287,0.0083687471608212,0.6708431603714251,0.2696871627746761,2.540220292938673,9,ablang2+greedy_dual_multi
4,118,XXXX,{'H': 'R98K:F99Y:V100R:F101G:F102G:L103R'},H,XXXX,2,AKYRGGRPYAMDY,"R98K,F99Y,V100R,F101G,F102G,L103R",9.31121,8.01930294036865,26.405833333333312,-0.2008333333333334,5A12_dual,ablang2,0.7456699817501155,-3.591835534157456,-0.7456699817501155,3.591835534157456,"SB0A,RB1K,WB2Y,GB3R,DB5G,GB6R,FB7P",greedy_dual_multi,-0.7456699817501155,3.591835534157456,0.228144198006463,1.196436616608988,0.1506497055158011,7.003135699392457e-05,0.5881485849004584,0.4063286585805121,2.569777794969217,7,ablang2+greedy_dual_multi
4,150,XXXX,{'H': 'F99Y:V100N:L103W:A106W:D108R'},H,XXXX,3,ARYNFFWPYWMRY,"F99Y,V100N,L103W,A106W,D108R",20.255531,8.027554893493651,21.88749999999998,-0.145,5A12_dual,ablang2,0.0826221624808809,0.5611471055407797,-0.0826221624808809,-0.5611471055407797,"SB0A,WB2Y,GB3N,GB4F,DB5F,GB6W,FB7P,AB9W,DB11R",greedy_dual_multi,-0.0826221624808809,-0.5611471055407797,0.4271378235328033,0.4663473766937693,0.8858006642568789,0.0045520382046301,0.1885318396209739,0.6472491906592236,2.619618932968279,9,ablang2+greedy_dual_multi
4,123,XXXX,{'H': 'F99Y:V100Y:F101W:F102G:L103W:P104W:M107R'},H,XXXX,3,ARYYWGWWYARDY,"F99Y,V100Y,F101W,F102G,L103W,P104W,M107R",11.571937,6.842300605773925,25.58916666666665,-0.2008333333333332,5A12_dual,ablang2,-0.0580577417217753,0.0479505050067952,0.0580577417217753,-0.0479505050067952,"SB0A,WB2Y,GB3Y,GB4W,DB5G,GB6W,FB7W,MB10R",greedy_dual_multi,0.0580577417217753,-0.0479505050067952,0.4693586157025721,0.556566707838904,0.3025070588867265,0.4974615325926568,0.5159198113161919,0.4063286585805129,2.748142384917565,8,ablang2+greedy_dual_multi
4,104,XXXX,{'H': 'F99Y:V100I:F101R:F102G:L103W:P104Y:A106F:M107R'},H,XXXX,2,ARYIRGWYYFRDY,"F99Y,V100I,F101R,F102G,L103W,P104Y,A106F,M107R",11.073925,8.019174003601073,24.636666666666645,-0.1775,5A12_dual,ablang2,-0.5519595890061488,-2.0907281553416945,0.5519595890061488,2.0907281553416945,"SB0A,WB2Y,GB3I,GB4R,DB5G,GB6W,FB7Y,AB9F,MB10R",greedy_dual_multi,0.5519595890061488,2.0907281553416945,0.6175882250746312,0.9325437857662474,0.2690546410286829,0.0,0.4316774764112762,0.5070118660163917,2.7578759942972293,9,ablang2+greedy_dual_multi
4,93,XXXX,{'H': 'F99Y:V100G:L103E:P104R:A106R:D108R'},H,XXXX,2,ARYGFFERYRMRY,"F99Y,V100G,L103E,P104R,A106R,D108R",19.594427,8.619181251525884,19.285833333333315,-0.195,5A12_dual,ablang2,-0.6742627542541353,-0.3252144671626578,0.6742627542541353,0.3252144671626578,"SB0A,WB2Y,GB4F,DB5F,GB6E,FB7R,AB9R,DB11R",greedy_dual_multi,0.6742627542541353,0.3252144671626578,0.6542937982757724,0.6221686509556169,0.8413930450516707,0.3258909197730271,-0.0415683962260476,0.4314994604394821,2.833677478269521,8,ablang2+greedy_dual_multi
4,75,XXXX,{'H': 'F99Y:V100G:P104R:A106Y:M107H:Y109H'},H,XXXX,1,ARYGFFLRYYHDH,"F99Y,V100G,P104R,A106Y,M107H,Y109H",13.064163,7.08227481842041,26.237499999999976,-0.1575,5A12_dual,ablang2,-1.2634649826575313,2.76009,1.2634649826575313,-2.76009,"SB0A,WB2Y,GB4F,DB5F,GB6L,FB7R,AB9Y,MB10H,YB12H",greedy_dual_multi,1.2634649826575313,-2.76009,0.8311249169233123,0.0797759205344061,0.4027427313015217,0.3921862815798433,0.5732606132024766,0.5933117581042882,2.872402221645848,9,ablang2+greedy_dual_multi
4,136,XXXX,{'H': 'R98K:F99Y:V100G:F102V:L103W:D108R'},H,XXXX,3,AKYGFVWPYAMRY,"R98K,F99Y,V100G,F102V,L103W,D108R",15.823921,8.01930294036865,23.924999999999983,-0.08,5A12_dual,ablang2,1.951646054314528,-3.17532645587789,-1.951646054314528,3.17532645587789,"SB0A,RB1K,WB2Y,GB4F,DB5V,GB6W,FB7P,DB11R",greedy_dual_multi,-1.951646054314528,3.17532645587789,-0.133792820717315,1.1232148329511078,0.5881209507080394,7.003135699392457e-05,0.3687352594307011,0.9277238399448872,2.8740720936744144,8,ablang2+greedy_dual_multi
4,114,XXXX,{'H': 'A97G:F99Y:V100S:F101R:L103S:A106R:M107F'},H,XXXX,2,GRYSRFSPYRFDY,"A97G,F99Y,V100S,F101R,L103S,A106R,M107F",9.486331,8.027554893493651,28.17333333333331,-0.215,5A12_dual,ablang2,-0.7011825516480084,-2.246853373335761,0.7011825516480084,2.246853373335761,"SB0G,WB2Y,GB3S,GB4R,DB5F,GB6S,FB7P,AB9R,MB10F",greedy_dual_multi,0.7011825516480084,2.246853373335761,0.6623729562582922,0.9599904070565228,0.1624129177832131,0.0045520382046301,0.7444722877292644,0.3451995683515856,2.879000175383508,9,ablang2+greedy_dual_multi
4,133,XXXX,{'H': 'V100R:F101Y:A106R:M107R'},H,XXXX,3,ARFRYFLPYRRDY,"V100R,F101Y,A106R,M107R",13.493063,8.619116783142093,28.25666666666665,-0.1891666666666666,5A12_dual,ablang2,-0.2263262096675413,0.880157028242444,0.2263262096675413,-0.880157028242444,"SB0A,WB2F,GB3R,GB4Y,DB5F,GB6L,FB7P,AB9R,MB10R",greedy_dual_multi,0.2263262096675413,-0.880157028242444,0.5198592757231343,0.4102658246631078,0.431552764030281,0.3258559040945292,0.7518425707480677,0.4566702622984523,2.8960466015575723,9,ablang2+greedy_dual_multi
4,0,XXXX,{'H': 'F99G:V100R:F102G:L103Q:P104G:A106R:M107S'},H,XXXX,0,ARGRFGQGYRSDY,"F99G,V100R,F102G,L103Q,P104G,A106R,M107S",8.324217,8.036193656921387,24.75333333333332,-0.2283333333333333,5A12_dual,ablang2,-1.2023993962197306,-3.974305815075976,1.2023993962197306,3.974305815075976,"SB0A,WB2G,GB3R,GB4F,DB5G,GB6Q,FB7G,AB9R,MB10S",greedy_dual_multi,1.2023993962197306,3.974305815075976,0.812797939461049,1.2636744215583129,0.0843514993300786,0.0092441391232501,0.4419958726376007,0.2876663069596547,2.899730179069946,9,ablang2+greedy_dual_multi
4,61,XXXX,{'H': 'V100G:F101I:L103G:P104R:A106C:M107F:D108K'},H,XXXX,1,ARFGIFGRYCFKY,"V100G,F101I,L103G,P104R,A106C,M107F,D108K",13.327565,8.50784435272217,21.327499999999983,-0.05,5A12_dual,ablang2,-0.109390833982351,0.1026479733805039,0.109390833982351,-0.1026479733805039,"SB0A,WB2F,GB4I,DB5F,FB7R,AB9C,MB10F,DB11K",greedy_dual_multi,0.109390833982351,-0.1026479733805039,0.4847646812102881,0.546950960176364,0.4204359470646848,0.2654188430084385,0.1390035377346196,1.0571736780767322,2.9137476472711272,8,ablang2+greedy_dual_multi
4,67,XXXX,{'H': 'V100G:F101D:F102G:P104R:A106G:M107Y:D108R'},H,XXXX,1,ARFGDGLRYGYRY,"V100G,F101D,F102G,P104R,A106G,M107Y,D108R",13.619465,8.027554893493651,21.439999999999976,-0.1716666666666666,5A12_dual,ablang2,-1.0898429993016094,-2.7050655894240068,1.0898429993016094,2.7050655894240068,"SB0A,WB2F,GB4D,DB5G,GB6L,FB7R,AB9G,MB10Y,DB11R",greedy_dual_multi,1.0898429993016094,2.7050655894240068,0.7790175621669886,1.0405435510465595,0.4400434279542275,0.0045520382046301,0.1489534198100027,0.5321826678753617,2.9452926670577706,9,ablang2+greedy_dual_multi
4,80,XXXX,{'H': 'F99Y:V100G:L103G:P104R:A106W:M107R'},H,XXXX,2,ARYGFFGRYWRDY,"F99Y,V100G,L103G,P104R,A106W,M107R",11.073571,8.027554893493651,21.08749999999998,-0.1841666666666666,5A12_dual,ablang2,-2.35855798769707,-2.2142176629559263,2.35855798769707,2.2142176629559263,"SB0A,WB2Y,GB4F,DB5F,FB7R,AB9W,MB10R",greedy_dual_multi,2.35855798769707,2.2142176629559263,1.1597837572487737,0.9542530893134756,0.2690308621721056,0.0045520382046301,0.1177771226404675,0.4782452353204264,2.9836421048998787,7,ablang2+greedy_dual_multi
4,53,XXXX,{'H': 'V100R:F101S:L103R:P104G:M107H'},H,XXXX,1,ARFRSFRGYAHDY,"V100R,F101S,L103R,P104G,M107H",10.78542,8.043220710754394,27.42833333333332,-0.1808333333333333,5A12_dual,ablang2,-1.305862383707398,-0.8246107927533348,1.305862383707398,0.8246107927533348,"SB0A,WB2F,GB3R,GB4S,DB5F,GB6R,FB7G,MB10H",greedy_dual_multi,1.305862383707398,0.8246107927533348,0.8438492066391065,0.7099619107399735,0.2496752087777836,0.0130608480794392,0.6785819575411688,0.492628550668409,2.9877576824458805,8,ablang2+greedy_dual_multi
4,91,XXXX,{'H': 'F99Q:V100R:F101V:F102P:L103G:A106R:M107G'},H,XXXX,2,ARQRVPGPYRGDY,"F99Q,V100R,F101V,F102P,L103G,A106R,M107G",8.957828,8.036193656921387,25.009166666666648,-0.2333333333333333,5A12_dual,ablang2,0.2269996529496918,-6.86601882380506,-0.2269996529496918,6.86601882380506,"SB0A,WB2Q,GB3R,GB4V,DB5P,FB7P,AB9R,MB10G",greedy_dual_multi,-0.2269996529496918,6.86601882380506,0.3838073133677178,1.7720340117032338,0.1269123611796983,0.0092441391232501,0.4646226415053246,0.2660913339376806,3.0227118008169054,8,ablang2+greedy_dual_multi
4,115,XXXX,{'H': 'F99Y:V100P:F101Y:F102V:L103R:P104K:A106W'},H,XXXX,2,ARYPYVRKYWMDY,"F99Y,V100P,F101Y,F102V,L103R,P104K,A106W",12.172428,8.01117992401123,25.424999999999983,-0.1925,5A12_dual,ablang2,-0.4799001498155091,-3.609272202348525,0.4799001498155091,3.609272202348525,"SB0A,WB2Y,GB3P,GB4Y,DB5V,GB6R,FB7K,AB9W",greedy_dual_multi,0.4799001498155091,3.609272202348525,0.5959617772661698,1.199501961429981,0.3428431870362379,-0.0043419441336464,0.5014003537691505,0.4422869469504692,3.077652282318362,8,ablang2+greedy_dual_multi
4,74,XXXX,{'H': 'R98K:V100K:F101L:L103G:P104T:A106R:Y109T'},H,XXXX,1,AKFKLFGTYRMDT,"R98K,V100K,F101L,L103G,P104T,A106R,Y109T",18.20511,8.027748298645019,18.19833333333332,-0.1058333333333333,5A12_dual,ablang2,-2.0177817889504643,-0.1992089183628511,2.0177817889504643,0.1992089183628511,"SB0A,RB1K,WB2F,GB3K,GB4L,DB5F,FB7T,AB9R,YB12T",greedy_dual_multi,2.0177817889504643,0.1992089183628511,1.0575101514681078,0.60001703046268,0.7480699668501746,0.004657085240122,-0.137750589621423,0.8162531459980211,3.0887567903976825,9,ablang2+greedy_dual_multi
4,130,XXXX,{'H': 'R98K:V100R:F101G:F102Y:L103D:Y105R:A106R:M107H:D108R'},H,XXXX,3,AKFRGYDPRRHRY,"R98K,V100R,F101G,F102Y,L103D,Y105R,A106R,M107H,D108R",15.015662,8.961830711364748,29.59583333333332,-0.2958333333333333,5A12_dual,ablang2,1.44943,-3.7106585369077374,-1.44943,3.7106585369077374,"SB0A,RB1K,WB2F,GB3R,DB5Y,GB6D,FB7P,YB8R,AB9R,MB10H,DB11R",greedy_dual_multi,-1.44943,3.7106585369077374,0.016932044882463,1.2173255543409072,0.5338286489050217,0.5119992509854052,0.8702830188602282,-0.003595828836996,3.146772689137029,11,ablang2+greedy_dual_multi
4,100,XXXX,{'H': 'F101Y:L103K:A106R'},H,XXXX,2,ARFVYFKPYRMDY,"F101Y,L103K,A106R",15.821827,8.01930294036865,19.997499999999985,-0.1274999999999999,5A12_dual,ablang2,-0.9954912573156208,-2.8744514350202195,0.9954912573156208,2.8744514350202195,"SB0A,WB2F,GB3V,GB4Y,DB5F,GB6K,FB7P,AB9R",greedy_dual_multi,0.9954912573156208,2.8744514350202195,0.750700758058937,1.0703213743587998,0.587980292725913,7.003135699392457e-05,0.0213738207545279,0.7227615962361335,3.1532078734913056,8,ablang2+greedy_dual_multi
4,113,XXXX,{'H': 'F99V:V100K:F101Y:F102G:L103Y:P104R:A106L:Y109H'},H,XXXX,2,ARVKYGYRYLMDH,"F99V,V100K,F101Y,F102G,L103Y,P104R,A106L,Y109H",13.150514,8.02632999420166,20.847499999999982,-0.1591666666666666,5A12_dual,ablang2,-1.812884773863411,-2.8322510171257624,1.812884773863411,2.8322510171257624,"SB0A,WB2V,GB3K,GB4Y,DB5G,GB6Y,FB7R,AB9L,YB12H",greedy_dual_multi,1.812884773863411,2.8322510171257624,0.9960165476785118,1.0629025927992153,0.4085430930085887,0.003886740313185,0.0965507075463157,0.586120100430297,3.154019781776114,9,ablang2+greedy_dual_multi
4,85,XXXX,{'H': 'F99D:V100P:F101R:L103A:A106Y:M107R'},H,XXXX,2,ARDPRFAPYYRDY,"F99D,V100P,F101R,L103A,A106Y,M107R",9.140357,6.8461088180542,24.511666666666645,-0.2341666666666667,5A12_dual,ablang2,-1.9489703938357348,-1.61757,1.9489703938357348,1.61757,"SB0A,WB2D,GB3P,GB4R,DB5F,GB6A,FB7P,AB9Y,MB10R",greedy_dual_multi,1.9489703938357348,1.61757,1.036858505246728,0.8493631640388698,0.1391731829655405,0.4957908926547458,0.420622051883072,0.2624955051006846,3.2043033018896407,9,ablang2+greedy_dual_multi
4,82,XXXX,{'H': 'F99Y:F101R:L103R:P104G:A106R:M107F'},H,XXXX,2,ARYVRFRGYRFDY,"F99Y,F101R,L103R,P104G,A106R,M107F",8.419261,8.619116783142093,21.49166666666665,-0.1758333333333333,5A12_dual,ablang2,-0.9193163159314092,-4.801089222641046,0.9193163159314092,4.801089222641046,"SB0A,WB2Y,GB3V,GB4R,DB5F,GB6R,FB7G,AB9R,MB10F",greedy_dual_multi,0.9193163159314092,4.801089222641046,0.7278391675072824,1.4090219276696212,0.0907357864615129,0.3258559040945292,0.153522995281661,0.5142035236903831,3.22117930470499,9,ablang2+greedy_dual_multi
4,127,XXXX,{'H': 'A97G:F99Y:V100R:F102N:L103W:P104D:M107R'},H,XXXX,3,GRYRFNWDYARDY,"A97G,F99Y,V100R,F102N,L103W,P104D,M107R",14.322126,6.8461088180542,22.987499999999983,-0.2625,5A12_dual,ablang2,-1.6338461156328623,-1.782626708358837,1.6338461156328623,1.782626708358837,"SB0G,WB2Y,GB3R,GB4F,DB5N,GB6W,FB7D,MB10R",greedy_dual_multi,1.6338461156328623,1.782626708358837,0.942283542795192,0.8783799303495922,0.487242510274635,0.4957908926547458,0.2858195754691702,0.1402373246428312,3.229753776186166,8,ablang2+greedy_dual_multi
4,92,XXXX,{'H': 'F99Y:V100R:F101E:P104R:A106W:M107G'},H,XXXX,2,ARYREFLRYWGDY,"F99Y,V100R,F101E,P104R,A106W,M107G",10.934922,6.850030708312987,21.126666666666644,-0.2016666666666667,5A12_dual,ablang2,-2.0024628859697806,-2.0232191851406105,2.0024628859697806,2.0232191851406105,"SB0A,WB2Y,GB3R,GB4E,DB5F,GB6L,FB7R,AB9W,MB10G",greedy_dual_multi,2.0024628859697806,2.0232191851406105,1.052912648913055,0.9206757918405252,0.2597175438512622,0.4940703828679429,0.1212411556593045,0.4027328297435165,3.251350352875606,9,ablang2+greedy_dual_multi
4,3,XXXX,{'H': 'F99D:V100K:F101G:F102Q:A106R:M107V'},H,XXXX,0,ARDKGQLPYRVDY,"F99D,V100K,F101G,F102Q,A106R,M107V",9.298015,6.8461088180542,21.44416666666665,-0.2091666666666666,5A12_dual,ablang2,-0.691080445614114,-4.97043,0.691080445614114,4.97043,"SB0A,WB2D,GB3K,DB5Q,GB6L,FB7P,AB9R,MB10V",greedy_dual_multi,0.691080445614114,4.97043,0.6593411165527461,1.438791828041185,0.1497633721470531,0.4957908926547458,0.1493219339609435,0.3703703702105557,3.263379513567229,8,ablang2+greedy_dual_multi
5,86,XXXX,{'H': 'F99Y:V100R:F101Y:F102Y:P104W:A106R'},H,XXXX,2,ARYRYYLWYRMDY,"F99Y,V100R,F101Y,F102Y,P104W,A106R",11.70647,8.011050987243653,22.84249999999998,-0.1983333333333333,5A12_dual,ablang2,-0.7007165465378282,5.52689,0.7007165465378282,-5.52689,"SB0A,WB2Y,GB3R,GB4Y,DB5Y,GB6L,FB7W,AB9R",greedy_dual_multi,0.7007165465378282,-5.52689,0.6622330990056271,-0.406624116318193,0.311543897620926,-0.0044119754906404,0.2729952830164532,0.4171161450914995,1.2528523329256724,8,ablang2+greedy_dual_multi
5,193,XXXX,{'H': 'R98K:F99W:F102W:L103W:P104W:M107F:D108R'},H,XXXX,4,AKWVFWWWYAFRY,"R98K,F99W,F102W,L103W,P104W,M107F,D108R",14.159484,8.027683830261232,24.55333333333332,-0.0675,5A12_dual,ablang2,4.94665,0.8461083045071378,-4.94665,-0.8461083045071378,"SB0A,RB1K,GB3V,GB4F,DB5W,GB6W,FB7W,MB10F,DB11R",greedy_dual_multi,-4.94665,-0.8461083045071378,-1.0326521130599118,0.4162515484160487,0.4763175362875264,0.004622069561626,0.4243071933924741,0.9816612724998226,1.2705075070975862,9,ablang2+greedy_dual_multi
5,147,XXXX,{'H': 'V100G:F101Y:F102R:L103T:P104W:M107R:Y109P'},H,XXXX,3,ARFGYRTWYARDP,"V100G,F101Y,F102R,L103T,P104W,M107R,Y109P",11.61794,8.036193656921387,23.14416666666665,-0.1975,5A12_dual,ablang2,0.6353059170345317,1.6020271059490387,-0.6353059170345317,-1.6020271059490387,"SB0A,WB2F,GB4Y,DB5R,GB6T,FB7W,MB10R,YB12P",greedy_dual_multi,-0.6353059170345317,-1.6020271059490387,0.2612666135055176,0.2833619528981532,0.3055971683192776,0.0092441391232501,0.2996757075445194,0.4207119739284951,1.5798575553192131,8,ablang2+greedy_dual_multi
5,170,XXXX,{'H': 'R98K:F99Y:V100R:F101D:F102W:L103W:P104Q:M107F:D108G'},H,XXXX,4,AKYRDWWQYAFGY,"R98K,F99Y,V100R,F101D,F102W,L103W,P104Q,M107F,D108G",10.909609,6.842300605773925,23.14416666666665,-0.1833333333333333,5A12_dual,ablang2,0.76266498037538,3.39963,-0.76266498037538,-3.39963,"SB0A,RB1K,WB2Y,GB3R,GB4D,DB5W,GB6W,FB7Q,MB10F,DB11G",greedy_dual_multi,-0.76266498037538,-3.39963,0.2230436663495098,-0.0326544248352307,0.2580172212621666,0.4974615325926568,0.2996757075445194,0.481841064157422,1.7273847670710438,10,ablang2+greedy_dual_multi
5,139,XXXX,{'H': 'F99Y:F102W:L103G:P104Q:A106G:M107F:D108R'},H,XXXX,3,ARYVFWGQYGFRY,"F99Y,F102W,L103G,P104Q,A106G,M107F,D108R",13.097153,8.027554893493651,20.459166666666647,-0.1116666666666666,5A12_dual,ablang2,1.0821048572469223,1.1363990399506854,-1.0821048572469223,-1.1363990399506854,"SB0A,WB2Y,GB3V,GB4F,DB5W,FB7Q,AB9G,MB10F,DB11R",greedy_dual_multi,-1.0821048572469223,-1.1363990399506854,0.1271735082869819,0.3652187941809361,0.4049587326531695,0.0045520382046301,0.0622051886786948,0.7910823441390514,1.755190606143464,9,ablang2+greedy_dual_multi
5,111,XXXX,{'H': 'F99Y:V100R:L103R:M107F'},H,XXXX,2,ARYRFFRPYAFDY,"F99Y,V100R,L103R,M107F",9.84041,8.027554893493651,26.48499999999997,-0.145,5A12_dual,ablang2,0.7612258409766732,2.14841,-0.7612258409766732,-2.14841,"SB0A,WB2Y,GB3R,GB4F,DB5F,GB6R,FB7P,MB10F",greedy_dual_multi,-0.7612258409766732,-2.14841,0.2234755802451049,0.1873085121716759,0.1861970809414467,0.0045520382046301,0.5951503537683206,0.6472491906592236,1.843932755990402,8,ablang2+greedy_dual_multi
5,45,XXXX,{'H': 'F99Y:F102Y:L103R:P104K:A106C:M107H'},H,XXXX,1,ARYVFYRKYCHDY,"F99Y,F102Y,L103R,P104K,A106C,M107H",13.477598,7.953222846984862,27.311749999999986,-0.1699999999999999,5A12_dual,ablang2,1.5302674123776736,1.6962706697705785,-1.5302674123776736,-1.6962706697705785,"SB0A,WB2Y,GB3V,GB4F,DB5Y,GB6R,FB7K,AB9C,MB10H",greedy_dual_multi,-1.5302674123776736,-1.6962706697705785,-0.0073288444526834,0.2667940502973446,0.4305139504230293,0.0101065934538995,0.6682709315978637,0.5393743255493533,1.907731006868807,9,ablang2+greedy_dual_multi
5,98,XXXX,{'H': 'R98K:F99Y:V100R:F101R:P104R:M107H'},H,XXXX,2,AKYRRFLRYAHDY,"R98K,F99Y,V100R,F101R,P104R,M107H",11.310105,8.603708839416509,29.52249999999998,-0.2058333333333333,5A12_dual,ablang2,1.967117091175836,1.5781858894858454,-1.967117091175836,-1.5781858894858454,"SB0A,RB1K,WB2Y,GB3R,GB4R,DB5F,GB6L,FB7R,MB10H",greedy_dual_multi,-1.967117091175836,-1.5781858894858454,-0.1384359816270008,0.2875532094278294,0.2849193030242026,0.3174871569337099,0.863797169803681,0.3847536855585383,2.0000745431209603,9,ablang2+greedy_dual_multi
5,162,XXXX,{'H': 'R98K:F99Y:V100G:F101H:F102W:L103W:A106C:M107F'},H,XXXX,4,AKYGHWWPYCFDY,"R98K,F99Y,V100G,F101H,F102W,L103W,A106C,M107F",9.359238,6.078327751159667,23.99666666666665,-0.1508333333333333,5A12_dual,ablang2,0.2546167002204269,4.92748,-0.2546167002204269,-4.92748,"SB0A,RB1K,WB2Y,GB4H,DB5W,GB6W,FB7P,AB9C,MB10F",greedy_dual_multi,-0.2546167002204269,-4.92748,0.3755188970528994,-0.301248575588897,0.1538758380686032,0.8326118520770779,0.3750737028268713,0.6220783888002539,2.057910103236809,9,ablang2+greedy_dual_multi
5,124,XXXX,{'H': 'F99Y:V100G:F101R:P104W:M107R'},H,XXXX,3,ARYGRFLWYARDY,"F99Y,V100G,F101R,P104W,M107R",11.391009,8.027554893493651,26.52666666666665,-0.1575,5A12_dual,ablang2,0.4606217160883368,1.6965727209819592,-0.4606217160883368,-1.6965727209819592,"SB0A,WB2Y,GB4R,DB5F,GB6L,FB7W,MB10R",greedy_dual_multi,-0.4606217160883368,-1.6965727209819592,0.3136927605468672,0.2667409500659051,0.2903537793307718,0.0045520382046301,0.5988354952777227,0.5933117581042882,2.067486781530185,7,ablang2+greedy_dual_multi
5,68,XXXX,{'H': 'R98K:V100R:F101G:L103P:P104R:M107H:Y109P'},H,XXXX,1,AKFRGFPRYAHDP,"R98K,V100R,F101G,L103P,P104R,M107H,Y109P",12.125527,8.043285179138184,25.446666666666648,-0.185,5A12_dual,ablang2,1.497686392380941,-1.2143949483096306,-1.497686392380941,1.2143949483096306,"SB0A,RB1K,WB2F,GB3R,DB5F,GB6P,FB7R,MB10H,YB12P",greedy_dual_multi,-1.497686392380941,1.2143949483096306,0.0024493572155485,0.7784854858545976,0.3396927572273977,0.0130958637579372,0.503316627354039,0.4746494064834304,2.1116894978929506,9,ablang2+greedy_dual_multi
5,138,XXXX,{'H': 'V100D:F101Y:F102Y:L103W:P104Y:Y105H:A106R:M107G:D108K'},H,XXXX,3,ARFDYYWYHRGKY,"V100D,F101Y,F102Y,L103W,P104Y,Y105H,A106R,M107G,D108K",16.331774,8.018271446228027,24.721666666666643,-0.2366666666666667,5A12_dual,ablang2,-0.7577443508905146,2.16259,0.7577443508905146,-2.16259,"SB0A,WB2F,GB3D,GB4Y,DB5Y,GB6W,FB7Y,YB8H,AB9R,MB10G,DB11K",greedy_dual_multi,0.7577443508905146,-2.16259,0.6793482590501244,0.1848156856129909,0.6222344073445482,-0.0004902194989594,0.4391951650904547,0.2517080185896976,2.1768113161888563,11,ablang2+greedy_dual_multi
5,161,XXXX,{'H': 'F99Y:V100R:L103W:A106W:M107F:D108Q'},H,XXXX,4,ARYRFFWPYWFQY,"F99Y,V100R,L103W,A106W,M107F,D108Q",12.230845,8.027554893493651,20.38583333333332,-0.1374999999999999,5A12_dual,ablang2,-0.7765457384997836,0.6019337362311479,0.7765457384997836,-0.6019337362311479,"SB0A,WB2Y,GB3R,GB4F,DB5F,GB6W,FB7P,AB9W,MB10F,DB11Q",greedy_dual_multi,0.7765457384997836,-0.6019337362311479,0.6849909233898064,0.4591771371857137,0.3467671685748622,0.0045520382046301,0.0557193396221489,0.6796116501921852,2.2308182571693465,10,ablang2+greedy_dual_multi
5,33,XXXX,{'H': 'R98K:V100G:F101N:F102R:L103Y:P104K:A106F:M107H'},H,XXXX,0,AKFGNRYKYFHDY,"R98K,V100G,F101N,F102R,L103Y,P104K,A106F,M107H",13.289036,8.018335914611818,22.579999999999984,-0.2191666666666666,5A12_dual,ablang2,-0.4255250298102897,-1.2669177961162634,0.4255250298102897,1.2669177961162634,"SB0A,RB1K,WB2F,GB4N,DB5R,GB6Y,FB7K,AB9F,MB10H",greedy_dual_multi,0.4255250298102897,1.2669177961162634,0.5796427397038507,0.7877189378962159,0.4178478804967053,-0.0004552038204614,0.2497788915072249,0.3272204241666075,2.361753669950143,9,ablang2+greedy_dual_multi
5,189,XXXX,{'H': 'V100N:F101G:L103W:A106R:M107G:D108E:Y109H'},H,XXXX,4,ARFNGFWPYRGEH,"V100N,F101G,L103W,A106R,M107G,D108E,Y109H",15.427788,6.995083808898925,19.91416666666665,-0.1941666666666666,5A12_dual,ablang2,0.0554580985162047,0.45264,-0.0554580985162047,-0.45264,"SB0A,WB2F,GB3N,DB5F,GB6W,FB7P,AB9R,MB10G,DB11E,YB12H",greedy_dual_multi,-0.0554580985162047,-0.45264,0.4352902906931928,0.4854227923847496,0.5615119399947225,0.4304364556806621,0.014003537735725,0.4350952892764781,2.36176030576553,10,ablang2+greedy_dual_multi
5,160,XXXX,{'H': 'V100R:F101Y:L103W:P104Y:Y105H:A106C:M107R'},H,XXXX,4,ARFRYFWYHCRDY,"V100R,F101Y,L103W,P104Y,Y105H,A106C,M107R",14.114734,7.966052055358888,24.31583333333332,-0.1833333333333333,5A12_dual,ablang2,0.1785702012560763,-0.4812351594687643,-0.1785702012560763,0.4812351594687643,"SB0A,WB2F,GB3R,GB4Y,DB5F,GB6W,FB7Y,YB8H,AB9C,MB10R",greedy_dual_multi,-0.1785702012560763,0.4812351594687643,0.3983419395209064,0.649596896758515,0.4733115932597531,0.0044784965139135,0.4033018867888863,0.481841064157422,2.4108718769993964,10,ablang2+greedy_dual_multi
5,171,XXXX,{'H': 'F99Y:V100R:F101N:L103R:A106C:M107C'},H,XXXX,4,ARYRNFRPYCCDY,"F99Y,V100R,F101N,L103R,A106C,M107C",11.282825,7.902486228942872,24.864166666666648,-0.1941666666666667,5A12_dual,ablang2,-1.0141903384823616,0.528969471401695,1.0141903384823616,-0.528969471401695,"SB0A,WB2Y,GB3R,GB4N,DB5F,GB6R,FB7P,AB9C,MB10C",greedy_dual_multi,1.0141903384823616,-0.528969471401695,0.7563127182332154,0.4720041651971235,0.2830868532857075,0.0323644441663017,0.4517983490526079,0.4350952892764776,2.430661819211434,9,ablang2+greedy_dual_multi
5,105,XXXX,{'H': 'F99D:V100R:F101A:L103R:P104W:M107F'},H,XXXX,2,ARDRAFRWYAFDY,"F99D,V100R,F101A,L103R,P104W,M107F",7.351794,6.847245597839356,31.06249999999998,-0.1658333333333333,5A12_dual,ablang2,1.3410001737887,1.4404077197628,-1.3410001737887,-1.4404077197628,"SB0A,WB2D,GB3R,GB4A,DB5F,GB6R,FB7W,MB10F",greedy_dual_multi,-1.3410001737887,-1.4404077197628,0.049473957555908,0.3117744421988186,0.0190319878910523,0.4952921941658172,0.9999999999911556,0.5573534697343314,2.432926051537083,8,ablang2+greedy_dual_multi
5,180,XXXX,{'H': 'F99Y:V100A:F101A:F102Y:L103W:A106C:M107F:D108K'},H,XXXX,4,ARYAAYWPYCFKY,"F99Y,V100A,F101A,F102Y,L103W,A106C,M107F,D108K",12.952525,7.945551109313965,23.144166666666653,-0.1024999999999999,5A12_dual,ablang2,-0.2494147267734501,1.11123349255974,0.2494147267734501,-1.11123349255974,"SB0A,WB2Y,GB3A,GB4A,DB5Y,GB6W,FB7P,AB9C,MB10F,DB11K",greedy_dual_multi,0.2494147267734501,-1.11123349255974,0.5267885915181781,0.3696428664587919,0.395243793475051,0.0134721388602216,0.2996757075445197,0.8306364613460041,2.4354595592027666,10,ablang2+greedy_dual_multi
5,122,XXXX,{'H': 'R98K:F99D:V100N:F102S:L103W:A106R:M107K:D108G'},H,XXXX,3,AKDNFSWPYRKGY,"R98K,F99D,V100N,F102S,L103W,A106R,M107K,D108G",12.916198,8.01936740875244,19.83916666666665,-0.2325,5A12_dual,ablang2,-0.0991699530639227,-4.10191699900312,0.0991699530639227,4.10191699900312,"SB0A,RB1K,WB2D,GB3N,GB4F,DB5S,GB6W,FB7P,AB9R,MB10K,DB11G",greedy_dual_multi,0.0991699530639227,4.10191699900312,0.481697194837627,1.2861083107317144,0.3928036394556115,0.0001050470354918,0.0073702830188026,0.2696871627746761,2.437771637853924,11,ablang2+greedy_dual_multi
5,141,XXXX,{'H': 'R98K:F99R:V100G:F101Y:F102S:L103W:P104T:M107K:Y109S'},H,XXXX,3,AKRGYSWTYAKDS,"R98K,F99R,V100G,F101Y,F102S,L103W,P104T,M107K,Y109S",9.403126,8.01936740875244,28.407499999999988,-0.2108333333333333,5A12_dual,ablang2,1.504562413725676,-3.395860195072806,-1.504562413725676,3.395860195072806,"SB0A,RB1K,WB2R,GB4Y,DB5S,GB6W,FB7T,MB10K,YB12S",greedy_dual_multi,-1.504562413725676,3.395860195072806,0.0003857286554043,1.161984393046398,0.1568238789088918,0.0001050470354918,0.7651827830121011,0.3631787125365642,2.447660543194852,9,ablang2+greedy_dual_multi
5,103,XXXX,{'H': 'R98K:F99D:V100K:F101Y:L103Y:P104V:A106R:M107G:Y109P'},H,XXXX,2,AKDKYFYVYRGDP,"R98K,F99D,V100K,F101Y,L103Y,P104V,A106R,M107G,Y109P",9.651124,6.843778419494629,23.804249999999985,-0.1941666666666666,5A12_dual,ablang2,0.054719723929602,-0.23768,-0.054719723929602,0.23768,"SB0A,RB1K,WB2D,GB3K,GB4Y,DB5F,GB6Y,FB7V,AB9R,MB10G,YB12P",greedy_dual_multi,-0.054719723929602,0.23768,0.4355118913556405,0.6067801992952911,0.1734823785513885,0.4968132245570495,0.3580557193364562,0.4350952892764781,2.5057387023723043,11,ablang2+greedy_dual_multi
5,194,XXXX,{'H': 'R98K:F99R:L103W:P104W:A106C:M107F:D108Q'},H,XXXX,4,AKRVFFWWYCFQY,"R98K,F99R,L103W,P104W,A106C,M107F,D108Q",11.1029415,7.958573722839356,26.00416666666665,-0.0525,5A12_dual,ablang2,1.65035,-0.6129734187521096,-1.65035,0.6129734187521096,"SB0A,RB1K,WB2R,GB3V,GB4F,DB5F,GB6W,FB7W,AB9C,MB10F,DB11Q",greedy_dual_multi,-1.65035,0.6129734187521096,-0.0433679788546144,0.6727563207032585,0.2710037347910379,0.0077591962377242,0.5526238207498295,1.046386191565745,2.5071612851929808,11,ablang2+greedy_dual_multi
5,101,XXXX,{'H': 'F99Y:V100R:L103S:P104H:A106R:M107Q'},H,XXXX,2,ARYRFFSHYRQDY,"F99Y,V100R,L103S,P104H,A106R,M107Q",13.811158,8.03458194732666,27.34083333333331,-0.2325,5A12_dual,ablang2,0.82087,-2.092334666954356,-0.82087,2.092334666954356,"SB0A,WB2Y,GB3R,GB4F,DB5F,GB6S,FB7H,AB9R,MB10Q",greedy_dual_multi,-0.82087,2.092334666954356,0.2055752009653686,0.9328262085317536,0.4529198131346287,0.0083687471608212,0.6708431603714251,0.2696871627746761,2.540220292938673,9,ablang2+greedy_dual_multi
5,118,XXXX,{'H': 'R98K:F99Y:V100R:F101G:F102G:L103R'},H,XXXX,2,AKYRGGRPYAMDY,"R98K,F99Y,V100R,F101G,F102G,L103R",9.31121,8.01930294036865,26.405833333333312,-0.2008333333333334,5A12_dual,ablang2,0.7456699817501155,-3.591835534157456,-0.7456699817501155,3.591835534157456,"SB0A,RB1K,WB2Y,GB3R,DB5G,GB6R,FB7P",greedy_dual_multi,-0.7456699817501155,3.591835534157456,0.228144198006463,1.196436616608988,0.1506497055158011,7.003135699392457e-05,0.5881485849004584,0.4063286585805121,2.569777794969217,7,ablang2+greedy_dual_multi
5,165,XXXX,{'H': 'F99Y:V100F:L103W:A106C:M107F:D108K'},H,XXXX,4,ARYFFFWPYCFKY,"F99Y,V100F,L103W,A106C,M107F,D108K",15.60175,7.951997947692871,22.034999999999982,-0.0516666666666667,5A12_dual,ablang2,0.252472154234181,1.14616361867031,-0.252472154234181,-1.14616361867031,"SB0A,WB2Y,GB3F,GB4F,DB5F,GB6W,FB7P,AB9C,MB10F,DB11K",greedy_dual_multi,-0.252472154234181,-1.14616361867031,0.3761625172692834,0.3635021932523994,0.573197300017013,0.0106439494431437,0.2015772405642548,1.0499820204027406,2.575065220948835,10,ablang2+greedy_dual_multi
5,150,XXXX,{'H': 'F99Y:V100N:L103W:A106W:D108R'},H,XXXX,3,ARYNFFWPYWMRY,"F99Y,V100N,L103W,A106W,D108R",20.255531,8.027554893493651,21.88749999999998,-0.145,5A12_dual,ablang2,0.0826221624808809,0.5611471055407797,-0.0826221624808809,-0.5611471055407797,"SB0A,WB2Y,GB3N,GB4F,DB5F,GB6W,FB7P,AB9W,DB11R",greedy_dual_multi,-0.0826221624808809,-0.5611471055407797,0.4271378235328033,0.4663473766937693,0.8858006642568789,0.0045520382046301,0.1885318396209739,0.6472491906592236,2.619618932968279,9,ablang2+greedy_dual_multi
5,196,XXXX,{'H': 'A97T:F99H:V100P:F102A:L103W:P104G:A106R:M107H'},H,XXXX,4,TRHPFAWGYRHDY,"A97T,F99H,V100P,F102A,L103W,P104G,A106R,M107H",12.623451,7.083525276184082,28.22666666666665,-0.2283333333333333,5A12_dual,ablang2,0.3619982300551303,0.3876982654747252,-0.3619982300551303,-0.3876982654747252,"SB0T,WB2H,GB3P,GB4F,DB5A,GB6W,FB7G,AB9R,MB10H",greedy_dual_multi,-0.3619982300551303,-0.3876982654747252,0.3432915986358363,0.4968394694363491,0.3731392639572526,0.3916377132420219,0.7491892688612987,0.2876663069596547,2.641763621092413,9,ablang2+greedy_dual_multi
5,195,XXXX,{'H': 'F99R:F101Y:L103W:P104W:Y105H:M107F'},H,XXXX,4,ARRVYFWWHAFDY,"F99R,F101Y,L103W,P104W,Y105H,M107F",8.7612295,6.991673469543457,31.062499999999982,-0.1133333333333333,5A12_dual,ablang2,0.1525102631234474,3.46986,-0.1525102631234474,-3.46986,"SB0A,WB2R,GB3V,GB4Y,DB5F,GB6W,FB7W,YB8H,MB10F",greedy_dual_multi,-0.1525102631234474,-3.46986,0.4061630369128251,-0.045000772452752,0.1137064641887331,0.4319325511474473,0.999999999991156,0.7838906864650599,2.6906919662524693,9,ablang2+greedy_dual_multi
5,174,XXXX,{'H': 'F99Y:V100N:F102G:L103W:A106R:D108G'},H,XXXX,4,ARYNFGWPYRMGY,"F99Y,V100N,F102G,L103W,A106R,D108G",14.805818,8.027554893493651,20.946666666666648,-0.1674999999999999,5A12_dual,ablang2,-1.1144269228061834,-1.1562923712034987,1.1144269228061834,1.1562923712034987,"SB0A,WB2Y,GB3N,GB4F,DB5G,GB6W,FB7P,AB9R,DB11G",greedy_dual_multi,1.1144269228061834,1.1562923712034987,0.7863956786853855,0.7682711242651608,0.5197330263637912,0.0045520382046301,0.1053213443386909,0.5501618120603403,2.734435023917998,9,ablang2+greedy_dual_multi
5,192,XXXX,{'H': 'A97G:V100Y:F101R:F102Y:L103Q:P104Y:Y105H:A106C:M107N'},H,XXXX,4,GRFYRYQYHCNDY,"A97G,V100Y,F101R,F102Y,L103Q,P104Y,Y105H,A106C,M107N",15.308261,6.977577400207521,24.995083333333312,-0.2491666666666667,5A12_dual,ablang2,-0.9839270417265128,1.2839064883584974,0.9839270417265128,-1.2839064883584974,"SB0G,WB2F,GB3Y,GB4R,DB5Y,GB6Q,FB7Y,YB8H,AB9C,MB10N",greedy_dual_multi,0.9839270417265128,-1.2839064883584974,0.7472301106643328,0.3392871661841193,0.5534830829605177,0.4381164124101606,0.4633770636751468,0.1977705860347622,2.73926442192904,10,ablang2+greedy_dual_multi
5,123,XXXX,{'H': 'F99Y:V100Y:F101W:F102G:L103W:P104W:M107R'},H,XXXX,3,ARYYWGWWYARDY,"F99Y,V100Y,F101W,F102G,L103W,P104W,M107R",11.571937,6.842300605773925,25.58916666666665,-0.2008333333333332,5A12_dual,ablang2,-0.0580577417217753,0.0479505050067952,0.0580577417217753,-0.0479505050067952,"SB0A,WB2Y,GB3Y,GB4W,DB5G,GB6W,FB7W,MB10R",greedy_dual_multi,0.0580577417217753,-0.0479505050067952,0.4693586157025721,0.556566707838904,0.3025070588867265,0.4974615325926568,0.5159198113161919,0.4063286585805129,2.748142384917565,8,ablang2+greedy_dual_multi
5,104,XXXX,{'H': 'F99Y:V100I:F101R:F102G:L103W:P104Y:A106F:M107R'},H,XXXX,2,ARYIRGWYYFRDY,"F99Y,V100I,F101R,F102G,L103W,P104Y,A106F,M107R",11.073925,8.019174003601073,24.636666666666645,-0.1775,5A12_dual,ablang2,-0.5519595890061488,-2.0907281553416945,0.5519595890061488,2.0907281553416945,"SB0A,WB2Y,GB3I,GB4R,DB5G,GB6W,FB7Y,AB9F,MB10R",greedy_dual_multi,0.5519595890061488,2.0907281553416945,0.6175882250746312,0.9325437857662474,0.2690546410286829,0.0,0.4316774764112762,0.5070118660163917,2.7578759942972293,9,ablang2+greedy_dual_multi
5,177,XXXX,{'H': 'A97P:F99D:V100G:F101R:L103R:M107R'},H,XXXX,4,PRDGRFRPYARDY,"A97P,F99D,V100G,F101R,L103R,M107R",12.9479,8.036193656921387,28.47083333333332,-0.2791666666666667,5A12_dual,ablang2,-1.873166868422124,0.0459155566632771,1.873166868422124,-0.0459155566632771,"SB0P,WB2D,GB4R,DB5F,GB6R,FB7P,MB10R",greedy_dual_multi,1.873166868422124,-0.0459155566632771,1.0141083838959672,0.5569244492547203,0.3949331233855885,0.0092441391232501,0.7707841981063911,0.0683207479029175,2.8143150416688347,7,ablang2+greedy_dual_multi
5,176,XXXX,{'H': 'V100N:F101R:L103W:P104Q:A106C:M107R'},H,XXXX,4,ARFNRFWQYCRDY,"V100N,F101R,L103W,P104Q,A106C,M107R",15.928551,7.965278434753418,23.287499999999984,-0.2041666666666666,5A12_dual,ablang2,-1.1415045692182435,-0.9321955152837172,1.1415045692182435,0.9321955152837172,"SB0A,WB2F,GB3N,GB4R,DB5F,GB6W,FB7Q,AB9C,MB10R",greedy_dual_multi,1.1415045692182435,0.9321955152837172,0.7945222102471584,0.7288751726322517,0.595149147780574,0.0048178792439634,0.3123525943368602,0.3919453432325298,2.827662347473338,9,ablang2+greedy_dual_multi
5,93,XXXX,{'H': 'F99Y:V100G:L103E:P104R:A106R:D108R'},H,XXXX,2,ARYGFFERYRMRY,"F99Y,V100G,L103E,P104R,A106R,D108R",19.594427,8.619181251525884,19.285833333333315,-0.195,5A12_dual,ablang2,-0.6742627542541353,-0.3252144671626578,0.6742627542541353,0.3252144671626578,"SB0A,WB2Y,GB4F,DB5F,GB6E,FB7R,AB9R,DB11R",greedy_dual_multi,0.6742627542541353,0.3252144671626578,0.6542937982757724,0.6221686509556169,0.8413930450516707,0.3258909197730271,-0.0415683962260476,0.4314994604394821,2.833677478269521,8,ablang2+greedy_dual_multi
5,75,XXXX,{'H': 'F99Y:V100G:P104R:A106Y:M107H:Y109H'},H,XXXX,1,ARYGFFLRYYHDH,"F99Y,V100G,P104R,A106Y,M107H,Y109H",13.064163,7.08227481842041,26.237499999999976,-0.1575,5A12_dual,ablang2,-1.2634649826575313,2.76009,1.2634649826575313,-2.76009,"SB0A,WB2Y,GB4F,DB5F,GB6L,FB7R,AB9Y,MB10H,YB12H",greedy_dual_multi,1.2634649826575313,-2.76009,0.8311249169233123,0.0797759205344061,0.4027427313015217,0.3921862815798433,0.5732606132024766,0.5933117581042882,2.872402221645848,9,ablang2+greedy_dual_multi
5,136,XXXX,{'H': 'R98K:F99Y:V100G:F102V:L103W:D108R'},H,XXXX,3,AKYGFVWPYAMRY,"R98K,F99Y,V100G,F102V,L103W,D108R",15.823921,8.01930294036865,23.924999999999983,-0.08,5A12_dual,ablang2,1.951646054314528,-3.17532645587789,-1.951646054314528,3.17532645587789,"SB0A,RB1K,WB2Y,GB4F,DB5V,GB6W,FB7P,DB11R",greedy_dual_multi,-1.951646054314528,3.17532645587789,-0.133792820717315,1.1232148329511078,0.5881209507080394,7.003135699392457e-05,0.3687352594307011,0.9277238399448872,2.8740720936744144,8,ablang2+greedy_dual_multi
5,114,XXXX,{'H': 'A97G:F99Y:V100S:F101R:L103S:A106R:M107F'},H,XXXX,2,GRYSRFSPYRFDY,"A97G,F99Y,V100S,F101R,L103S,A106R,M107F",9.486331,8.027554893493651,28.17333333333331,-0.215,5A12_dual,ablang2,-0.7011825516480084,-2.246853373335761,0.7011825516480084,2.246853373335761,"SB0G,WB2Y,GB3S,GB4R,DB5F,GB6S,FB7P,AB9R,MB10F",greedy_dual_multi,0.7011825516480084,2.246853373335761,0.6623729562582922,0.9599904070565228,0.1624129177832131,0.0045520382046301,0.7444722877292644,0.3451995683515856,2.879000175383508,9,ablang2+greedy_dual_multi
5,133,XXXX,{'H': 'V100R:F101Y:A106R:M107R'},H,XXXX,3,ARFRYFLPYRRDY,"V100R,F101Y,A106R,M107R",13.493063,8.619116783142093,28.25666666666665,-0.1891666666666666,5A12_dual,ablang2,-0.2263262096675413,0.880157028242444,0.2263262096675413,-0.880157028242444,"SB0A,WB2F,GB3R,GB4Y,DB5F,GB6L,FB7P,AB9R,MB10R",greedy_dual_multi,0.2263262096675413,-0.880157028242444,0.5198592757231343,0.4102658246631078,0.431552764030281,0.3258559040945292,0.7518425707480677,0.4566702622984523,2.8960466015575723,9,ablang2+greedy_dual_multi
6,86,XXXX,{'H': 'F99Y:V100R:F101Y:F102Y:P104W:A106R'},H,XXXX,2,ARYRYYLWYRMDY,"F99Y,V100R,F101Y,F102Y,P104W,A106R",11.70647,8.011050987243653,22.84249999999998,-0.1983333333333333,5A12_dual,ablang2,-0.7007165465378282,5.52689,0.7007165465378282,-5.52689,"SB0A,WB2Y,GB3R,GB4Y,DB5Y,GB6L,FB7W,AB9R",greedy_dual_multi,0.7007165465378282,-5.52689,0.6622330990056271,-0.406624116318193,0.311543897620926,-0.0044119754906404,0.2729952830164532,0.4171161450914995,1.2528523329256724,8,ablang2+greedy_dual_multi
6,193,XXXX,{'H': 'R98K:F99W:F102W:L103W:P104W:M107F:D108R'},H,XXXX,4,AKWVFWWWYAFRY,"R98K,F99W,F102W,L103W,P104W,M107F,D108R",14.159484,8.027683830261232,24.55333333333332,-0.0675,5A12_dual,ablang2,4.94665,0.8461083045071378,-4.94665,-0.8461083045071378,"SB0A,RB1K,GB3V,GB4F,DB5W,GB6W,FB7W,MB10F,DB11R",greedy_dual_multi,-4.94665,-0.8461083045071378,-1.0326521130599118,0.4162515484160487,0.4763175362875264,0.004622069561626,0.4243071933924741,0.9816612724998226,1.2705075070975862,9,ablang2+greedy_dual_multi
6,147,XXXX,{'H': 'V100G:F101Y:F102R:L103T:P104W:M107R:Y109P'},H,XXXX,3,ARFGYRTWYARDP,"V100G,F101Y,F102R,L103T,P104W,M107R,Y109P",11.61794,8.036193656921387,23.14416666666665,-0.1975,5A12_dual,ablang2,0.6353059170345317,1.6020271059490387,-0.6353059170345317,-1.6020271059490387,"SB0A,WB2F,GB4Y,DB5R,GB6T,FB7W,MB10R,YB12P",greedy_dual_multi,-0.6353059170345317,-1.6020271059490387,0.2612666135055176,0.2833619528981532,0.3055971683192776,0.0092441391232501,0.2996757075445194,0.4207119739284951,1.5798575553192131,8,ablang2+greedy_dual_multi
6,170,XXXX,{'H': 'R98K:F99Y:V100R:F101D:F102W:L103W:P104Q:M107F:D108G'},H,XXXX,4,AKYRDWWQYAFGY,"R98K,F99Y,V100R,F101D,F102W,L103W,P104Q,M107F,D108G",10.909609,6.842300605773925,23.14416666666665,-0.1833333333333333,5A12_dual,ablang2,0.76266498037538,3.39963,-0.76266498037538,-3.39963,"SB0A,RB1K,WB2Y,GB3R,GB4D,DB5W,GB6W,FB7Q,MB10F,DB11G",greedy_dual_multi,-0.76266498037538,-3.39963,0.2230436663495098,-0.0326544248352307,0.2580172212621666,0.4974615325926568,0.2996757075445194,0.481841064157422,1.7273847670710438,10,ablang2+greedy_dual_multi
6,235,XXXX,{'H': 'A97G:F99E:V100G:L103T:P104W:A106R:M107H:D108R'},H,XXXX,5,GREGFFTWYRHRY,"A97G,F99E,V100G,L103T,P104W,A106R,M107H,D108R",15.696856,8.043349647521975,22.230833333333315,-0.2208333333333333,5A12_dual,ablang2,2.84182,-2.477770604248462,-2.84182,2.477770604248462,"SB0G,WB2E,GB4F,DB5F,GB6T,FB7W,AB9R,MB10H,DB11R",greedy_dual_multi,-2.84182,2.477770604248462,-0.4009514413372724,1.0005853722241669,0.579585751806944,0.0131308794364351,0.2188974056584412,0.3200287664926159,1.7312767342813309,9,ablang2+greedy_dual_multi
6,139,XXXX,{'H': 'F99Y:F102W:L103G:P104Q:A106G:M107F:D108R'},H,XXXX,3,ARYVFWGQYGFRY,"F99Y,F102W,L103G,P104Q,A106G,M107F,D108R",13.097153,8.027554893493651,20.459166666666647,-0.1116666666666666,5A12_dual,ablang2,1.0821048572469223,1.1363990399506854,-1.0821048572469223,-1.1363990399506854,"SB0A,WB2Y,GB3V,GB4F,DB5W,FB7Q,AB9G,MB10F,DB11R",greedy_dual_multi,-1.0821048572469223,-1.1363990399506854,0.1271735082869819,0.3652187941809361,0.4049587326531695,0.0045520382046301,0.0622051886786948,0.7910823441390514,1.755190606143464,9,ablang2+greedy_dual_multi
6,111,XXXX,{'H': 'F99Y:V100R:L103R:M107F'},H,XXXX,2,ARYRFFRPYAFDY,"F99Y,V100R,L103R,M107F",9.84041,8.027554893493651,26.48499999999997,-0.145,5A12_dual,ablang2,0.7612258409766732,2.14841,-0.7612258409766732,-2.14841,"SB0A,WB2Y,GB3R,GB4F,DB5F,GB6R,FB7P,MB10F",greedy_dual_multi,-0.7612258409766732,-2.14841,0.2234755802451049,0.1873085121716759,0.1861970809414467,0.0045520382046301,0.5951503537683206,0.6472491906592236,1.843932755990402,8,ablang2+greedy_dual_multi
6,45,XXXX,{'H': 'F99Y:F102Y:L103R:P104K:A106C:M107H'},H,XXXX,1,ARYVFYRKYCHDY,"F99Y,F102Y,L103R,P104K,A106C,M107H",13.477598,7.953222846984862,27.311749999999986,-0.1699999999999999,5A12_dual,ablang2,1.5302674123776736,1.6962706697705785,-1.5302674123776736,-1.6962706697705785,"SB0A,WB2Y,GB3V,GB4F,DB5Y,GB6R,FB7K,AB9C,MB10H",greedy_dual_multi,-1.5302674123776736,-1.6962706697705785,-0.0073288444526834,0.2667940502973446,0.4305139504230293,0.0101065934538995,0.6682709315978637,0.5393743255493533,1.907731006868807,9,ablang2+greedy_dual_multi
6,98,XXXX,{'H': 'R98K:F99Y:V100R:F101R:P104R:M107H'},H,XXXX,2,AKYRRFLRYAHDY,"R98K,F99Y,V100R,F101R,P104R,M107H",11.310105,8.603708839416509,29.52249999999998,-0.2058333333333333,5A12_dual,ablang2,1.967117091175836,1.5781858894858454,-1.967117091175836,-1.5781858894858454,"SB0A,RB1K,WB2Y,GB3R,GB4R,DB5F,GB6L,FB7R,MB10H",greedy_dual_multi,-1.967117091175836,-1.5781858894858454,-0.1384359816270008,0.2875532094278294,0.2849193030242026,0.3174871569337099,0.863797169803681,0.3847536855585383,2.0000745431209603,9,ablang2+greedy_dual_multi
6,162,XXXX,{'H': 'R98K:F99Y:V100G:F101H:F102W:L103W:A106C:M107F'},H,XXXX,4,AKYGHWWPYCFDY,"R98K,F99Y,V100G,F101H,F102W,L103W,A106C,M107F",9.359238,6.078327751159667,23.99666666666665,-0.1508333333333333,5A12_dual,ablang2,0.2546167002204269,4.92748,-0.2546167002204269,-4.92748,"SB0A,RB1K,WB2Y,GB4H,DB5W,GB6W,FB7P,AB9C,MB10F",greedy_dual_multi,-0.2546167002204269,-4.92748,0.3755188970528994,-0.301248575588897,0.1538758380686032,0.8326118520770779,0.3750737028268713,0.6220783888002539,2.057910103236809,9,ablang2+greedy_dual_multi
6,124,XXXX,{'H': 'F99Y:V100G:F101R:P104W:M107R'},H,XXXX,3,ARYGRFLWYARDY,"F99Y,V100G,F101R,P104W,M107R",11.391009,8.027554893493651,26.52666666666665,-0.1575,5A12_dual,ablang2,0.4606217160883368,1.6965727209819592,-0.4606217160883368,-1.6965727209819592,"SB0A,WB2Y,GB4R,DB5F,GB6L,FB7W,MB10R",greedy_dual_multi,-0.4606217160883368,-1.6965727209819592,0.3136927605468672,0.2667409500659051,0.2903537793307718,0.0045520382046301,0.5988354952777227,0.5933117581042882,2.067486781530185,7,ablang2+greedy_dual_multi
6,68,XXXX,{'H': 'R98K:V100R:F101G:L103P:P104R:M107H:Y109P'},H,XXXX,1,AKFRGFPRYAHDP,"R98K,V100R,F101G,L103P,P104R,M107H,Y109P",12.125527,8.043285179138184,25.446666666666648,-0.185,5A12_dual,ablang2,1.497686392380941,-1.2143949483096306,-1.497686392380941,1.2143949483096306,"SB0A,RB1K,WB2F,GB3R,DB5F,GB6P,FB7R,MB10H,YB12P",greedy_dual_multi,-1.497686392380941,1.2143949483096306,0.0024493572155485,0.7784854858545976,0.3396927572273977,0.0130958637579372,0.503316627354039,0.4746494064834304,2.1116894978929506,9,ablang2+greedy_dual_multi
6,208,XXXX,{'H': 'F99D:F101Y:F102W:L103W:P104Y:A106Y:M107H:D108R'},H,XXXX,5,ARDVYWWYYYHRY,"F99D,F101Y,F102W,L103W,P104Y,A106Y,M107H,D108R",12.61328,6.988035774230957,24.87999999999997,-0.2075,5A12_dual,ablang2,-0.3669717320208754,3.38099,0.3669717320208754,-3.38099,"SB0A,WB2D,GB3V,GB4Y,DB5W,GB6W,FB7Y,AB9Y,MB10H,DB11R",greedy_dual_multi,0.3669717320208754,-3.38099,0.5620697492271144,-0.0293775357623189,0.3724560584480798,0.4335283863120187,0.4531987028261794,0.3775620278845468,2.1694373889356204,10,ablang2+greedy_dual_multi
6,138,XXXX,{'H': 'V100D:F101Y:F102Y:L103W:P104Y:Y105H:A106R:M107G:D108K'},H,XXXX,3,ARFDYYWYHRGKY,"V100D,F101Y,F102Y,L103W,P104Y,Y105H,A106R,M107G,D108K",16.331774,8.018271446228027,24.721666666666643,-0.2366666666666667,5A12_dual,ablang2,-0.7577443508905146,2.16259,0.7577443508905146,-2.16259,"SB0A,WB2F,GB3D,GB4Y,DB5Y,GB6W,FB7Y,YB8H,AB9R,MB10G,DB11K",greedy_dual_multi,0.7577443508905146,-2.16259,0.6793482590501244,0.1848156856129909,0.6222344073445482,-0.0004902194989594,0.4391951650904547,0.2517080185896976,2.1768113161888563,11,ablang2+greedy_dual_multi
6,161,XXXX,{'H': 'F99Y:V100R:L103W:A106W:M107F:D108Q'},H,XXXX,4,ARYRFFWPYWFQY,"F99Y,V100R,L103W,A106W,M107F,D108Q",12.230845,8.027554893493651,20.38583333333332,-0.1374999999999999,5A12_dual,ablang2,-0.7765457384997836,0.6019337362311479,0.7765457384997836,-0.6019337362311479,"SB0A,WB2Y,GB3R,GB4F,DB5F,GB6W,FB7P,AB9W,MB10F,DB11Q",greedy_dual_multi,0.7765457384997836,-0.6019337362311479,0.6849909233898064,0.4591771371857137,0.3467671685748622,0.0045520382046301,0.0557193396221489,0.6796116501921852,2.2308182571693465,10,ablang2+greedy_dual_multi
6,33,XXXX,{'H': 'R98K:V100G:F101N:F102R:L103Y:P104K:A106F:M107H'},H,XXXX,0,AKFGNRYKYFHDY,"R98K,V100G,F101N,F102R,L103Y,P104K,A106F,M107H",13.289036,8.018335914611818,22.579999999999984,-0.2191666666666666,5A12_dual,ablang2,-0.4255250298102897,-1.2669177961162634,0.4255250298102897,1.2669177961162634,"SB0A,RB1K,WB2F,GB4N,DB5R,GB6Y,FB7K,AB9F,MB10H",greedy_dual_multi,0.4255250298102897,1.2669177961162634,0.5796427397038507,0.7877189378962159,0.4178478804967053,-0.0004552038204614,0.2497788915072249,0.3272204241666075,2.361753669950143,9,ablang2+greedy_dual_multi
6,189,XXXX,{'H': 'V100N:F101G:L103W:A106R:M107G:D108E:Y109H'},H,XXXX,4,ARFNGFWPYRGEH,"V100N,F101G,L103W,A106R,M107G,D108E,Y109H",15.427788,6.995083808898925,19.91416666666665,-0.1941666666666666,5A12_dual,ablang2,0.0554580985162047,0.45264,-0.0554580985162047,-0.45264,"SB0A,WB2F,GB3N,DB5F,GB6W,FB7P,AB9R,MB10G,DB11E,YB12H",greedy_dual_multi,-0.0554580985162047,-0.45264,0.4352902906931928,0.4854227923847496,0.5615119399947225,0.4304364556806621,0.014003537735725,0.4350952892764781,2.36176030576553,10,ablang2+greedy_dual_multi
6,212,XXXX,{'H': 'V100P:L103W:P104F:Y105H:A106G:M107H:D108R'},H,XXXX,5,ARFPFFWFHGHRY,"V100P,L103W,P104F,Y105H,A106G,M107H,D108R",22.583584,8.05882205963135,25.633333333333315,-0.1125,5A12_dual,ablang2,2.1795563375223947,1.9495803044467088,-2.1795563375223947,-1.9495803044467088,"SB0A,WB2F,GB3P,GB4F,DB5F,GB6W,YB8H,AB9G,MB10H,DB11R",greedy_dual_multi,-2.1795563375223947,-1.9495803044467088,-0.2021931566090053,0.2222625280906118,1.0421804337236225,0.0215346422757523,0.5198260613161573,0.7874865153020555,2.391097024099194,10,ablang2+greedy_dual_multi
6,160,XXXX,{'H': 'V100R:F101Y:L103W:P104Y:Y105H:A106C:M107R'},H,XXXX,4,ARFRYFWYHCRDY,"V100R,F101Y,L103W,P104Y,Y105H,A106C,M107R",14.114734,7.966052055358888,24.31583333333332,-0.1833333333333333,5A12_dual,ablang2,0.1785702012560763,-0.4812351594687643,-0.1785702012560763,0.4812351594687643,"SB0A,WB2F,GB3R,GB4Y,DB5F,GB6W,FB7Y,YB8H,AB9C,MB10R",greedy_dual_multi,-0.1785702012560763,0.4812351594687643,0.3983419395209064,0.649596896758515,0.4733115932597531,0.0044784965139135,0.4033018867888863,0.481841064157422,2.4108718769993964,10,ablang2+greedy_dual_multi
6,171,XXXX,{'H': 'F99Y:V100R:F101N:L103R:A106C:M107C'},H,XXXX,4,ARYRNFRPYCCDY,"F99Y,V100R,F101N,L103R,A106C,M107C",11.282825,7.902486228942872,24.864166666666648,-0.1941666666666667,5A12_dual,ablang2,-1.0141903384823616,0.528969471401695,1.0141903384823616,-0.528969471401695,"SB0A,WB2Y,GB3R,GB4N,DB5F,GB6R,FB7P,AB9C,MB10C",greedy_dual_multi,1.0141903384823616,-0.528969471401695,0.7563127182332154,0.4720041651971235,0.2830868532857075,0.0323644441663017,0.4517983490526079,0.4350952892764776,2.430661819211434,9,ablang2+greedy_dual_multi
6,105,XXXX,{'H': 'F99D:V100R:F101A:L103R:P104W:M107F'},H,XXXX,2,ARDRAFRWYAFDY,"F99D,V100R,F101A,L103R,P104W,M107F",7.351794,6.847245597839356,31.06249999999998,-0.1658333333333333,5A12_dual,ablang2,1.3410001737887,1.4404077197628,-1.3410001737887,-1.4404077197628,"SB0A,WB2D,GB3R,GB4A,DB5F,GB6R,FB7W,MB10F",greedy_dual_multi,-1.3410001737887,-1.4404077197628,0.049473957555908,0.3117744421988186,0.0190319878910523,0.4952921941658172,0.9999999999911556,0.5573534697343314,2.432926051537083,8,ablang2+greedy_dual_multi
6,180,XXXX,{'H': 'F99Y:V100A:F101A:F102Y:L103W:A106C:M107F:D108K'},H,XXXX,4,ARYAAYWPYCFKY,"F99Y,V100A,F101A,F102Y,L103W,A106C,M107F,D108K",12.952525,7.945551109313965,23.144166666666653,-0.1024999999999999,5A12_dual,ablang2,-0.2494147267734501,1.11123349255974,0.2494147267734501,-1.11123349255974,"SB0A,WB2Y,GB3A,GB4A,DB5Y,GB6W,FB7P,AB9C,MB10F,DB11K",greedy_dual_multi,0.2494147267734501,-1.11123349255974,0.5267885915181781,0.3696428664587919,0.395243793475051,0.0134721388602216,0.2996757075445197,0.8306364613460041,2.4354595592027666,10,ablang2+greedy_dual_multi
6,122,XXXX,{'H': 'R98K:F99D:V100N:F102S:L103W:A106R:M107K:D108G'},H,XXXX,3,AKDNFSWPYRKGY,"R98K,F99D,V100N,F102S,L103W,A106R,M107K,D108G",12.916198,8.01936740875244,19.83916666666665,-0.2325,5A12_dual,ablang2,-0.0991699530639227,-4.10191699900312,0.0991699530639227,4.10191699900312,"SB0A,RB1K,WB2D,GB3N,GB4F,DB5S,GB6W,FB7P,AB9R,MB10K,DB11G",greedy_dual_multi,0.0991699530639227,4.10191699900312,0.481697194837627,1.2861083107317144,0.3928036394556115,0.0001050470354918,0.0073702830188026,0.2696871627746761,2.437771637853924,11,ablang2+greedy_dual_multi
6,141,XXXX,{'H': 'R98K:F99R:V100G:F101Y:F102S:L103W:P104T:M107K:Y109S'},H,XXXX,3,AKRGYSWTYAKDS,"R98K,F99R,V100G,F101Y,F102S,L103W,P104T,M107K,Y109S",9.403126,8.01936740875244,28.407499999999988,-0.2108333333333333,5A12_dual,ablang2,1.504562413725676,-3.395860195072806,-1.504562413725676,3.395860195072806,"SB0A,RB1K,WB2R,GB4Y,DB5S,GB6W,FB7T,MB10K,YB12S",greedy_dual_multi,-1.504562413725676,3.395860195072806,0.0003857286554043,1.161984393046398,0.1568238789088918,0.0001050470354918,0.7651827830121011,0.3631787125365642,2.447660543194852,9,ablang2+greedy_dual_multi
6,103,XXXX,{'H': 'R98K:F99D:V100K:F101Y:L103Y:P104V:A106R:M107G:Y109P'},H,XXXX,2,AKDKYFYVYRGDP,"R98K,F99D,V100K,F101Y,L103Y,P104V,A106R,M107G,Y109P",9.651124,6.843778419494629,23.804249999999985,-0.1941666666666666,5A12_dual,ablang2,0.054719723929602,-0.23768,-0.054719723929602,0.23768,"SB0A,RB1K,WB2D,GB3K,GB4Y,DB5F,GB6Y,FB7V,AB9R,MB10G,YB12P",greedy_dual_multi,-0.054719723929602,0.23768,0.4355118913556405,0.6067801992952911,0.1734823785513885,0.4968132245570495,0.3580557193364562,0.4350952892764781,2.5057387023723043,11,ablang2+greedy_dual_multi
6,194,XXXX,{'H': 'R98K:F99R:L103W:P104W:A106C:M107F:D108Q'},H,XXXX,4,AKRVFFWWYCFQY,"R98K,F99R,L103W,P104W,A106C,M107F,D108Q",11.1029415,7.958573722839356,26.00416666666665,-0.0525,5A12_dual,ablang2,1.65035,-0.6129734187521096,-1.65035,0.6129734187521096,"SB0A,RB1K,WB2R,GB3V,GB4F,DB5F,GB6W,FB7W,AB9C,MB10F,DB11Q",greedy_dual_multi,-1.65035,0.6129734187521096,-0.0433679788546144,0.6727563207032585,0.2710037347910379,0.0077591962377242,0.5526238207498295,1.046386191565745,2.5071612851929808,11,ablang2+greedy_dual_multi
6,219,XXXX,{'H': 'R98K:F99P:V100I:F101R:L103K:P104Y:Y105H:M107H'},H,XXXX,5,AKPIRFKYHAHDY,"R98K,F99P,V100I,F101R,L103K,P104Y,Y105H,M107H",12.515648,8.03329257965088,22.355833333333315,-0.1866666666666666,5A12_dual,ablang2,-0.7314403986294975,-1.245626706982982,0.7314403986294975,1.245626706982982,"SB0A,RB1K,WB2P,GB3I,GB4R,DB5F,GB6K,FB7Y,YB8H,MB10H",greedy_dual_multi,0.7314403986294975,1.245626706982982,0.6714539282432446,0.7839759906144969,0.3658979304103689,0.0076684335908781,0.2299528301866454,0.4674577488094393,2.526406861855073,10,ablang2+greedy_dual_multi
6,101,XXXX,{'H': 'F99Y:V100R:L103S:P104H:A106R:M107Q'},H,XXXX,2,ARYRFFSHYRQDY,"F99Y,V100R,L103S,P104H,A106R,M107Q",13.811158,8.03458194732666,27.34083333333331,-0.2325,5A12_dual,ablang2,0.82087,-2.092334666954356,-0.82087,2.092334666954356,"SB0A,WB2Y,GB3R,GB4F,DB5F,GB6S,FB7H,AB9R,MB10Q",greedy_dual_multi,-0.82087,2.092334666954356,0.2055752009653686,0.9328262085317536,0.4529198131346287,0.0083687471608212,0.6708431603714251,0.2696871627746761,2.540220292938673,9,ablang2+greedy_dual_multi
6,200,XXXX,{'H': 'R98K:V100G:F101Y:L103W:Y105H:M107F:D108R'},H,XXXX,5,AKFGYFWPHAFRY,"R98K,V100G,F101Y,L103W,Y105H,M107F,D108R",14.074828,8.034710884094238,22.579999999999984,-0.1,5A12_dual,ablang2,0.406189790255631,-0.5508585922915223,-0.406189790255631,0.5508585922915223,"SB0A,RB1K,WB2F,GB4Y,DB5F,GB6W,FB7P,YB8H,MB10F,DB11R",greedy_dual_multi,-0.406189790255631,0.5508585922915223,0.3300288466496295,0.6618366106123512,0.4706310309700028,0.0084387785178151,0.2497788915072249,0.8414239478569907,2.5621381061140145,10,ablang2+greedy_dual_multi
6,118,XXXX,{'H': 'R98K:F99Y:V100R:F101G:F102G:L103R'},H,XXXX,2,AKYRGGRPYAMDY,"R98K,F99Y,V100R,F101G,F102G,L103R",9.31121,8.01930294036865,26.405833333333312,-0.2008333333333334,5A12_dual,ablang2,0.7456699817501155,-3.591835534157456,-0.7456699817501155,3.591835534157456,"SB0A,RB1K,WB2Y,GB3R,DB5G,GB6R,FB7P",greedy_dual_multi,-0.7456699817501155,3.591835534157456,0.228144198006463,1.196436616608988,0.1506497055158011,7.003135699392457e-05,0.5881485849004584,0.4063286585805121,2.569777794969217,7,ablang2+greedy_dual_multi
6,213,XXXX,{'H': 'R98K:F99Y:V100R:F101V:F102Y:L103W:A106V:D108Q'},H,XXXX,5,AKYRVYWPYVMQY,"R98K,F99Y,V100R,F101V,F102Y,L103W,A106V,D108Q",14.708654,8.01117992401123,19.757499999999983,-0.12,5A12_dual,ablang2,0.0356562851377821,-1.730151867169523,-0.0356562851377821,1.730151867169523,"SB0A,RB1K,WB2Y,GB3R,GB4V,DB5Y,GB6W,FB7P,AB9V,DB11Q",greedy_dual_multi,-0.0356562851377821,1.730151867169523,0.4412332023831991,0.8691549178122506,0.5132063347805381,-0.0043419441336464,0.0001474056603759,0.7551240557690942,2.574523972271812,10,ablang2+greedy_dual_multi
6,165,XXXX,{'H': 'F99Y:V100F:L103W:A106C:M107F:D108K'},H,XXXX,4,ARYFFFWPYCFKY,"F99Y,V100F,L103W,A106C,M107F,D108K",15.60175,7.951997947692871,22.034999999999982,-0.0516666666666667,5A12_dual,ablang2,0.252472154234181,1.14616361867031,-0.252472154234181,-1.14616361867031,"SB0A,WB2Y,GB3F,GB4F,DB5F,GB6W,FB7P,AB9C,MB10F,DB11K",greedy_dual_multi,-0.252472154234181,-1.14616361867031,0.3761625172692834,0.3635021932523994,0.573197300017013,0.0106439494431437,0.2015772405642548,1.0499820204027406,2.575065220948835,10,ablang2+greedy_dual_multi
6,203,XXXX,{'H': 'R98K:F99H:V100A:F101Y:L103H:P104R:A106R'},H,XXXX,5,AKHAYFHRYRMDY,"R98K,F99H,V100A,F101Y,L103H,P104R,A106R",14.51808,8.033163642883299,21.87833333333332,-0.2108333333333333,5A12_dual,ablang2,-2.7161397539786423,1.7242503776517273,2.7161397539786423,-1.7242503776517273,"SB0A,RB1K,WB2H,GB3A,GB4Y,DB5F,GB6H,FB7R,AB9R",greedy_dual_multi,2.7161397539786423,-1.7242503776517273,1.2671010427092793,0.2618752520667115,0.5004051149688091,0.0075984022338822,0.187721108488906,0.3631787125365642,2.5878796330041527,9,ablang2+greedy_dual_multi
6,150,XXXX,{'H': 'F99Y:V100N:L103W:A106W:D108R'},H,XXXX,3,ARYNFFWPYWMRY,"F99Y,V100N,L103W,A106W,D108R",20.255531,8.027554893493651,21.88749999999998,-0.145,5A12_dual,ablang2,0.0826221624808809,0.5611471055407797,-0.0826221624808809,-0.5611471055407797,"SB0A,WB2Y,GB3N,GB4F,DB5F,GB6W,FB7P,AB9W,DB11R",greedy_dual_multi,-0.0826221624808809,-0.5611471055407797,0.4271378235328033,0.4663473766937693,0.8858006642568789,0.0045520382046301,0.1885318396209739,0.6472491906592236,2.619618932968279,9,ablang2+greedy_dual_multi
6,196,XXXX,{'H': 'A97T:F99H:V100P:F102A:L103W:P104G:A106R:M107H'},H,XXXX,4,TRHPFAWGYRHDY,"A97T,F99H,V100P,F102A,L103W,P104G,A106R,M107H",12.623451,7.083525276184082,28.22666666666665,-0.2283333333333333,5A12_dual,ablang2,0.3619982300551303,0.3876982654747252,-0.3619982300551303,-0.3876982654747252,"SB0T,WB2H,GB3P,GB4F,DB5A,GB6W,FB7G,AB9R,MB10H",greedy_dual_multi,-0.3619982300551303,-0.3876982654747252,0.3432915986358363,0.4968394694363491,0.3731392639572526,0.3916377132420219,0.7491892688612987,0.2876663069596547,2.641763621092413,9,ablang2+greedy_dual_multi
6,195,XXXX,{'H': 'F99R:F101Y:L103W:P104W:Y105H:M107F'},H,XXXX,4,ARRVYFWWHAFDY,"F99R,F101Y,L103W,P104W,Y105H,M107F",8.7612295,6.991673469543457,31.062499999999982,-0.1133333333333333,5A12_dual,ablang2,0.1525102631234474,3.46986,-0.1525102631234474,-3.46986,"SB0A,WB2R,GB3V,GB4Y,DB5F,GB6W,FB7W,YB8H,MB10F",greedy_dual_multi,-0.1525102631234474,-3.46986,0.4061630369128251,-0.045000772452752,0.1137064641887331,0.4319325511474473,0.999999999991156,0.7838906864650599,2.6906919662524693,9,ablang2+greedy_dual_multi
6,174,XXXX,{'H': 'F99Y:V100N:F102G:L103W:A106R:D108G'},H,XXXX,4,ARYNFGWPYRMGY,"F99Y,V100N,F102G,L103W,A106R,D108G",14.805818,8.027554893493651,20.946666666666648,-0.1674999999999999,5A12_dual,ablang2,-1.1144269228061834,-1.1562923712034987,1.1144269228061834,1.1562923712034987,"SB0A,WB2Y,GB3N,GB4F,DB5G,GB6W,FB7P,AB9R,DB11G",greedy_dual_multi,1.1144269228061834,1.1562923712034987,0.7863956786853855,0.7682711242651608,0.5197330263637912,0.0045520382046301,0.1053213443386909,0.5501618120603403,2.734435023917998,9,ablang2+greedy_dual_multi
6,192,XXXX,{'H': 'A97G:V100Y:F101R:F102Y:L103Q:P104Y:Y105H:A106C:M107N'},H,XXXX,4,GRFYRYQYHCNDY,"A97G,V100Y,F101R,F102Y,L103Q,P104Y,Y105H,A106C,M107N",15.308261,6.977577400207521,24.995083333333312,-0.2491666666666667,5A12_dual,ablang2,-0.9839270417265128,1.2839064883584974,0.9839270417265128,-1.2839064883584974,"SB0G,WB2F,GB3Y,GB4R,DB5Y,GB6Q,FB7Y,YB8H,AB9C,MB10N",greedy_dual_multi,0.9839270417265128,-1.2839064883584974,0.7472301106643328,0.3392871661841193,0.5534830829605177,0.4381164124101606,0.4633770636751468,0.1977705860347622,2.73926442192904,10,ablang2+greedy_dual_multi
6,123,XXXX,{'H': 'F99Y:V100Y:F101W:F102G:L103W:P104W:M107R'},H,XXXX,3,ARYYWGWWYARDY,"F99Y,V100Y,F101W,F102G,L103W,P104W,M107R",11.571937,6.842300605773925,25.58916666666665,-0.2008333333333332,5A12_dual,ablang2,-0.0580577417217753,0.0479505050067952,0.0580577417217753,-0.0479505050067952,"SB0A,WB2Y,GB3Y,GB4W,DB5G,GB6W,FB7W,MB10R",greedy_dual_multi,0.0580577417217753,-0.0479505050067952,0.4693586157025721,0.556566707838904,0.3025070588867265,0.4974615325926568,0.5159198113161919,0.4063286585805129,2.748142384917565,8,ablang2+greedy_dual_multi
6,104,XXXX,{'H': 'F99Y:V100I:F101R:F102G:L103W:P104Y:A106F:M107R'},H,XXXX,2,ARYIRGWYYFRDY,"F99Y,V100I,F101R,F102G,L103W,P104Y,A106F,M107R",11.073925,8.019174003601073,24.636666666666645,-0.1775,5A12_dual,ablang2,-0.5519595890061488,-2.0907281553416945,0.5519595890061488,2.0907281553416945,"SB0A,WB2Y,GB3I,GB4R,DB5G,GB6W,FB7Y,AB9F,MB10R",greedy_dual_multi,0.5519595890061488,2.0907281553416945,0.6175882250746312,0.9325437857662474,0.2690546410286829,0.0,0.4316774764112762,0.5070118660163917,2.7578759942972293,9,ablang2+greedy_dual_multi
7,240,XXXX,{'H': 'R98K:F99G:V100N:F101W:F102Y:L103R:P104F:A106R:M107G'},H,XXXX,6,AKGNWYRFYRGDY,"R98K,F99G,V100N,F101W,F102Y,L103R,P104F,A106R,M107G",10.897076,8.01930294036865,20.827583333333312,-0.2316666666666667,5A12_dual,ablang2,0.948597859528026,2.4808,-0.948597859528026,-2.4808,"SB0A,RB1K,WB2G,GB3N,GB4W,DB5Y,GB6R,AB9R,MB10G",greedy_dual_multi,-0.948597859528026,-2.4808,0.167241570856738,0.1288747590093817,0.2571753556986564,7.003135699392457e-05,0.0947892099048215,0.2732829916116717,0.9214339184382634,9,ablang2+greedy_dual_multi
7,86,XXXX,{'H': 'F99Y:V100R:F101Y:F102Y:P104W:A106R'},H,XXXX,2,ARYRYYLWYRMDY,"F99Y,V100R,F101Y,F102Y,P104W,A106R",11.70647,8.011050987243653,22.84249999999998,-0.1983333333333333,5A12_dual,ablang2,-0.7007165465378282,5.52689,0.7007165465378282,-5.52689,"SB0A,WB2Y,GB3R,GB4Y,DB5Y,GB6L,FB7W,AB9R",greedy_dual_multi,0.7007165465378282,-5.52689,0.6622330990056271,-0.406624116318193,0.311543897620926,-0.0044119754906404,0.2729952830164532,0.4171161450914995,1.2528523329256724,8,ablang2+greedy_dual_multi
7,193,XXXX,{'H': 'R98K:F99W:F102W:L103W:P104W:M107F:D108R'},H,XXXX,4,AKWVFWWWYAFRY,"R98K,F99W,F102W,L103W,P104W,M107F,D108R",14.159484,8.027683830261232,24.55333333333332,-0.0675,5A12_dual,ablang2,4.94665,0.8461083045071378,-4.94665,-0.8461083045071378,"SB0A,RB1K,GB3V,GB4F,DB5W,GB6W,FB7W,MB10F,DB11R",greedy_dual_multi,-4.94665,-0.8461083045071378,-1.0326521130599118,0.4162515484160487,0.4763175362875264,0.004622069561626,0.4243071933924741,0.9816612724998226,1.2705075070975862,9,ablang2+greedy_dual_multi
7,147,XXXX,{'H': 'V100G:F101Y:F102R:L103T:P104W:M107R:Y109P'},H,XXXX,3,ARFGYRTWYARDP,"V100G,F101Y,F102R,L103T,P104W,M107R,Y109P",11.61794,8.036193656921387,23.14416666666665,-0.1975,5A12_dual,ablang2,0.6353059170345317,1.6020271059490387,-0.6353059170345317,-1.6020271059490387,"SB0A,WB2F,GB4Y,DB5R,GB6T,FB7W,MB10R,YB12P",greedy_dual_multi,-0.6353059170345317,-1.6020271059490387,0.2612666135055176,0.2833619528981532,0.3055971683192776,0.0092441391232501,0.2996757075445194,0.4207119739284951,1.5798575553192131,8,ablang2+greedy_dual_multi
7,170,XXXX,{'H': 'R98K:F99Y:V100R:F101D:F102W:L103W:P104Q:M107F:D108G'},H,XXXX,4,AKYRDWWQYAFGY,"R98K,F99Y,V100R,F101D,F102W,L103W,P104Q,M107F,D108G",10.909609,6.842300605773925,23.14416666666665,-0.1833333333333333,5A12_dual,ablang2,0.76266498037538,3.39963,-0.76266498037538,-3.39963,"SB0A,RB1K,WB2Y,GB3R,GB4D,DB5W,GB6W,FB7Q,MB10F,DB11G",greedy_dual_multi,-0.76266498037538,-3.39963,0.2230436663495098,-0.0326544248352307,0.2580172212621666,0.4974615325926568,0.2996757075445194,0.481841064157422,1.7273847670710438,10,ablang2+greedy_dual_multi
7,235,XXXX,{'H': 'A97G:F99E:V100G:L103T:P104W:A106R:M107H:D108R'},H,XXXX,5,GREGFFTWYRHRY,"A97G,F99E,V100G,L103T,P104W,A106R,M107H,D108R",15.696856,8.043349647521975,22.230833333333315,-0.2208333333333333,5A12_dual,ablang2,2.84182,-2.477770604248462,-2.84182,2.477770604248462,"SB0G,WB2E,GB4F,DB5F,GB6T,FB7W,AB9R,MB10H,DB11R",greedy_dual_multi,-2.84182,2.477770604248462,-0.4009514413372724,1.0005853722241669,0.579585751806944,0.0131308794364351,0.2188974056584412,0.3200287664926159,1.7312767342813309,9,ablang2+greedy_dual_multi
7,139,XXXX,{'H': 'F99Y:F102W:L103G:P104Q:A106G:M107F:D108R'},H,XXXX,3,ARYVFWGQYGFRY,"F99Y,F102W,L103G,P104Q,A106G,M107F,D108R",13.097153,8.027554893493651,20.459166666666647,-0.1116666666666666,5A12_dual,ablang2,1.0821048572469223,1.1363990399506854,-1.0821048572469223,-1.1363990399506854,"SB0A,WB2Y,GB3V,GB4F,DB5W,FB7Q,AB9G,MB10F,DB11R",greedy_dual_multi,-1.0821048572469223,-1.1363990399506854,0.1271735082869819,0.3652187941809361,0.4049587326531695,0.0045520382046301,0.0622051886786948,0.7910823441390514,1.755190606143464,9,ablang2+greedy_dual_multi
7,274,XXXX,{'H': 'A97G:F99H:F101Y:F102W:L103K:P104W:A106S:M107K'},H,XXXX,6,GRHVYWKWYSKDY,"A97G,F99H,F101Y,F102W,L103K,P104W,A106S,M107K",17.932545,8.018335914611818,24.028333333333315,-0.2383333333333333,5A12_dual,ablang2,1.1735081892011203,1.4749533873768534,-1.1735081892011203,-1.4749533873768534,"SB0G,WB2H,GB3V,GB4Y,DB5W,GB6K,FB7W,AB9S,MB10K",greedy_dual_multi,-1.1735081892011203,-1.4749533873768534,0.0997415797259322,0.3057013563232319,0.7297612548643636,-0.0004552038204614,0.3778744103740163,0.2445163609157064,1.757139758382789,9,ablang2+greedy_dual_multi
7,241,XXXX,{'H': 'F99Y:V100G:F101R:L103W:P104Y:A106R:M107N:D108R:Y109P'},H,XXXX,6,ARYGRFWYYRNRP,"F99Y,V100G,F101R,L103W,P104Y,A106R,M107N,D108R,Y109P",15.952581,8.961572837829593,25.45666666666664,-0.255,5A12_dual,ablang2,2.46128,1.6156,-2.46128,-1.6156,"SB0A,WB2Y,GB4R,DB5F,GB6W,FB7Y,AB9R,MB10N,DB11R,YB12P",greedy_dual_multi,-2.46128,-1.6156,-0.2867439406757781,0.2809758548185725,0.5967632888075548,0.5118591882714173,0.5042010613162946,0.1725997841757925,1.7796552367138536,10,ablang2+greedy_dual_multi
7,111,XXXX,{'H': 'F99Y:V100R:L103R:M107F'},H,XXXX,2,ARYRFFRPYAFDY,"F99Y,V100R,L103R,M107F",9.84041,8.027554893493651,26.48499999999997,-0.145,5A12_dual,ablang2,0.7612258409766732,2.14841,-0.7612258409766732,-2.14841,"SB0A,WB2Y,GB3R,GB4F,DB5F,GB6R,FB7P,MB10F",greedy_dual_multi,-0.7612258409766732,-2.14841,0.2234755802451049,0.1873085121716759,0.1861970809414467,0.0045520382046301,0.5951503537683206,0.6472491906592236,1.843932755990402,8,ablang2+greedy_dual_multi
7,45,XXXX,{'H': 'F99Y:F102Y:L103R:P104K:A106C:M107H'},H,XXXX,1,ARYVFYRKYCHDY,"F99Y,F102Y,L103R,P104K,A106C,M107H",13.477598,7.953222846984862,27.311749999999986,-0.1699999999999999,5A12_dual,ablang2,1.5302674123776736,1.6962706697705785,-1.5302674123776736,-1.6962706697705785,"SB0A,WB2Y,GB3V,GB4F,DB5Y,GB6R,FB7K,AB9C,MB10H",greedy_dual_multi,-1.5302674123776736,-1.6962706697705785,-0.0073288444526834,0.2667940502973446,0.4305139504230293,0.0101065934538995,0.6682709315978637,0.5393743255493533,1.907731006868807,9,ablang2+greedy_dual_multi
7,98,XXXX,{'H': 'R98K:F99Y:V100R:F101R:P104R:M107H'},H,XXXX,2,AKYRRFLRYAHDY,"R98K,F99Y,V100R,F101R,P104R,M107H",11.310105,8.603708839416509,29.52249999999998,-0.2058333333333333,5A12_dual,ablang2,1.967117091175836,1.5781858894858454,-1.967117091175836,-1.5781858894858454,"SB0A,RB1K,WB2Y,GB3R,GB4R,DB5F,GB6L,FB7R,MB10H",greedy_dual_multi,-1.967117091175836,-1.5781858894858454,-0.1384359816270008,0.2875532094278294,0.2849193030242026,0.3174871569337099,0.863797169803681,0.3847536855585383,2.0000745431209603,9,ablang2+greedy_dual_multi
7,162,XXXX,{'H': 'R98K:F99Y:V100G:F101H:F102W:L103W:A106C:M107F'},H,XXXX,4,AKYGHWWPYCFDY,"R98K,F99Y,V100G,F101H,F102W,L103W,A106C,M107F",9.359238,6.078327751159667,23.99666666666665,-0.1508333333333333,5A12_dual,ablang2,0.2546167002204269,4.92748,-0.2546167002204269,-4.92748,"SB0A,RB1K,WB2Y,GB4H,DB5W,GB6W,FB7P,AB9C,MB10F",greedy_dual_multi,-0.2546167002204269,-4.92748,0.3755188970528994,-0.301248575588897,0.1538758380686032,0.8326118520770779,0.3750737028268713,0.6220783888002539,2.057910103236809,9,ablang2+greedy_dual_multi
7,124,XXXX,{'H': 'F99Y:V100G:F101R:P104W:M107R'},H,XXXX,3,ARYGRFLWYARDY,"F99Y,V100G,F101R,P104W,M107R",11.391009,8.027554893493651,26.52666666666665,-0.1575,5A12_dual,ablang2,0.4606217160883368,1.6965727209819592,-0.4606217160883368,-1.6965727209819592,"SB0A,WB2Y,GB4R,DB5F,GB6L,FB7W,MB10R",greedy_dual_multi,-0.4606217160883368,-1.6965727209819592,0.3136927605468672,0.2667409500659051,0.2903537793307718,0.0045520382046301,0.5988354952777227,0.5933117581042882,2.067486781530185,7,ablang2+greedy_dual_multi
7,275,XXXX,{'H': 'R98K:F99G:V100R:F101A:L103W:A106R'},H,XXXX,6,AKGRAFWPYRMDY,"R98K,F99G,V100R,F101A,L103W,A106R",10.796612,8.027683830261232,21.79916666666665,-0.1708333333333333,5A12_dual,ablang2,-0.872548027878902,0.95565,0.872548027878902,-0.95565,"SB0A,RB1K,WB2G,GB3R,GB4A,DB5F,GB6W,FB7P,AB9R",greedy_dual_multi,0.872548027878902,-0.95565,0.7138030890695527,0.3969942530840318,0.2504269968083275,0.004622069561626,0.1807193396210432,0.5357784967123572,2.0823442448569387,9,ablang2+greedy_dual_multi
7,68,XXXX,{'H': 'R98K:V100R:F101G:L103P:P104R:M107H:Y109P'},H,XXXX,1,AKFRGFPRYAHDP,"R98K,V100R,F101G,L103P,P104R,M107H,Y109P",12.125527,8.043285179138184,25.446666666666648,-0.185,5A12_dual,ablang2,1.497686392380941,-1.2143949483096306,-1.497686392380941,1.2143949483096306,"SB0A,RB1K,WB2F,GB3R,DB5F,GB6P,FB7R,MB10H,YB12P",greedy_dual_multi,-1.497686392380941,1.2143949483096306,0.0024493572155485,0.7784854858545976,0.3396927572273977,0.0130958637579372,0.503316627354039,0.4746494064834304,2.1116894978929506,9,ablang2+greedy_dual_multi
7,208,XXXX,{'H': 'F99D:F101Y:F102W:L103W:P104Y:A106Y:M107H:D108R'},H,XXXX,5,ARDVYWWYYYHRY,"F99D,F101Y,F102W,L103W,P104Y,A106Y,M107H,D108R",12.61328,6.988035774230957,24.87999999999997,-0.2075,5A12_dual,ablang2,-0.3669717320208754,3.38099,0.3669717320208754,-3.38099,"SB0A,WB2D,GB3V,GB4Y,DB5W,GB6W,FB7Y,AB9Y,MB10H,DB11R",greedy_dual_multi,0.3669717320208754,-3.38099,0.5620697492271144,-0.0293775357623189,0.3724560584480798,0.4335283863120187,0.4531987028261794,0.3775620278845468,2.1694373889356204,10,ablang2+greedy_dual_multi
7,138,XXXX,{'H': 'V100D:F101Y:F102Y:L103W:P104Y:Y105H:A106R:M107G:D108K'},H,XXXX,3,ARFDYYWYHRGKY,"V100D,F101Y,F102Y,L103W,P104Y,Y105H,A106R,M107G,D108K",16.331774,8.018271446228027,24.721666666666643,-0.2366666666666667,5A12_dual,ablang2,-0.7577443508905146,2.16259,0.7577443508905146,-2.16259,"SB0A,WB2F,GB3D,GB4Y,DB5Y,GB6W,FB7Y,YB8H,AB9R,MB10G,DB11K",greedy_dual_multi,0.7577443508905146,-2.16259,0.6793482590501244,0.1848156856129909,0.6222344073445482,-0.0004902194989594,0.4391951650904547,0.2517080185896976,2.1768113161888563,11,ablang2+greedy_dual_multi
7,161,XXXX,{'H': 'F99Y:V100R:L103W:A106W:M107F:D108Q'},H,XXXX,4,ARYRFFWPYWFQY,"F99Y,V100R,L103W,A106W,M107F,D108Q",12.230845,8.027554893493651,20.38583333333332,-0.1374999999999999,5A12_dual,ablang2,-0.7765457384997836,0.6019337362311479,0.7765457384997836,-0.6019337362311479,"SB0A,WB2Y,GB3R,GB4F,DB5F,GB6W,FB7P,AB9W,MB10F,DB11Q",greedy_dual_multi,0.7765457384997836,-0.6019337362311479,0.6849909233898064,0.4591771371857137,0.3467671685748622,0.0045520382046301,0.0557193396221489,0.6796116501921852,2.2308182571693465,10,ablang2+greedy_dual_multi
7,33,XXXX,{'H': 'R98K:V100G:F101N:F102R:L103Y:P104K:A106F:M107H'},H,XXXX,0,AKFGNRYKYFHDY,"R98K,V100G,F101N,F102R,L103Y,P104K,A106F,M107H",13.289036,8.018335914611818,22.579999999999984,-0.2191666666666666,5A12_dual,ablang2,-0.4255250298102897,-1.2669177961162634,0.4255250298102897,1.2669177961162634,"SB0A,RB1K,WB2F,GB4N,DB5R,GB6Y,FB7K,AB9F,MB10H",greedy_dual_multi,0.4255250298102897,1.2669177961162634,0.5796427397038507,0.7877189378962159,0.4178478804967053,-0.0004552038204614,0.2497788915072249,0.3272204241666075,2.361753669950143,9,ablang2+greedy_dual_multi
7,189,XXXX,{'H': 'V100N:F101G:L103W:A106R:M107G:D108E:Y109H'},H,XXXX,4,ARFNGFWPYRGEH,"V100N,F101G,L103W,A106R,M107G,D108E,Y109H",15.427788,6.995083808898925,19.91416666666665,-0.1941666666666666,5A12_dual,ablang2,0.0554580985162047,0.45264,-0.0554580985162047,-0.45264,"SB0A,WB2F,GB3N,DB5F,GB6W,FB7P,AB9R,MB10G,DB11E,YB12H",greedy_dual_multi,-0.0554580985162047,-0.45264,0.4352902906931928,0.4854227923847496,0.5615119399947225,0.4304364556806621,0.014003537735725,0.4350952892764781,2.36176030576553,10,ablang2+greedy_dual_multi
7,244,XXXX,{'H': 'A97T:R98K:F99R:V100D:F102Y:L103R:P104N:A106R:M107N'},H,XXXX,6,TKRDFYRNYRNDY,"A97T,R98K,F99R,V100D,F102Y,L103R,P104N,A106R,M107N",11.084974,8.01930294036865,30.675916666666645,-0.3341666666666665,5A12_dual,ablang2,-1.2547733561274592,0.545561544862212,1.2547733561274592,-0.545561544862212,"SB0T,RB1K,WB2R,GB3D,GB4F,DB5Y,GB6R,FB7N,AB9R,MB10N",greedy_dual_multi,1.2547733561274592,-0.545561544862212,0.8285163897180705,0.4690872990909154,0.2697968234759202,7.003135699392457e-05,0.9658092570669295,-0.1690039553387972,2.3642758453700323,10,ablang2+greedy_dual_multi
7,212,XXXX,{'H': 'V100P:L103W:P104F:Y105H:A106G:M107H:D108R'},H,XXXX,5,ARFPFFWFHGHRY,"V100P,L103W,P104F,Y105H,A106G,M107H,D108R",22.583584,8.05882205963135,25.633333333333315,-0.1125,5A12_dual,ablang2,2.1795563375223947,1.9495803044467088,-2.1795563375223947,-1.9495803044467088,"SB0A,WB2F,GB3P,GB4F,DB5F,GB6W,YB8H,AB9G,MB10H,DB11R",greedy_dual_multi,-2.1795563375223947,-1.9495803044467088,-0.2021931566090053,0.2222625280906118,1.0421804337236225,0.0215346422757523,0.5198260613161573,0.7874865153020555,2.391097024099194,10,ablang2+greedy_dual_multi
7,246,XXXX,{'H': 'F99G:L103R:P104Y:Y105R:M107H:D108R'},H,XXXX,6,ARGVFFRYRAHRY,"F99G,L103R,P104Y,Y105R,M107H,D108R",15.431257,8.986135292053223,19.83499999999998,-0.1475,5A12_dual,ablang2,0.9837880441310474,0.2490256849110306,-0.9837880441310474,-0.2490256849110306,"SB0A,WB2G,GB3V,GB4F,DB5F,GB6R,FB7Y,YB8R,MB10H,DB11R",greedy_dual_multi,-0.9837880441310474,-0.2490256849110306,0.1566803078322789,0.5212179385330045,0.5617449593547973,0.5252001617788323,0.0070017688678622,0.6364617041482364,2.408306840515012,10,ablang2+greedy_dual_multi
7,160,XXXX,{'H': 'V100R:F101Y:L103W:P104Y:Y105H:A106C:M107R'},H,XXXX,4,ARFRYFWYHCRDY,"V100R,F101Y,L103W,P104Y,Y105H,A106C,M107R",14.114734,7.966052055358888,24.31583333333332,-0.1833333333333333,5A12_dual,ablang2,0.1785702012560763,-0.4812351594687643,-0.1785702012560763,0.4812351594687643,"SB0A,WB2F,GB3R,GB4Y,DB5F,GB6W,FB7Y,YB8H,AB9C,MB10R",greedy_dual_multi,-0.1785702012560763,0.4812351594687643,0.3983419395209064,0.649596896758515,0.4733115932597531,0.0044784965139135,0.4033018867888863,0.481841064157422,2.4108718769993964,10,ablang2+greedy_dual_multi
7,171,XXXX,{'H': 'F99Y:V100R:F101N:L103R:A106C:M107C'},H,XXXX,4,ARYRNFRPYCCDY,"F99Y,V100R,F101N,L103R,A106C,M107C",11.282825,7.902486228942872,24.864166666666648,-0.1941666666666667,5A12_dual,ablang2,-1.0141903384823616,0.528969471401695,1.0141903384823616,-0.528969471401695,"SB0A,WB2Y,GB3R,GB4N,DB5F,GB6R,FB7P,AB9C,MB10C",greedy_dual_multi,1.0141903384823616,-0.528969471401695,0.7563127182332154,0.4720041651971235,0.2830868532857075,0.0323644441663017,0.4517983490526079,0.4350952892764776,2.430661819211434,9,ablang2+greedy_dual_multi
7,105,XXXX,{'H': 'F99D:V100R:F101A:L103R:P104W:M107F'},H,XXXX,2,ARDRAFRWYAFDY,"F99D,V100R,F101A,L103R,P104W,M107F",7.351794,6.847245597839356,31.06249999999998,-0.1658333333333333,5A12_dual,ablang2,1.3410001737887,1.4404077197628,-1.3410001737887,-1.4404077197628,"SB0A,WB2D,GB3R,GB4A,DB5F,GB6R,FB7W,MB10F",greedy_dual_multi,-1.3410001737887,-1.4404077197628,0.049473957555908,0.3117744421988186,0.0190319878910523,0.4952921941658172,0.9999999999911556,0.5573534697343314,2.432926051537083,8,ablang2+greedy_dual_multi
7,180,XXXX,{'H': 'F99Y:V100A:F101A:F102Y:L103W:A106C:M107F:D108K'},H,XXXX,4,ARYAAYWPYCFKY,"F99Y,V100A,F101A,F102Y,L103W,A106C,M107F,D108K",12.952525,7.945551109313965,23.144166666666653,-0.1024999999999999,5A12_dual,ablang2,-0.2494147267734501,1.11123349255974,0.2494147267734501,-1.11123349255974,"SB0A,WB2Y,GB3A,GB4A,DB5Y,GB6W,FB7P,AB9C,MB10F,DB11K",greedy_dual_multi,0.2494147267734501,-1.11123349255974,0.5267885915181781,0.3696428664587919,0.395243793475051,0.0134721388602216,0.2996757075445197,0.8306364613460041,2.4354595592027666,10,ablang2+greedy_dual_multi
7,122,XXXX,{'H': 'R98K:F99D:V100N:F102S:L103W:A106R:M107K:D108G'},H,XXXX,3,AKDNFSWPYRKGY,"R98K,F99D,V100N,F102S,L103W,A106R,M107K,D108G",12.916198,8.01936740875244,19.83916666666665,-0.2325,5A12_dual,ablang2,-0.0991699530639227,-4.10191699900312,0.0991699530639227,4.10191699900312,"SB0A,RB1K,WB2D,GB3N,GB4F,DB5S,GB6W,FB7P,AB9R,MB10K,DB11G",greedy_dual_multi,0.0991699530639227,4.10191699900312,0.481697194837627,1.2861083107317144,0.3928036394556115,0.0001050470354918,0.0073702830188026,0.2696871627746761,2.437771637853924,11,ablang2+greedy_dual_multi
7,141,XXXX,{'H': 'R98K:F99R:V100G:F101Y:F102S:L103W:P104T:M107K:Y109S'},H,XXXX,3,AKRGYSWTYAKDS,"R98K,F99R,V100G,F101Y,F102S,L103W,P104T,M107K,Y109S",9.403126,8.01936740875244,28.407499999999988,-0.2108333333333333,5A12_dual,ablang2,1.504562413725676,-3.395860195072806,-1.504562413725676,3.395860195072806,"SB0A,RB1K,WB2R,GB4Y,DB5S,GB6W,FB7T,MB10K,YB12S",greedy_dual_multi,-1.504562413725676,3.395860195072806,0.0003857286554043,1.161984393046398,0.1568238789088918,0.0001050470354918,0.7651827830121011,0.3631787125365642,2.447660543194852,9,ablang2+greedy_dual_multi
7,264,XXXX,{'H': 'F99G:V100P:F101Y:F102R:P104W:Y105H:A106R:M107L'},H,XXXX,6,ARGPYRLWHRLDY,"F99G,V100P,F101Y,F102R,P104W,Y105H,A106R,M107L",8.91692,8.043220710754394,25.74583333333332,-0.1933333333333333,5A12_dual,ablang2,-2.296468132925666,1.877962705747667,2.296468132925666,-1.877962705747667,"SB0A,WB2G,GB3P,GB4Y,DB5R,GB6L,FB7W,YB8H,AB9R,MB10L",greedy_dual_multi,2.296468132925666,-1.877962705747667,1.1411493768160272,0.2348528138526866,0.1241644926348904,0.0130608480794392,0.5297759433915413,0.4386911181134736,2.4816945928880583,10,ablang2+greedy_dual_multi
7,267,XXXX,{'H': 'F99P:V100R:F101Y:F102Y:L103W:P104W:Y109P'},H,XXXX,6,ARPRYYWWYAMDP,"F99P,V100R,F101Y,F102Y,L103W,P104W,Y109P",11.901189,6.843437385559082,27.02583333333332,-0.19,5A12_dual,ablang2,0.1136850430802427,2.37098,-0.1136850430802427,-2.37098,"SB0A,WB2P,GB3R,GB4Y,DB5Y,GB6W,FB7W,YB12P",greedy_dual_multi,-0.1136850430802427,-2.37098,0.4178152452056904,0.1481809799314406,0.3246235450047248,0.4969628341037279,0.6429834905603512,0.4530744334614562,2.483640528267391,8,ablang2+greedy_dual_multi
7,103,XXXX,{'H': 'R98K:F99D:V100K:F101Y:L103Y:P104V:A106R:M107G:Y109P'},H,XXXX,2,AKDKYFYVYRGDP,"R98K,F99D,V100K,F101Y,L103Y,P104V,A106R,M107G,Y109P",9.651124,6.843778419494629,23.804249999999985,-0.1941666666666666,5A12_dual,ablang2,0.054719723929602,-0.23768,-0.054719723929602,0.23768,"SB0A,RB1K,WB2D,GB3K,GB4Y,DB5F,GB6Y,FB7V,AB9R,MB10G,YB12P",greedy_dual_multi,-0.054719723929602,0.23768,0.4355118913556405,0.6067801992952911,0.1734823785513885,0.4968132245570495,0.3580557193364562,0.4350952892764781,2.5057387023723043,11,ablang2+greedy_dual_multi
7,194,XXXX,{'H': 'R98K:F99R:L103W:P104W:A106C:M107F:D108Q'},H,XXXX,4,AKRVFFWWYCFQY,"R98K,F99R,L103W,P104W,A106C,M107F,D108Q",11.1029415,7.958573722839356,26.00416666666665,-0.0525,5A12_dual,ablang2,1.65035,-0.6129734187521096,-1.65035,0.6129734187521096,"SB0A,RB1K,WB2R,GB3V,GB4F,DB5F,GB6W,FB7W,AB9C,MB10F,DB11Q",greedy_dual_multi,-1.65035,0.6129734187521096,-0.0433679788546144,0.6727563207032585,0.2710037347910379,0.0077591962377242,0.5526238207498295,1.046386191565745,2.5071612851929808,11,ablang2+greedy_dual_multi
7,219,XXXX,{'H': 'R98K:F99P:V100I:F101R:L103K:P104Y:Y105H:M107H'},H,XXXX,5,AKPIRFKYHAHDY,"R98K,F99P,V100I,F101R,L103K,P104Y,Y105H,M107H",12.515648,8.03329257965088,22.355833333333315,-0.1866666666666666,5A12_dual,ablang2,-0.7314403986294975,-1.245626706982982,0.7314403986294975,1.245626706982982,"SB0A,RB1K,WB2P,GB3I,GB4R,DB5F,GB6K,FB7Y,YB8H,MB10H",greedy_dual_multi,0.7314403986294975,1.245626706982982,0.6714539282432446,0.7839759906144969,0.3658979304103689,0.0076684335908781,0.2299528301866454,0.4674577488094393,2.526406861855073,10,ablang2+greedy_dual_multi
7,272,XXXX,{'H': 'F99Y:V100R:F101H:F102W:L103Y:P104V:A106G'},H,XXXX,6,ARYRHWYVYGMDY,"F99Y,V100R,F101H,F102W,L103Y,P104V,A106G",12.626817,6.989229393005371,21.907499999999978,-0.1766666666666666,5A12_dual,ablang2,0.0954247594074337,-0.2354027491885464,-0.0954247594074337,0.2354027491885464,"SB0A,WB2Y,GB3R,GB4H,DB5W,GB6Y,FB7V,AB9G",greedy_dual_multi,-0.0954247594074337,0.2354027491885464,0.4232955136653566,0.6063798614036424,0.3733653646104702,0.4330047528986435,0.1903007075454862,0.5106076948533875,2.5369538949769868,8,ablang2+greedy_dual_multi
7,101,XXXX,{'H': 'F99Y:V100R:L103S:P104H:A106R:M107Q'},H,XXXX,2,ARYRFFSHYRQDY,"F99Y,V100R,L103S,P104H,A106R,M107Q",13.811158,8.03458194732666,27.34083333333331,-0.2325,5A12_dual,ablang2,0.82087,-2.092334666954356,-0.82087,2.092334666954356,"SB0A,WB2Y,GB3R,GB4F,DB5F,GB6S,FB7H,AB9R,MB10Q",greedy_dual_multi,-0.82087,2.092334666954356,0.2055752009653686,0.9328262085317536,0.4529198131346287,0.0083687471608212,0.6708431603714251,0.2696871627746761,2.540220292938673,9,ablang2+greedy_dual_multi
7,200,XXXX,{'H': 'R98K:V100G:F101Y:L103W:Y105H:M107F:D108R'},H,XXXX,5,AKFGYFWPHAFRY,"R98K,V100G,F101Y,L103W,Y105H,M107F,D108R",14.074828,8.034710884094238,22.579999999999984,-0.1,5A12_dual,ablang2,0.406189790255631,-0.5508585922915223,-0.406189790255631,0.5508585922915223,"SB0A,RB1K,WB2F,GB4Y,DB5F,GB6W,FB7P,YB8H,MB10F,DB11R",greedy_dual_multi,-0.406189790255631,0.5508585922915223,0.3300288466496295,0.6618366106123512,0.4706310309700028,0.0084387785178151,0.2497788915072249,0.8414239478569907,2.5621381061140145,10,ablang2+greedy_dual_multi
7,118,XXXX,{'H': 'R98K:F99Y:V100R:F101G:F102G:L103R'},H,XXXX,2,AKYRGGRPYAMDY,"R98K,F99Y,V100R,F101G,F102G,L103R",9.31121,8.01930294036865,26.405833333333312,-0.2008333333333334,5A12_dual,ablang2,0.7456699817501155,-3.591835534157456,-0.7456699817501155,3.591835534157456,"SB0A,RB1K,WB2Y,GB3R,DB5G,GB6R,FB7P",greedy_dual_multi,-0.7456699817501155,3.591835534157456,0.228144198006463,1.196436616608988,0.1506497055158011,7.003135699392457e-05,0.5881485849004584,0.4063286585805121,2.569777794969217,7,ablang2+greedy_dual_multi
7,213,XXXX,{'H': 'R98K:F99Y:V100R:F101V:F102Y:L103W:A106V:D108Q'},H,XXXX,5,AKYRVYWPYVMQY,"R98K,F99Y,V100R,F101V,F102Y,L103W,A106V,D108Q",14.708654,8.01117992401123,19.757499999999983,-0.12,5A12_dual,ablang2,0.0356562851377821,-1.730151867169523,-0.0356562851377821,1.730151867169523,"SB0A,RB1K,WB2Y,GB3R,GB4V,DB5Y,GB6W,FB7P,AB9V,DB11Q",greedy_dual_multi,-0.0356562851377821,1.730151867169523,0.4412332023831991,0.8691549178122506,0.5132063347805381,-0.0043419441336464,0.0001474056603759,0.7551240557690942,2.574523972271812,10,ablang2+greedy_dual_multi
8,240,XXXX,{'H': 'R98K:F99G:V100N:F101W:F102Y:L103R:P104F:A106R:M107G'},H,XXXX,6,AKGNWYRFYRGDY,"R98K,F99G,V100N,F101W,F102Y,L103R,P104F,A106R,M107G",10.897076,8.01930294036865,20.827583333333312,-0.2316666666666667,5A12_dual,ablang2,0.948597859528026,2.4808,-0.948597859528026,-2.4808,"SB0A,RB1K,WB2G,GB3N,GB4W,DB5Y,GB6R,AB9R,MB10G",greedy_dual_multi,-0.948597859528026,-2.4808,0.167241570856738,0.1288747590093817,0.2571753556986564,7.003135699392457e-05,0.0947892099048215,0.2732829916116717,0.9214339184382634,9,ablang2+greedy_dual_multi
8,86,XXXX,{'H': 'F99Y:V100R:F101Y:F102Y:P104W:A106R'},H,XXXX,2,ARYRYYLWYRMDY,"F99Y,V100R,F101Y,F102Y,P104W,A106R",11.70647,8.011050987243653,22.84249999999998,-0.1983333333333333,5A12_dual,ablang2,-0.7007165465378282,5.52689,0.7007165465378282,-5.52689,"SB0A,WB2Y,GB3R,GB4Y,DB5Y,GB6L,FB7W,AB9R",greedy_dual_multi,0.7007165465378282,-5.52689,0.6622330990056271,-0.406624116318193,0.311543897620926,-0.0044119754906404,0.2729952830164532,0.4171161450914995,1.2528523329256724,8,ablang2+greedy_dual_multi
8,193,XXXX,{'H': 'R98K:F99W:F102W:L103W:P104W:M107F:D108R'},H,XXXX,4,AKWVFWWWYAFRY,"R98K,F99W,F102W,L103W,P104W,M107F,D108R",14.159484,8.027683830261232,24.55333333333332,-0.0675,5A12_dual,ablang2,4.94665,0.8461083045071378,-4.94665,-0.8461083045071378,"SB0A,RB1K,GB3V,GB4F,DB5W,GB6W,FB7W,MB10F,DB11R",greedy_dual_multi,-4.94665,-0.8461083045071378,-1.0326521130599118,0.4162515484160487,0.4763175362875264,0.004622069561626,0.4243071933924741,0.9816612724998226,1.2705075070975862,9,ablang2+greedy_dual_multi
8,147,XXXX,{'H': 'V100G:F101Y:F102R:L103T:P104W:M107R:Y109P'},H,XXXX,3,ARFGYRTWYARDP,"V100G,F101Y,F102R,L103T,P104W,M107R,Y109P",11.61794,8.036193656921387,23.14416666666665,-0.1975,5A12_dual,ablang2,0.6353059170345317,1.6020271059490387,-0.6353059170345317,-1.6020271059490387,"SB0A,WB2F,GB4Y,DB5R,GB6T,FB7W,MB10R,YB12P",greedy_dual_multi,-0.6353059170345317,-1.6020271059490387,0.2612666135055176,0.2833619528981532,0.3055971683192776,0.0092441391232501,0.2996757075445194,0.4207119739284951,1.5798575553192131,8,ablang2+greedy_dual_multi
8,170,XXXX,{'H': 'R98K:F99Y:V100R:F101D:F102W:L103W:P104Q:M107F:D108G'},H,XXXX,4,AKYRDWWQYAFGY,"R98K,F99Y,V100R,F101D,F102W,L103W,P104Q,M107F,D108G",10.909609,6.842300605773925,23.14416666666665,-0.1833333333333333,5A12_dual,ablang2,0.76266498037538,3.39963,-0.76266498037538,-3.39963,"SB0A,RB1K,WB2Y,GB3R,GB4D,DB5W,GB6W,FB7Q,MB10F,DB11G",greedy_dual_multi,-0.76266498037538,-3.39963,0.2230436663495098,-0.0326544248352307,0.2580172212621666,0.4974615325926568,0.2996757075445194,0.481841064157422,1.7273847670710438,10,ablang2+greedy_dual_multi
8,235,XXXX,{'H': 'A97G:F99E:V100G:L103T:P104W:A106R:M107H:D108R'},H,XXXX,5,GREGFFTWYRHRY,"A97G,F99E,V100G,L103T,P104W,A106R,M107H,D108R",15.696856,8.043349647521975,22.230833333333315,-0.2208333333333333,5A12_dual,ablang2,2.84182,-2.477770604248462,-2.84182,2.477770604248462,"SB0G,WB2E,GB4F,DB5F,GB6T,FB7W,AB9R,MB10H,DB11R",greedy_dual_multi,-2.84182,2.477770604248462,-0.4009514413372724,1.0005853722241669,0.579585751806944,0.0131308794364351,0.2188974056584412,0.3200287664926159,1.7312767342813309,9,ablang2+greedy_dual_multi
8,139,XXXX,{'H': 'F99Y:F102W:L103G:P104Q:A106G:M107F:D108R'},H,XXXX,3,ARYVFWGQYGFRY,"F99Y,F102W,L103G,P104Q,A106G,M107F,D108R",13.097153,8.027554893493651,20.459166666666647,-0.1116666666666666,5A12_dual,ablang2,1.0821048572469223,1.1363990399506854,-1.0821048572469223,-1.1363990399506854,"SB0A,WB2Y,GB3V,GB4F,DB5W,FB7Q,AB9G,MB10F,DB11R",greedy_dual_multi,-1.0821048572469223,-1.1363990399506854,0.1271735082869819,0.3652187941809361,0.4049587326531695,0.0045520382046301,0.0622051886786948,0.7910823441390514,1.755190606143464,9,ablang2+greedy_dual_multi
8,274,XXXX,{'H': 'A97G:F99H:F101Y:F102W:L103K:P104W:A106S:M107K'},H,XXXX,6,GRHVYWKWYSKDY,"A97G,F99H,F101Y,F102W,L103K,P104W,A106S,M107K",17.932545,8.018335914611818,24.028333333333315,-0.2383333333333333,5A12_dual,ablang2,1.1735081892011203,1.4749533873768534,-1.1735081892011203,-1.4749533873768534,"SB0G,WB2H,GB3V,GB4Y,DB5W,GB6K,FB7W,AB9S,MB10K",greedy_dual_multi,-1.1735081892011203,-1.4749533873768534,0.0997415797259322,0.3057013563232319,0.7297612548643636,-0.0004552038204614,0.3778744103740163,0.2445163609157064,1.757139758382789,9,ablang2+greedy_dual_multi
8,241,XXXX,{'H': 'F99Y:V100G:F101R:L103W:P104Y:A106R:M107N:D108R:Y109P'},H,XXXX,6,ARYGRFWYYRNRP,"F99Y,V100G,F101R,L103W,P104Y,A106R,M107N,D108R,Y109P",15.952581,8.961572837829593,25.45666666666664,-0.255,5A12_dual,ablang2,2.46128,1.6156,-2.46128,-1.6156,"SB0A,WB2Y,GB4R,DB5F,GB6W,FB7Y,AB9R,MB10N,DB11R,YB12P",greedy_dual_multi,-2.46128,-1.6156,-0.2867439406757781,0.2809758548185725,0.5967632888075548,0.5118591882714173,0.5042010613162946,0.1725997841757925,1.7796552367138536,10,ablang2+greedy_dual_multi
8,111,XXXX,{'H': 'F99Y:V100R:L103R:M107F'},H,XXXX,2,ARYRFFRPYAFDY,"F99Y,V100R,L103R,M107F",9.84041,8.027554893493651,26.48499999999997,-0.145,5A12_dual,ablang2,0.7612258409766732,2.14841,-0.7612258409766732,-2.14841,"SB0A,WB2Y,GB3R,GB4F,DB5F,GB6R,FB7P,MB10F",greedy_dual_multi,-0.7612258409766732,-2.14841,0.2234755802451049,0.1873085121716759,0.1861970809414467,0.0045520382046301,0.5951503537683206,0.6472491906592236,1.843932755990402,8,ablang2+greedy_dual_multi
8,45,XXXX,{'H': 'F99Y:F102Y:L103R:P104K:A106C:M107H'},H,XXXX,1,ARYVFYRKYCHDY,"F99Y,F102Y,L103R,P104K,A106C,M107H",13.477598,7.953222846984862,27.311749999999986,-0.1699999999999999,5A12_dual,ablang2,1.5302674123776736,1.6962706697705785,-1.5302674123776736,-1.6962706697705785,"SB0A,WB2Y,GB3V,GB4F,DB5Y,GB6R,FB7K,AB9C,MB10H",greedy_dual_multi,-1.5302674123776736,-1.6962706697705785,-0.0073288444526834,0.2667940502973446,0.4305139504230293,0.0101065934538995,0.6682709315978637,0.5393743255493533,1.907731006868807,9,ablang2+greedy_dual_multi
8,280,XXXX,{'H': 'F99Y:V100G:F101Y:F102R:P104Q:A106R:D108R'},H,XXXX,7,ARYGYRLQYRMRY,"F99Y,V100G,F101Y,F102R,P104Q,A106R,D108R",15.866413,8.938944435119634,19.88583333333332,-0.2208333333333333,5A12_dual,ablang2,0.0161287982542326,2.48159,-0.0161287982542326,-2.48159,"SB0A,WB2Y,GB4Y,DB5R,GB6L,FB7Q,AB9R,DB11R",greedy_dual_multi,-0.0161287982542326,-2.48159,0.4470937833238894,0.128735877981077,0.5909752195602437,0.499568685118917,0.0114976415093321,0.3200287664926159,1.997899973986076,8,ablang2+greedy_dual_multi
8,98,XXXX,{'H': 'R98K:F99Y:V100R:F101R:P104R:M107H'},H,XXXX,2,AKYRRFLRYAHDY,"R98K,F99Y,V100R,F101R,P104R,M107H",11.310105,8.603708839416509,29.52249999999998,-0.2058333333333333,5A12_dual,ablang2,1.967117091175836,1.5781858894858454,-1.967117091175836,-1.5781858894858454,"SB0A,RB1K,WB2Y,GB3R,GB4R,DB5F,GB6L,FB7R,MB10H",greedy_dual_multi,-1.967117091175836,-1.5781858894858454,-0.1384359816270008,0.2875532094278294,0.2849193030242026,0.3174871569337099,0.863797169803681,0.3847536855585383,2.0000745431209603,9,ablang2+greedy_dual_multi
8,162,XXXX,{'H': 'R98K:F99Y:V100G:F101H:F102W:L103W:A106C:M107F'},H,XXXX,4,AKYGHWWPYCFDY,"R98K,F99Y,V100G,F101H,F102W,L103W,A106C,M107F",9.359238,6.078327751159667,23.99666666666665,-0.1508333333333333,5A12_dual,ablang2,0.2546167002204269,4.92748,-0.2546167002204269,-4.92748,"SB0A,RB1K,WB2Y,GB4H,DB5W,GB6W,FB7P,AB9C,MB10F",greedy_dual_multi,-0.2546167002204269,-4.92748,0.3755188970528994,-0.301248575588897,0.1538758380686032,0.8326118520770779,0.3750737028268713,0.6220783888002539,2.057910103236809,9,ablang2+greedy_dual_multi
8,124,XXXX,{'H': 'F99Y:V100G:F101R:P104W:M107R'},H,XXXX,3,ARYGRFLWYARDY,"F99Y,V100G,F101R,P104W,M107R",11.391009,8.027554893493651,26.52666666666665,-0.1575,5A12_dual,ablang2,0.4606217160883368,1.6965727209819592,-0.4606217160883368,-1.6965727209819592,"SB0A,WB2Y,GB4R,DB5F,GB6L,FB7W,MB10R",greedy_dual_multi,-0.4606217160883368,-1.6965727209819592,0.3136927605468672,0.2667409500659051,0.2903537793307718,0.0045520382046301,0.5988354952777227,0.5933117581042882,2.067486781530185,7,ablang2+greedy_dual_multi
8,275,XXXX,{'H': 'R98K:F99G:V100R:F101A:L103W:A106R'},H,XXXX,6,AKGRAFWPYRMDY,"R98K,F99G,V100R,F101A,L103W,A106R",10.796612,8.027683830261232,21.79916666666665,-0.1708333333333333,5A12_dual,ablang2,-0.872548027878902,0.95565,0.872548027878902,-0.95565,"SB0A,RB1K,WB2G,GB3R,GB4A,DB5F,GB6W,FB7P,AB9R",greedy_dual_multi,0.872548027878902,-0.95565,0.7138030890695527,0.3969942530840318,0.2504269968083275,0.004622069561626,0.1807193396210432,0.5357784967123572,2.0823442448569387,9,ablang2+greedy_dual_multi
8,68,XXXX,{'H': 'R98K:V100R:F101G:L103P:P104R:M107H:Y109P'},H,XXXX,1,AKFRGFPRYAHDP,"R98K,V100R,F101G,L103P,P104R,M107H,Y109P",12.125527,8.043285179138184,25.446666666666648,-0.185,5A12_dual,ablang2,1.497686392380941,-1.2143949483096306,-1.497686392380941,1.2143949483096306,"SB0A,RB1K,WB2F,GB3R,DB5F,GB6P,FB7R,MB10H,YB12P",greedy_dual_multi,-1.497686392380941,1.2143949483096306,0.0024493572155485,0.7784854858545976,0.3396927572273977,0.0130958637579372,0.503316627354039,0.4746494064834304,2.1116894978929506,9,ablang2+greedy_dual_multi
8,208,XXXX,{'H': 'F99D:F101Y:F102W:L103W:P104Y:A106Y:M107H:D108R'},H,XXXX,5,ARDVYWWYYYHRY,"F99D,F101Y,F102W,L103W,P104Y,A106Y,M107H,D108R",12.61328,6.988035774230957,24.87999999999997,-0.2075,5A12_dual,ablang2,-0.3669717320208754,3.38099,0.3669717320208754,-3.38099,"SB0A,WB2D,GB3V,GB4Y,DB5W,GB6W,FB7Y,AB9Y,MB10H,DB11R",greedy_dual_multi,0.3669717320208754,-3.38099,0.5620697492271144,-0.0293775357623189,0.3724560584480798,0.4335283863120187,0.4531987028261794,0.3775620278845468,2.1694373889356204,10,ablang2+greedy_dual_multi
8,138,XXXX,{'H': 'V100D:F101Y:F102Y:L103W:P104Y:Y105H:A106R:M107G:D108K'},H,XXXX,3,ARFDYYWYHRGKY,"V100D,F101Y,F102Y,L103W,P104Y,Y105H,A106R,M107G,D108K",16.331774,8.018271446228027,24.721666666666643,-0.2366666666666667,5A12_dual,ablang2,-0.7577443508905146,2.16259,0.7577443508905146,-2.16259,"SB0A,WB2F,GB3D,GB4Y,DB5Y,GB6W,FB7Y,YB8H,AB9R,MB10G,DB11K",greedy_dual_multi,0.7577443508905146,-2.16259,0.6793482590501244,0.1848156856129909,0.6222344073445482,-0.0004902194989594,0.4391951650904547,0.2517080185896976,2.1768113161888563,11,ablang2+greedy_dual_multi
8,161,XXXX,{'H': 'F99Y:V100R:L103W:A106W:M107F:D108Q'},H,XXXX,4,ARYRFFWPYWFQY,"F99Y,V100R,L103W,A106W,M107F,D108Q",12.230845,8.027554893493651,20.38583333333332,-0.1374999999999999,5A12_dual,ablang2,-0.7765457384997836,0.6019337362311479,0.7765457384997836,-0.6019337362311479,"SB0A,WB2Y,GB3R,GB4F,DB5F,GB6W,FB7P,AB9W,MB10F,DB11Q",greedy_dual_multi,0.7765457384997836,-0.6019337362311479,0.6849909233898064,0.4591771371857137,0.3467671685748622,0.0045520382046301,0.0557193396221489,0.6796116501921852,2.2308182571693465,10,ablang2+greedy_dual_multi
8,298,XXXX,{'H': 'F99Y:V100N:F101H:F102Y:L103Q:M107F:D108K'},H,XXXX,7,ARYNHYQPYAFKY,"F99Y,V100N,F101H,F102Y,L103Q,M107F,D108K",15.888987,8.018271446228027,29.274999999999984,-0.2158333333333334,5A12_dual,ablang2,0.1605940177724751,2.91389,-0.1605940177724751,-2.91389,"SB0A,WB2Y,GB3N,GB4H,DB5Y,GB6Q,FB7P,MB10F,DB11K",greedy_dual_multi,-0.1605940177724751,-2.91389,0.4037369439543287,0.0527380697074834,0.5924915582844662,-0.0004902194989594,0.8419074292378373,0.3416037395145896,2.231987521199746,9,ablang2+greedy_dual_multi
8,314,XXXX,{'H': 'F99Y:V100I:F101N:L103Q:P104W:Y105R:M107F'},H,XXXX,7,ARYINFQWRAFDY,"F99Y,V100I,F101N,L103Q,P104W,Y105R,M107F",10.612714,6.844631004333496,23.06333333333332,-0.1349999999999999,5A12_dual,ablang2,0.627479104740746,1.7657832446265305,-0.627479104740746,-1.7657832446265305,"SB0A,WB2Y,GB3I,GB4N,DB5F,GB6Q,FB7W,YB8R,MB10F",greedy_dual_multi,-0.627479104740746,-1.7657832446265305,0.2636155930351858,0.2545738251377183,0.2380742166760044,0.4964392006903531,0.2925265330162809,0.6903991367031722,2.2356285052587146,9,ablang2+greedy_dual_multi
8,290,XXXX,{'H': 'R98K:F99D:V100R:F101S:F102Y:L103G:P104W:A106R:M107I:D108V'},H,XXXX,7,AKDRSYGWYRIVY,"R98K,F99D,V100R,F101S,F102Y,L103G,P104W,A106R,M107I,D108V",9.113088,8.01930294036865,24.524999999999977,-0.1566666666666666,5A12_dual,ablang2,0.10408,-0.7561037034269456,-0.10408,0.7561037034269456,"SB0A,RB1K,WB2D,GB3R,GB4S,DB5Y,FB7W,AB9R,MB10I,DB11V",greedy_dual_multi,-0.10408,0.7561037034269456,0.4206979065919849,0.6979184486997032,0.137341472118069,7.003135699392457e-05,0.4218012971660804,0.5969075869412842,2.274736742874116,10,ablang2+greedy_dual_multi
8,33,XXXX,{'H': 'R98K:V100G:F101N:F102R:L103Y:P104K:A106F:M107H'},H,XXXX,0,AKFGNRYKYFHDY,"R98K,V100G,F101N,F102R,L103Y,P104K,A106F,M107H",13.289036,8.018335914611818,22.579999999999984,-0.2191666666666666,5A12_dual,ablang2,-0.4255250298102897,-1.2669177961162634,0.4255250298102897,1.2669177961162634,"SB0A,RB1K,WB2F,GB4N,DB5R,GB6Y,FB7K,AB9F,MB10H",greedy_dual_multi,0.4255250298102897,1.2669177961162634,0.5796427397038507,0.7877189378962159,0.4178478804967053,-0.0004552038204614,0.2497788915072249,0.3272204241666075,2.361753669950143,9,ablang2+greedy_dual_multi
8,189,XXXX,{'H': 'V100N:F101G:L103W:A106R:M107G:D108E:Y109H'},H,XXXX,4,ARFNGFWPYRGEH,"V100N,F101G,L103W,A106R,M107G,D108E,Y109H",15.427788,6.995083808898925,19.91416666666665,-0.1941666666666666,5A12_dual,ablang2,0.0554580985162047,0.45264,-0.0554580985162047,-0.45264,"SB0A,WB2F,GB3N,DB5F,GB6W,FB7P,AB9R,MB10G,DB11E,YB12H",greedy_dual_multi,-0.0554580985162047,-0.45264,0.4352902906931928,0.4854227923847496,0.5615119399947225,0.4304364556806621,0.014003537735725,0.4350952892764781,2.36176030576553,10,ablang2+greedy_dual_multi
8,244,XXXX,{'H': 'A97T:R98K:F99R:V100D:F102Y:L103R:P104N:A106R:M107N'},H,XXXX,6,TKRDFYRNYRNDY,"A97T,R98K,F99R,V100D,F102Y,L103R,P104N,A106R,M107N",11.084974,8.01930294036865,30.675916666666645,-0.3341666666666665,5A12_dual,ablang2,-1.2547733561274592,0.545561544862212,1.2547733561274592,-0.545561544862212,"SB0T,RB1K,WB2R,GB3D,GB4F,DB5Y,GB6R,FB7N,AB9R,MB10N",greedy_dual_multi,1.2547733561274592,-0.545561544862212,0.8285163897180705,0.4690872990909154,0.2697968234759202,7.003135699392457e-05,0.9658092570669295,-0.1690039553387972,2.3642758453700323,10,ablang2+greedy_dual_multi
8,212,XXXX,{'H': 'V100P:L103W:P104F:Y105H:A106G:M107H:D108R'},H,XXXX,5,ARFPFFWFHGHRY,"V100P,L103W,P104F,Y105H,A106G,M107H,D108R",22.583584,8.05882205963135,25.633333333333315,-0.1125,5A12_dual,ablang2,2.1795563375223947,1.9495803044467088,-2.1795563375223947,-1.9495803044467088,"SB0A,WB2F,GB3P,GB4F,DB5F,GB6W,YB8H,AB9G,MB10H,DB11R",greedy_dual_multi,-2.1795563375223947,-1.9495803044467088,-0.2021931566090053,0.2222625280906118,1.0421804337236225,0.0215346422757523,0.5198260613161573,0.7874865153020555,2.391097024099194,10,ablang2+greedy_dual_multi
8,246,XXXX,{'H': 'F99G:L103R:P104Y:Y105R:M107H:D108R'},H,XXXX,6,ARGVFFRYRAHRY,"F99G,L103R,P104Y,Y105R,M107H,D108R",15.431257,8.986135292053223,19.83499999999998,-0.1475,5A12_dual,ablang2,0.9837880441310474,0.2490256849110306,-0.9837880441310474,-0.2490256849110306,"SB0A,WB2G,GB3V,GB4F,DB5F,GB6R,FB7Y,YB8R,MB10H,DB11R",greedy_dual_multi,-0.9837880441310474,-0.2490256849110306,0.1566803078322789,0.5212179385330045,0.5617449593547973,0.5252001617788323,0.0070017688678622,0.6364617041482364,2.408306840515012,10,ablang2+greedy_dual_multi
8,160,XXXX,{'H': 'V100R:F101Y:L103W:P104Y:Y105H:A106C:M107R'},H,XXXX,4,ARFRYFWYHCRDY,"V100R,F101Y,L103W,P104Y,Y105H,A106C,M107R",14.114734,7.966052055358888,24.31583333333332,-0.1833333333333333,5A12_dual,ablang2,0.1785702012560763,-0.4812351594687643,-0.1785702012560763,0.4812351594687643,"SB0A,WB2F,GB3R,GB4Y,DB5F,GB6W,FB7Y,YB8H,AB9C,MB10R",greedy_dual_multi,-0.1785702012560763,0.4812351594687643,0.3983419395209064,0.649596896758515,0.4733115932597531,0.0044784965139135,0.4033018867888863,0.481841064157422,2.4108718769993964,10,ablang2+greedy_dual_multi
8,171,XXXX,{'H': 'F99Y:V100R:F101N:L103R:A106C:M107C'},H,XXXX,4,ARYRNFRPYCCDY,"F99Y,V100R,F101N,L103R,A106C,M107C",11.282825,7.902486228942872,24.864166666666648,-0.1941666666666667,5A12_dual,ablang2,-1.0141903384823616,0.528969471401695,1.0141903384823616,-0.528969471401695,"SB0A,WB2Y,GB3R,GB4N,DB5F,GB6R,FB7P,AB9C,MB10C",greedy_dual_multi,1.0141903384823616,-0.528969471401695,0.7563127182332154,0.4720041651971235,0.2830868532857075,0.0323644441663017,0.4517983490526079,0.4350952892764776,2.430661819211434,9,ablang2+greedy_dual_multi
8,105,XXXX,{'H': 'F99D:V100R:F101A:L103R:P104W:M107F'},H,XXXX,2,ARDRAFRWYAFDY,"F99D,V100R,F101A,L103R,P104W,M107F",7.351794,6.847245597839356,31.06249999999998,-0.1658333333333333,5A12_dual,ablang2,1.3410001737887,1.4404077197628,-1.3410001737887,-1.4404077197628,"SB0A,WB2D,GB3R,GB4A,DB5F,GB6R,FB7W,MB10F",greedy_dual_multi,-1.3410001737887,-1.4404077197628,0.049473957555908,0.3117744421988186,0.0190319878910523,0.4952921941658172,0.9999999999911556,0.5573534697343314,2.432926051537083,8,ablang2+greedy_dual_multi
8,180,XXXX,{'H': 'F99Y:V100A:F101A:F102Y:L103W:A106C:M107F:D108K'},H,XXXX,4,ARYAAYWPYCFKY,"F99Y,V100A,F101A,F102Y,L103W,A106C,M107F,D108K",12.952525,7.945551109313965,23.144166666666653,-0.1024999999999999,5A12_dual,ablang2,-0.2494147267734501,1.11123349255974,0.2494147267734501,-1.11123349255974,"SB0A,WB2Y,GB3A,GB4A,DB5Y,GB6W,FB7P,AB9C,MB10F,DB11K",greedy_dual_multi,0.2494147267734501,-1.11123349255974,0.5267885915181781,0.3696428664587919,0.395243793475051,0.0134721388602216,0.2996757075445197,0.8306364613460041,2.4354595592027666,10,ablang2+greedy_dual_multi
8,122,XXXX,{'H': 'R98K:F99D:V100N:F102S:L103W:A106R:M107K:D108G'},H,XXXX,3,AKDNFSWPYRKGY,"R98K,F99D,V100N,F102S,L103W,A106R,M107K,D108G",12.916198,8.01936740875244,19.83916666666665,-0.2325,5A12_dual,ablang2,-0.0991699530639227,-4.10191699900312,0.0991699530639227,4.10191699900312,"SB0A,RB1K,WB2D,GB3N,GB4F,DB5S,GB6W,FB7P,AB9R,MB10K,DB11G",greedy_dual_multi,0.0991699530639227,4.10191699900312,0.481697194837627,1.2861083107317144,0.3928036394556115,0.0001050470354918,0.0073702830188026,0.2696871627746761,2.437771637853924,11,ablang2+greedy_dual_multi
8,141,XXXX,{'H': 'R98K:F99R:V100G:F101Y:F102S:L103W:P104T:M107K:Y109S'},H,XXXX,3,AKRGYSWTYAKDS,"R98K,F99R,V100G,F101Y,F102S,L103W,P104T,M107K,Y109S",9.403126,8.01936740875244,28.407499999999988,-0.2108333333333333,5A12_dual,ablang2,1.504562413725676,-3.395860195072806,-1.504562413725676,3.395860195072806,"SB0A,RB1K,WB2R,GB4Y,DB5S,GB6W,FB7T,MB10K,YB12S",greedy_dual_multi,-1.504562413725676,3.395860195072806,0.0003857286554043,1.161984393046398,0.1568238789088918,0.0001050470354918,0.7651827830121011,0.3631787125365642,2.447660543194852,9,ablang2+greedy_dual_multi
8,310,XXXX,{'H': 'F99G:F101Y:L103Q:A106G:M107F:D108K'},H,XXXX,7,ARGVYFQPYGFKY,"F99G,F101Y,L103Q,A106G,M107F,D108K",12.873642,8.01930294036865,22.224999999999984,-0.1124999999999999,5A12_dual,ablang2,-1.221895150165652,1.7828310156639684,1.221895150165652,-1.7828310156639684,"SB0A,WB2G,GB3V,GB4Y,DB5F,GB6Q,FB7P,AB9G,MB10F,DB11K",greedy_dual_multi,1.221895150165652,-1.7828310156639684,0.8186489967261857,0.2515768479579928,0.3899450716010881,7.003135699392457e-05,0.2183814858471252,0.7874865153020558,2.466108948791442,10,ablang2+greedy_dual_multi
8,264,XXXX,{'H': 'F99G:V100P:F101Y:F102R:P104W:Y105H:A106R:M107L'},H,XXXX,6,ARGPYRLWHRLDY,"F99G,V100P,F101Y,F102R,P104W,Y105H,A106R,M107L",8.91692,8.043220710754394,25.74583333333332,-0.1933333333333333,5A12_dual,ablang2,-2.296468132925666,1.877962705747667,2.296468132925666,-1.877962705747667,"SB0A,WB2G,GB3P,GB4Y,DB5R,GB6L,FB7W,YB8H,AB9R,MB10L",greedy_dual_multi,2.296468132925666,-1.877962705747667,1.1411493768160272,0.2348528138526866,0.1241644926348904,0.0130608480794392,0.5297759433915413,0.4386911181134736,2.4816945928880583,10,ablang2+greedy_dual_multi
8,267,XXXX,{'H': 'F99P:V100R:F101Y:F102Y:L103W:P104W:Y109P'},H,XXXX,6,ARPRYYWWYAMDP,"F99P,V100R,F101Y,F102Y,L103W,P104W,Y109P",11.901189,6.843437385559082,27.02583333333332,-0.19,5A12_dual,ablang2,0.1136850430802427,2.37098,-0.1136850430802427,-2.37098,"SB0A,WB2P,GB3R,GB4Y,DB5Y,GB6W,FB7W,YB12P",greedy_dual_multi,-0.1136850430802427,-2.37098,0.4178152452056904,0.1481809799314406,0.3246235450047248,0.4969628341037279,0.6429834905603512,0.4530744334614562,2.483640528267391,8,ablang2+greedy_dual_multi
8,308,XXXX,{'H': 'V100D:F101R:F102Y:L103W:M107H'},H,XXXX,7,ARFDRYWPYAHDY,"V100D,F101R,F102Y,L103W,M107H",11.98414,6.085205268859862,24.08916666666665,-0.2175,5A12_dual,ablang2,0.5512770161327443,1.3120621383739497,-0.5512770161327443,-1.3120621383739497,"SB0A,WB2F,GB3D,GB4R,DB5Y,GB6W,FB7P,MB10H",greedy_dual_multi,-0.5512770161327443,-1.3120621383739497,0.2864853309999349,0.3343374375426834,0.3301955222135924,0.8295947262190604,0.3832547169777425,0.3344120818405985,2.4982798157936124,8,ablang2+greedy_dual_multi
8,319,XXXX,{'H': 'A97P:F99W:V100Y:F101R:L103W:A106R'},H,XXXX,7,PRWYRFWPYRMDY,"A97P,F99W,V100Y,F101R,L103W,A106R",18.279541,8.027554893493651,26.84749999999997,-0.2341666666666667,5A12_dual,ablang2,0.063335944333204,0.80671,-0.063335944333204,-0.80671,"SB0P,GB3Y,GB4R,DB5F,GB6W,FB7P,AB9R",greedy_dual_multi,-0.063335944333204,-0.80671,0.4329259950045501,0.4231777218887254,0.7530696393753185,0.0045520382046301,0.6272110849001123,0.2624955051006846,2.5034319844740214,7,ablang2+greedy_dual_multi
8,103,XXXX,{'H': 'R98K:F99D:V100K:F101Y:L103Y:P104V:A106R:M107G:Y109P'},H,XXXX,2,AKDKYFYVYRGDP,"R98K,F99D,V100K,F101Y,L103Y,P104V,A106R,M107G,Y109P",9.651124,6.843778419494629,23.804249999999985,-0.1941666666666666,5A12_dual,ablang2,0.054719723929602,-0.23768,-0.054719723929602,0.23768,"SB0A,RB1K,WB2D,GB3K,GB4Y,DB5F,GB6Y,FB7V,AB9R,MB10G,YB12P",greedy_dual_multi,-0.054719723929602,0.23768,0.4355118913556405,0.6067801992952911,0.1734823785513885,0.4968132245570495,0.3580557193364562,0.4350952892764781,2.5057387023723043,11,ablang2+greedy_dual_multi
9,327,XXXX,{'H': 'R98K:V100D:F101H:F102Q:P104W:A106R:M107H:D108R'},H,XXXX,8,AKFDHQLWYRHRY,"R98K,V100D,F101H,F102Q,P104W,A106R,M107H,D108R",18.649265,8.04148006439209,26.48499999999997,-0.2358333333333333,5A12_dual,ablang2,3.60104,4.41129,-3.60104,-4.41129,"SB0A,RB1K,WB2F,GB3D,GB4H,DB5Q,GB6L,FB7W,AB9R,MB10H,DB11R",greedy_dual_multi,-3.60104,-4.41129,-0.6288082202625359,-0.2105030084995001,0.7779047070848262,0.0121154247600164,0.5951503537683206,0.2553038474266935,0.8011631042778207,11,ablang2+greedy_dual_multi
9,240,XXXX,{'H': 'R98K:F99G:V100N:F101W:F102Y:L103R:P104F:A106R:M107G'},H,XXXX,6,AKGNWYRFYRGDY,"R98K,F99G,V100N,F101W,F102Y,L103R,P104F,A106R,M107G",10.897076,8.01930294036865,20.827583333333312,-0.2316666666666667,5A12_dual,ablang2,0.948597859528026,2.4808,-0.948597859528026,-2.4808,"SB0A,RB1K,WB2G,GB3N,GB4W,DB5Y,GB6R,AB9R,MB10G",greedy_dual_multi,-0.948597859528026,-2.4808,0.167241570856738,0.1288747590093817,0.2571753556986564,7.003135699392457e-05,0.0947892099048215,0.2732829916116717,0.9214339184382634,9,ablang2+greedy_dual_multi
9,86,XXXX,{'H': 'F99Y:V100R:F101Y:F102Y:P104W:A106R'},H,XXXX,2,ARYRYYLWYRMDY,"F99Y,V100R,F101Y,F102Y,P104W,A106R",11.70647,8.011050987243653,22.84249999999998,-0.1983333333333333,5A12_dual,ablang2,-0.7007165465378282,5.52689,0.7007165465378282,-5.52689,"SB0A,WB2Y,GB3R,GB4Y,DB5Y,GB6L,FB7W,AB9R",greedy_dual_multi,0.7007165465378282,-5.52689,0.6622330990056271,-0.406624116318193,0.311543897620926,-0.0044119754906404,0.2729952830164532,0.4171161450914995,1.2528523329256724,8,ablang2+greedy_dual_multi
9,193,XXXX,{'H': 'R98K:F99W:F102W:L103W:P104W:M107F:D108R'},H,XXXX,4,AKWVFWWWYAFRY,"R98K,F99W,F102W,L103W,P104W,M107F,D108R",14.159484,8.027683830261232,24.55333333333332,-0.0675,5A12_dual,ablang2,4.94665,0.8461083045071378,-4.94665,-0.8461083045071378,"SB0A,RB1K,GB3V,GB4F,DB5W,GB6W,FB7W,MB10F,DB11R",greedy_dual_multi,-4.94665,-0.8461083045071378,-1.0326521130599118,0.4162515484160487,0.4763175362875264,0.004622069561626,0.4243071933924741,0.9816612724998226,1.2705075070975862,9,ablang2+greedy_dual_multi
9,147,XXXX,{'H': 'V100G:F101Y:F102R:L103T:P104W:M107R:Y109P'},H,XXXX,3,ARFGYRTWYARDP,"V100G,F101Y,F102R,L103T,P104W,M107R,Y109P",11.61794,8.036193656921387,23.14416666666665,-0.1975,5A12_dual,ablang2,0.6353059170345317,1.6020271059490387,-0.6353059170345317,-1.6020271059490387,"SB0A,WB2F,GB4Y,DB5R,GB6T,FB7W,MB10R,YB12P",greedy_dual_multi,-0.6353059170345317,-1.6020271059490387,0.2612666135055176,0.2833619528981532,0.3055971683192776,0.0092441391232501,0.2996757075445194,0.4207119739284951,1.5798575553192131,8,ablang2+greedy_dual_multi
9,347,XXXX,{'H': 'F99K:F101Y:L103N:P104W:M107K'},H,XXXX,8,ARKVYFNWYAKDY,"F99K,F101Y,L103N,P104W,M107K",13.301915,8.011244392395021,23.68916666666665,-0.1699999999999999,5A12_dual,ablang2,0.8656153633891632,2.657579489458735,-0.8656153633891632,-2.657579489458735,"SB0A,WB2K,GB3V,GB4Y,DB5F,GB6N,FB7W,MB10K",greedy_dual_multi,-0.8656153633891632,-2.657579489458735,0.1921462418050526,0.0977971422002476,0.418712987541503,-0.0043069284551485,0.3478773584874894,0.5393743255493533,1.591601127128497,8,ablang2+greedy_dual_multi
9,170,XXXX,{'H': 'R98K:F99Y:V100R:F101D:F102W:L103W:P104Q:M107F:D108G'},H,XXXX,4,AKYRDWWQYAFGY,"R98K,F99Y,V100R,F101D,F102W,L103W,P104Q,M107F,D108G",10.909609,6.842300605773925,23.14416666666665,-0.1833333333333333,5A12_dual,ablang2,0.76266498037538,3.39963,-0.76266498037538,-3.39963,"SB0A,RB1K,WB2Y,GB3R,GB4D,DB5W,GB6W,FB7Q,MB10F,DB11G",greedy_dual_multi,-0.76266498037538,-3.39963,0.2230436663495098,-0.0326544248352307,0.2580172212621666,0.4974615325926568,0.2996757075445194,0.481841064157422,1.7273847670710438,10,ablang2+greedy_dual_multi
9,235,XXXX,{'H': 'A97G:F99E:V100G:L103T:P104W:A106R:M107H:D108R'},H,XXXX,5,GREGFFTWYRHRY,"A97G,F99E,V100G,L103T,P104W,A106R,M107H,D108R",15.696856,8.043349647521975,22.230833333333315,-0.2208333333333333,5A12_dual,ablang2,2.84182,-2.477770604248462,-2.84182,2.477770604248462,"SB0G,WB2E,GB4F,DB5F,GB6T,FB7W,AB9R,MB10H,DB11R",greedy_dual_multi,-2.84182,2.477770604248462,-0.4009514413372724,1.0005853722241669,0.579585751806944,0.0131308794364351,0.2188974056584412,0.3200287664926159,1.7312767342813309,9,ablang2+greedy_dual_multi
9,139,XXXX,{'H': 'F99Y:F102W:L103G:P104Q:A106G:M107F:D108R'},H,XXXX,3,ARYVFWGQYGFRY,"F99Y,F102W,L103G,P104Q,A106G,M107F,D108R",13.097153,8.027554893493651,20.459166666666647,-0.1116666666666666,5A12_dual,ablang2,1.0821048572469223,1.1363990399506854,-1.0821048572469223,-1.1363990399506854,"SB0A,WB2Y,GB3V,GB4F,DB5W,FB7Q,AB9G,MB10F,DB11R",greedy_dual_multi,-1.0821048572469223,-1.1363990399506854,0.1271735082869819,0.3652187941809361,0.4049587326531695,0.0045520382046301,0.0622051886786948,0.7910823441390514,1.755190606143464,9,ablang2+greedy_dual_multi
9,274,XXXX,{'H': 'A97G:F99H:F101Y:F102W:L103K:P104W:A106S:M107K'},H,XXXX,6,GRHVYWKWYSKDY,"A97G,F99H,F101Y,F102W,L103K,P104W,A106S,M107K",17.932545,8.018335914611818,24.028333333333315,-0.2383333333333333,5A12_dual,ablang2,1.1735081892011203,1.4749533873768534,-1.1735081892011203,-1.4749533873768534,"SB0G,WB2H,GB3V,GB4Y,DB5W,GB6K,FB7W,AB9S,MB10K",greedy_dual_multi,-1.1735081892011203,-1.4749533873768534,0.0997415797259322,0.3057013563232319,0.7297612548643636,-0.0004552038204614,0.3778744103740163,0.2445163609157064,1.757139758382789,9,ablang2+greedy_dual_multi
9,241,XXXX,{'H': 'F99Y:V100G:F101R:L103W:P104Y:A106R:M107N:D108R:Y109P'},H,XXXX,6,ARYGRFWYYRNRP,"F99Y,V100G,F101R,L103W,P104Y,A106R,M107N,D108R,Y109P",15.952581,8.961572837829593,25.45666666666664,-0.255,5A12_dual,ablang2,2.46128,1.6156,-2.46128,-1.6156,"SB0A,WB2Y,GB4R,DB5F,GB6W,FB7Y,AB9R,MB10N,DB11R,YB12P",greedy_dual_multi,-2.46128,-1.6156,-0.2867439406757781,0.2809758548185725,0.5967632888075548,0.5118591882714173,0.5042010613162946,0.1725997841757925,1.7796552367138536,10,ablang2+greedy_dual_multi
9,111,XXXX,{'H': 'F99Y:V100R:L103R:M107F'},H,XXXX,2,ARYRFFRPYAFDY,"F99Y,V100R,L103R,M107F",9.84041,8.027554893493651,26.48499999999997,-0.145,5A12_dual,ablang2,0.7612258409766732,2.14841,-0.7612258409766732,-2.14841,"SB0A,WB2Y,GB3R,GB4F,DB5F,GB6R,FB7P,MB10F",greedy_dual_multi,-0.7612258409766732,-2.14841,0.2234755802451049,0.1873085121716759,0.1861970809414467,0.0045520382046301,0.5951503537683206,0.6472491906592236,1.843932755990402,8,ablang2+greedy_dual_multi
9,45,XXXX,{'H': 'F99Y:F102Y:L103R:P104K:A106C:M107H'},H,XXXX,1,ARYVFYRKYCHDY,"F99Y,F102Y,L103R,P104K,A106C,M107H",13.477598,7.953222846984862,27.311749999999986,-0.1699999999999999,5A12_dual,ablang2,1.5302674123776736,1.6962706697705785,-1.5302674123776736,-1.6962706697705785,"SB0A,WB2Y,GB3V,GB4F,DB5Y,GB6R,FB7K,AB9C,MB10H",greedy_dual_multi,-1.5302674123776736,-1.6962706697705785,-0.0073288444526834,0.2667940502973446,0.4305139504230293,0.0101065934538995,0.6682709315978637,0.5393743255493533,1.907731006868807,9,ablang2+greedy_dual_multi
9,351,XXXX,{'H': 'R98K:F99S:V100G:L103Q:P104W:A106R:D108R'},H,XXXX,8,AKSGFFQWYRMRY,"R98K,F99S,V100G,L103Q,P104W,A106R,D108R",17.707058,8.619503593444826,21.24999999999998,-0.1558333333333333,5A12_dual,ablang2,1.09718,2.707575917797028,-1.09718,-2.707575917797028,"SB0A,RB1K,WB2S,GB4F,DB5F,GB6Q,FB7W,AB9R,DB11R",greedy_dual_multi,-1.09718,-2.707575917797028,0.122649162946297,0.0890078315936826,0.7146148621156815,0.3260659981655109,0.1321491745271327,0.6005034157782797,1.9849904451265843,9,ablang2+greedy_dual_multi
9,280,XXXX,{'H': 'F99Y:V100G:F101Y:F102R:P104Q:A106R:D108R'},H,XXXX,7,ARYGYRLQYRMRY,"F99Y,V100G,F101Y,F102R,P104Q,A106R,D108R",15.866413,8.938944435119634,19.88583333333332,-0.2208333333333333,5A12_dual,ablang2,0.0161287982542326,2.48159,-0.0161287982542326,-2.48159,"SB0A,WB2Y,GB4Y,DB5R,GB6L,FB7Q,AB9R,DB11R",greedy_dual_multi,-0.0161287982542326,-2.48159,0.4470937833238894,0.128735877981077,0.5909752195602437,0.499568685118917,0.0114976415093321,0.3200287664926159,1.997899973986076,8,ablang2+greedy_dual_multi
9,98,XXXX,{'H': 'R98K:F99Y:V100R:F101R:P104R:M107H'},H,XXXX,2,AKYRRFLRYAHDY,"R98K,F99Y,V100R,F101R,P104R,M107H",11.310105,8.603708839416509,29.52249999999998,-0.2058333333333333,5A12_dual,ablang2,1.967117091175836,1.5781858894858454,-1.967117091175836,-1.5781858894858454,"SB0A,RB1K,WB2Y,GB3R,GB4R,DB5F,GB6L,FB7R,MB10H",greedy_dual_multi,-1.967117091175836,-1.5781858894858454,-0.1384359816270008,0.2875532094278294,0.2849193030242026,0.3174871569337099,0.863797169803681,0.3847536855585383,2.0000745431209603,9,ablang2+greedy_dual_multi
9,353,XXXX,{'H': 'R98K:V100N:F101H:L103K:P104W:Y105R:M107K'},H,XXXX,8,AKFNHFKWRAKDY,"R98K,V100N,F101H,L103K,P104W,Y105R,M107K",19.183632,8.60403118133545,21.79916666666665,-0.2191666666666666,5A12_dual,ablang2,1.4959411747941993,0.8820551884723113,-1.4959411747941993,-0.8820551884723113,"SB0A,RB1K,WB2F,GB3N,GB4H,DB5F,GB6K,FB7W,YB8R,MB10K",greedy_dual_multi,-1.4959411747941993,-0.8820551884723113,0.0029731311649158,0.4099321304294228,0.8137991597758238,0.3176622353261937,0.1807193396210432,0.3272204241666075,2.052306420484007,10,ablang2+greedy_dual_multi
9,162,XXXX,{'H': 'R98K:F99Y:V100G:F101H:F102W:L103W:A106C:M107F'},H,XXXX,4,AKYGHWWPYCFDY,"R98K,F99Y,V100G,F101H,F102W,L103W,A106C,M107F",9.359238,6.078327751159667,23.99666666666665,-0.1508333333333333,5A12_dual,ablang2,0.2546167002204269,4.92748,-0.2546167002204269,-4.92748,"SB0A,RB1K,WB2Y,GB4H,DB5W,GB6W,FB7P,AB9C,MB10F",greedy_dual_multi,-0.2546167002204269,-4.92748,0.3755188970528994,-0.301248575588897,0.1538758380686032,0.8326118520770779,0.3750737028268713,0.6220783888002539,2.057910103236809,9,ablang2+greedy_dual_multi
9,124,XXXX,{'H': 'F99Y:V100G:F101R:P104W:M107R'},H,XXXX,3,ARYGRFLWYARDY,"F99Y,V100G,F101R,P104W,M107R",11.391009,8.027554893493651,26.52666666666665,-0.1575,5A12_dual,ablang2,0.4606217160883368,1.6965727209819592,-0.4606217160883368,-1.6965727209819592,"SB0A,WB2Y,GB4R,DB5F,GB6L,FB7W,MB10R",greedy_dual_multi,-0.4606217160883368,-1.6965727209819592,0.3136927605468672,0.2667409500659051,0.2903537793307718,0.0045520382046301,0.5988354952777227,0.5933117581042882,2.067486781530185,7,ablang2+greedy_dual_multi
9,275,XXXX,{'H': 'R98K:F99G:V100R:F101A:L103W:A106R'},H,XXXX,6,AKGRAFWPYRMDY,"R98K,F99G,V100R,F101A,L103W,A106R",10.796612,8.027683830261232,21.79916666666665,-0.1708333333333333,5A12_dual,ablang2,-0.872548027878902,0.95565,0.872548027878902,-0.95565,"SB0A,RB1K,WB2G,GB3R,GB4A,DB5F,GB6W,FB7P,AB9R",greedy_dual_multi,0.872548027878902,-0.95565,0.7138030890695527,0.3969942530840318,0.2504269968083275,0.004622069561626,0.1807193396210432,0.5357784967123572,2.0823442448569387,9,ablang2+greedy_dual_multi
9,68,XXXX,{'H': 'R98K:V100R:F101G:L103P:P104R:M107H:Y109P'},H,XXXX,1,AKFRGFPRYAHDP,"R98K,V100R,F101G,L103P,P104R,M107H,Y109P",12.125527,8.043285179138184,25.446666666666648,-0.185,5A12_dual,ablang2,1.497686392380941,-1.2143949483096306,-1.497686392380941,1.2143949483096306,"SB0A,RB1K,WB2F,GB3R,DB5F,GB6P,FB7R,MB10H,YB12P",greedy_dual_multi,-1.497686392380941,1.2143949483096306,0.0024493572155485,0.7784854858545976,0.3396927572273977,0.0130958637579372,0.503316627354039,0.4746494064834304,2.1116894978929506,9,ablang2+greedy_dual_multi
9,208,XXXX,{'H': 'F99D:F101Y:F102W:L103W:P104Y:A106Y:M107H:D108R'},H,XXXX,5,ARDVYWWYYYHRY,"F99D,F101Y,F102W,L103W,P104Y,A106Y,M107H,D108R",12.61328,6.988035774230957,24.87999999999997,-0.2075,5A12_dual,ablang2,-0.3669717320208754,3.38099,0.3669717320208754,-3.38099,"SB0A,WB2D,GB3V,GB4Y,DB5W,GB6W,FB7Y,AB9Y,MB10H,DB11R",greedy_dual_multi,0.3669717320208754,-3.38099,0.5620697492271144,-0.0293775357623189,0.3724560584480798,0.4335283863120187,0.4531987028261794,0.3775620278845468,2.1694373889356204,10,ablang2+greedy_dual_multi
9,138,XXXX,{'H': 'V100D:F101Y:F102Y:L103W:P104Y:Y105H:A106R:M107G:D108K'},H,XXXX,3,ARFDYYWYHRGKY,"V100D,F101Y,F102Y,L103W,P104Y,Y105H,A106R,M107G,D108K",16.331774,8.018271446228027,24.721666666666643,-0.2366666666666667,5A12_dual,ablang2,-0.7577443508905146,2.16259,0.7577443508905146,-2.16259,"SB0A,WB2F,GB3D,GB4Y,DB5Y,GB6W,FB7Y,YB8H,AB9R,MB10G,DB11K",greedy_dual_multi,0.7577443508905146,-2.16259,0.6793482590501244,0.1848156856129909,0.6222344073445482,-0.0004902194989594,0.4391951650904547,0.2517080185896976,2.1768113161888563,11,ablang2+greedy_dual_multi
9,357,XXXX,{'H': 'R98K:V100W:F101H:F102G:L103W:P104W:A106P:M107H'},H,XXXX,8,AKFWHGWWYPHDY,"R98K,V100W,F101H,F102G,L103W,P104W,A106P,M107H",12.892932,6.306479454040528,27.08166666666665,-0.195,5A12_dual,ablang2,2.7091761104305654,1.24597,-2.7091761104305654,-1.24597,"SB0A,RB1K,WB2F,GB3W,GB4H,DB5G,GB6W,FB7W,AB9P,MB10H",greedy_dual_multi,-2.7091761104305654,-1.24597,-0.361142414413048,0.34595635417589,0.3912408177688143,0.7325230653491204,0.647921580182949,0.4314994604394821,2.187998863503208,10,ablang2+greedy_dual_multi
9,346,XXXX,{'H': 'F99Q:V100K:F101K:F102W:L103S:A106R:M107H:D108R'},H,XXXX,8,ARQKKWSPYRHRY,"F99Q,V100K,F101K,F102W,L103S,A106R,M107H,D108R",19.04168,9.1754789352417,28.74999999999998,-0.3249999999999999,5A12_dual,ablang2,2.62027,0.7529937391654826,-2.62027,-0.7529937391654826,"SB0A,WB2Q,GB3K,GB4K,DB5W,GB6S,FB7P,AB9R,MB10H,DB11R",greedy_dual_multi,-2.62027,-0.7529937391654826,-0.3344599508985431,0.432620974472755,0.8042639726321708,0.6280412095249769,0.7954746462193796,-0.1294498381318449,2.1964910138188944,10,ablang2+greedy_dual_multi
9,354,XXXX,{'H': 'A97T:F99Q:V100D:F101H:F102W:L103W:P104W:M107K:D108R'},H,XXXX,8,TRQDHWWWYAKRY,"A97T,F99Q,V100D,F101H,F102W,L103W,P104W,M107K,D108R",22.535355,8.034710884094238,33.66416666666665,-0.2849999999999999,5A12_dual,ablang2,2.04331,2.96727,-2.04331,-2.96727,"SB0T,WB2Q,GB3D,GB4H,DB5W,GB6W,FB7W,MB10K,DB11R",greedy_dual_multi,-2.04331,-2.96727,-0.161302964558984,0.0433539313645632,1.038940799616662,0.0084387785178151,1.2301002358381778,0.043149946043948,2.2026807268221824,9,ablang2+greedy_dual_multi
9,345,XXXX,{'H': 'F101Q:F102Y:L103N:P104W:Y105S:M107H:D108R'},H,XXXX,8,ARFVQYNWSAHRY,"F101Q,F102Y,L103N,P104W,Y105S,M107H,D108R",19.099852,8.043220710754394,21.08749999999998,-0.1649999999999999,5A12_dual,ablang2,0.7970254841677273,0.4052345412945555,-0.7970254841677273,-0.4052345412945555,"SB0A,WB2F,GB3V,GB4Q,DB5Y,GB6N,FB7W,YB8S,MB10H,DB11R",greedy_dual_multi,-0.7970254841677273,-0.4052345412945555,0.2127314067720835,0.4937566137167369,0.8081714970525423,0.0130608480794392,0.1177771226404675,0.5609492985713275,2.206446786832597,10,ablang2+greedy_dual_multi
9,161,XXXX,{'H': 'F99Y:V100R:L103W:A106W:M107F:D108Q'},H,XXXX,4,ARYRFFWPYWFQY,"F99Y,V100R,L103W,A106W,M107F,D108Q",12.230845,8.027554893493651,20.38583333333332,-0.1374999999999999,5A12_dual,ablang2,-0.7765457384997836,0.6019337362311479,0.7765457384997836,-0.6019337362311479,"SB0A,WB2Y,GB3R,GB4F,DB5F,GB6W,FB7P,AB9W,MB10F,DB11Q",greedy_dual_multi,0.7765457384997836,-0.6019337362311479,0.6849909233898064,0.4591771371857137,0.3467671685748622,0.0045520382046301,0.0557193396221489,0.6796116501921852,2.2308182571693465,10,ablang2+greedy_dual_multi
9,298,XXXX,{'H': 'F99Y:V100N:F101H:F102Y:L103Q:M107F:D108K'},H,XXXX,7,ARYNHYQPYAFKY,"F99Y,V100N,F101H,F102Y,L103Q,M107F,D108K",15.888987,8.018271446228027,29.274999999999984,-0.2158333333333334,5A12_dual,ablang2,0.1605940177724751,2.91389,-0.1605940177724751,-2.91389,"SB0A,WB2Y,GB3N,GB4H,DB5Y,GB6Q,FB7P,MB10F,DB11K",greedy_dual_multi,-0.1605940177724751,-2.91389,0.4037369439543287,0.0527380697074834,0.5924915582844662,-0.0004902194989594,0.8419074292378373,0.3416037395145896,2.231987521199746,9,ablang2+greedy_dual_multi
9,314,XXXX,{'H': 'F99Y:V100I:F101N:L103Q:P104W:Y105R:M107F'},H,XXXX,7,ARYINFQWRAFDY,"F99Y,V100I,F101N,L103Q,P104W,Y105R,M107F",10.612714,6.844631004333496,23.06333333333332,-0.1349999999999999,5A12_dual,ablang2,0.627479104740746,1.7657832446265305,-0.627479104740746,-1.7657832446265305,"SB0A,WB2Y,GB3I,GB4N,DB5F,GB6Q,FB7W,YB8R,MB10F",greedy_dual_multi,-0.627479104740746,-1.7657832446265305,0.2636155930351858,0.2545738251377183,0.2380742166760044,0.4964392006903531,0.2925265330162809,0.6903991367031722,2.2356285052587146,9,ablang2+greedy_dual_multi
9,338,XXXX,{'H': 'R98K:F99Q:V100G:F102Y:L103H:P104W:A106G:M107H'},H,XXXX,8,AKQGFYHWYGHDY,"R98K,F99Q,V100G,F102Y,L103H,P104W,A106G,M107H",11.911571,6.306365776062012,28.68341666666665,-0.2099999999999999,5A12_dual,ablang2,-0.1781016227589713,5.9448,0.1781016227589713,-5.9448,"SB0A,RB1K,WB2Q,GB4F,DB5Y,GB6H,FB7W,AB9G,MB10H",greedy_dual_multi,0.1781016227589713,-5.9448,0.505386133500869,-0.4800921802914003,0.3253209237871682,0.7325729351980134,0.7895857900873564,0.3667745413735601,2.239548143655566,9,ablang2+greedy_dual_multi
9,290,XXXX,{'H': 'R98K:F99D:V100R:F101S:F102Y:L103G:P104W:A106R:M107I:D108V'},H,XXXX,7,AKDRSYGWYRIVY,"R98K,F99D,V100R,F101S,F102Y,L103G,P104W,A106R,M107I,D108V",9.113088,8.01930294036865,24.524999999999977,-0.1566666666666666,5A12_dual,ablang2,0.10408,-0.7561037034269456,-0.10408,0.7561037034269456,"SB0A,RB1K,WB2D,GB3R,GB4S,DB5Y,FB7W,AB9R,MB10I,DB11V",greedy_dual_multi,-0.10408,0.7561037034269456,0.4206979065919849,0.6979184486997032,0.137341472118069,7.003135699392457e-05,0.4218012971660804,0.5969075869412842,2.274736742874116,10,ablang2+greedy_dual_multi
9,329,XXXX,{'H': 'A97G:F99Y:V100T:F101W:L103W:P104W:A106T:D108Q'},H,XXXX,8,GRYTWFWWYTMQY,"A97G,F99Y,V100T,F101W,L103W,P104W,A106T,D108Q",20.675901,6.840765953063964,19.36333333333332,-0.1549999999999999,5A12_dual,ablang2,1.05949745927336,2.11421,-1.05949745927336,-2.11421,"SB0G,WB2Y,GB3T,GB4W,DB5F,GB6W,FB7W,AB9T,DB11Q",greedy_dual_multi,-1.05949745927336,-2.11421,0.1339584308155474,0.1933208301058811,0.9140377205828022,0.4981347755527104,-0.0347140330185607,0.6040992446152758,2.3088369686536563,9,ablang2+greedy_dual_multi
9,330,XXXX,{'H': 'F99Q:V100K:F102W:L103Q:P104W:A106G'},H,XXXX,8,ARQKFWQWYGMDY,"F99Q,V100K,F102W,L103Q,P104W,A106G",16.102528,6.843437385559082,24.81333333333332,-0.2008333333333332,5A12_dual,ablang2,-0.0542520010277005,3.746068484302961,0.0542520010277005,-3.746068484302961,"SB0A,WB2Q,GB3K,GB4F,DB5W,GB6Q,FB7W,AB9G",greedy_dual_multi,0.0542520010277005,-3.746068484302961,0.4682164384469984,-0.093557884258434,0.606835515381533,0.4969628341037279,0.4473024764111385,0.4063286585805129,2.3320880386654768,8,ablang2+greedy_dual_multi
9,33,XXXX,{'H': 'R98K:V100G:F101N:F102R:L103Y:P104K:A106F:M107H'},H,XXXX,0,AKFGNRYKYFHDY,"R98K,V100G,F101N,F102R,L103Y,P104K,A106F,M107H",13.289036,8.018335914611818,22.579999999999984,-0.2191666666666666,5A12_dual,ablang2,-0.4255250298102897,-1.2669177961162634,0.4255250298102897,1.2669177961162634,"SB0A,RB1K,WB2F,GB4N,DB5R,GB6Y,FB7K,AB9F,MB10H",greedy_dual_multi,0.4255250298102897,1.2669177961162634,0.5796427397038507,0.7877189378962159,0.4178478804967053,-0.0004552038204614,0.2497788915072249,0.3272204241666075,2.361753669950143,9,ablang2+greedy_dual_multi
9,189,XXXX,{'H': 'V100N:F101G:L103W:A106R:M107G:D108E:Y109H'},H,XXXX,4,ARFNGFWPYRGEH,"V100N,F101G,L103W,A106R,M107G,D108E,Y109H",15.427788,6.995083808898925,19.91416666666665,-0.1941666666666666,5A12_dual,ablang2,0.0554580985162047,0.45264,-0.0554580985162047,-0.45264,"SB0A,WB2F,GB3N,DB5F,GB6W,FB7P,AB9R,MB10G,DB11E,YB12H",greedy_dual_multi,-0.0554580985162047,-0.45264,0.4352902906931928,0.4854227923847496,0.5615119399947225,0.4304364556806621,0.014003537735725,0.4350952892764781,2.36176030576553,10,ablang2+greedy_dual_multi
9,244,XXXX,{'H': 'A97T:R98K:F99R:V100D:F102Y:L103R:P104N:A106R:M107N'},H,XXXX,6,TKRDFYRNYRNDY,"A97T,R98K,F99R,V100D,F102Y,L103R,P104N,A106R,M107N",11.084974,8.01930294036865,30.675916666666645,-0.3341666666666665,5A12_dual,ablang2,-1.2547733561274592,0.545561544862212,1.2547733561274592,-0.545561544862212,"SB0T,RB1K,WB2R,GB3D,GB4F,DB5Y,GB6R,FB7N,AB9R,MB10N",greedy_dual_multi,1.2547733561274592,-0.545561544862212,0.8285163897180705,0.4690872990909154,0.2697968234759202,7.003135699392457e-05,0.9658092570669295,-0.1690039553387972,2.3642758453700323,10,ablang2+greedy_dual_multi
9,212,XXXX,{'H': 'V100P:L103W:P104F:Y105H:A106G:M107H:D108R'},H,XXXX,5,ARFPFFWFHGHRY,"V100P,L103W,P104F,Y105H,A106G,M107H,D108R",22.583584,8.05882205963135,25.633333333333315,-0.1125,5A12_dual,ablang2,2.1795563375223947,1.9495803044467088,-2.1795563375223947,-1.9495803044467088,"SB0A,WB2F,GB3P,GB4F,DB5F,GB6W,YB8H,AB9G,MB10H,DB11R",greedy_dual_multi,-2.1795563375223947,-1.9495803044467088,-0.2021931566090053,0.2222625280906118,1.0421804337236225,0.0215346422757523,0.5198260613161573,0.7874865153020555,2.391097024099194,10,ablang2+greedy_dual_multi
9,246,XXXX,{'H': 'F99G:L103R:P104Y:Y105R:M107H:D108R'},H,XXXX,6,ARGVFFRYRAHRY,"F99G,L103R,P104Y,Y105R,M107H,D108R",15.431257,8.986135292053223,19.83499999999998,-0.1475,5A12_dual,ablang2,0.9837880441310474,0.2490256849110306,-0.9837880441310474,-0.2490256849110306,"SB0A,WB2G,GB3V,GB4F,DB5F,GB6R,FB7Y,YB8R,MB10H,DB11R",greedy_dual_multi,-0.9837880441310474,-0.2490256849110306,0.1566803078322789,0.5212179385330045,0.5617449593547973,0.5252001617788323,0.0070017688678622,0.6364617041482364,2.408306840515012,10,ablang2+greedy_dual_multi
9,160,XXXX,{'H': 'V100R:F101Y:L103W:P104Y:Y105H:A106C:M107R'},H,XXXX,4,ARFRYFWYHCRDY,"V100R,F101Y,L103W,P104Y,Y105H,A106C,M107R",14.114734,7.966052055358888,24.31583333333332,-0.1833333333333333,5A12_dual,ablang2,0.1785702012560763,-0.4812351594687643,-0.1785702012560763,0.4812351594687643,"SB0A,WB2F,GB3R,GB4Y,DB5F,GB6W,FB7Y,YB8H,AB9C,MB10R",greedy_dual_multi,-0.1785702012560763,0.4812351594687643,0.3983419395209064,0.649596896758515,0.4733115932597531,0.0044784965139135,0.4033018867888863,0.481841064157422,2.4108718769993964,10,ablang2+greedy_dual_multi
10,327,XXXX,{'H': 'R98K:V100D:F101H:F102Q:P104W:A106R:M107H:D108R'},H,XXXX,8,AKFDHQLWYRHRY,"R98K,V100D,F101H,F102Q,P104W,A106R,M107H,D108R",18.649265,8.04148006439209,26.48499999999997,-0.2358333333333333,5A12_dual,ablang2,3.60104,4.41129,-3.60104,-4.41129,"SB0A,RB1K,WB2F,GB3D,GB4H,DB5Q,GB6L,FB7W,AB9R,MB10H,DB11R",greedy_dual_multi,-3.60104,-4.41129,-0.6288082202625359,-0.2105030084995001,0.7779047070848262,0.0121154247600164,0.5951503537683206,0.2553038474266935,0.8011631042778207,11,ablang2+greedy_dual_multi
10,371,XXXX,{'H': 'F99R:V100T:F101W:F102Y:L103Y:P104W:M107H'},H,XXXX,9,ARRTWYYWYAHDY,"F99R,V100T,F101W,F102Y,L103Y,P104W,M107H",10.368477,6.989229393005371,28.866666666666653,-0.2225,5A12_dual,ablang2,1.41766679888228,8.59831,-1.41766679888228,-8.59831,"SB0A,WB2R,GB3T,GB4W,DB5Y,GB6Y,FB7W,MB10H",greedy_dual_multi,-1.41766679888228,-8.59831,0.0264648031014759,-0.94657597449002,0.221668350591663,0.4330047528986435,0.805793042445704,0.3128371088186244,0.8531920833660911,8,ablang2+greedy_dual_multi
10,240,XXXX,{'H': 'R98K:F99G:V100N:F101W:F102Y:L103R:P104F:A106R:M107G'},H,XXXX,6,AKGNWYRFYRGDY,"R98K,F99G,V100N,F101W,F102Y,L103R,P104F,A106R,M107G",10.897076,8.01930294036865,20.827583333333312,-0.2316666666666667,5A12_dual,ablang2,0.948597859528026,2.4808,-0.948597859528026,-2.4808,"SB0A,RB1K,WB2G,GB3N,GB4W,DB5Y,GB6R,AB9R,MB10G",greedy_dual_multi,-0.948597859528026,-2.4808,0.167241570856738,0.1288747590093817,0.2571753556986564,7.003135699392457e-05,0.0947892099048215,0.2732829916116717,0.9214339184382634,9,ablang2+greedy_dual_multi
10,363,XXXX,{'H': 'F99R:V100G:F101Y:L103W:P104W:A106S:M107H:D108R'},H,XXXX,9,ARRGYFWWYSHRY,"F99R,V100G,F101Y,L103W,P104W,A106S,M107H,D108R",13.658988,8.620277214050294,26.64583333333332,-0.2158333333333333,5A12_dual,ablang2,2.19383,6.17215,-2.19383,-6.17215,"SB0A,WB2R,GB4Y,DB5F,GB6W,FB7W,AB9S,MB10H,DB11R",greedy_dual_multi,-2.19383,-6.17215,-0.2064769620351184,-0.5200600306522644,0.4426982634019747,0.3264861863074764,0.6093749999946111,0.3416037395145901,0.9936261965312696,9,ablang2+greedy_dual_multi
10,367,XXXX,{'H': 'R98K:F99Y:V100Q:F101W:P104Y:Y105H:M107H:D108R'},H,XXXX,9,AKYQWFLYHAHRY,"R98K,F99Y,V100Q,F101W,P104Y,Y105H,M107H,D108R",18.878872,8.033163642883299,23.60833333333332,-0.1649999999999999,5A12_dual,ablang2,2.127959796866449,4.81056,-2.127959796866449,-4.81056,"SB0A,RB1K,WB2Y,GB3Q,GB4W,DB5F,GB6L,FB7Y,YB8H,MB10H,DB11R",greedy_dual_multi,-2.127959796866449,-4.81056,-0.1867080250825041,-0.2806941833997954,0.7933278481077972,0.0075984022338822,0.3407281839592507,0.5609492985713275,1.235201524389958,11,ablang2+greedy_dual_multi
10,86,XXXX,{'H': 'F99Y:V100R:F101Y:F102Y:P104W:A106R'},H,XXXX,2,ARYRYYLWYRMDY,"F99Y,V100R,F101Y,F102Y,P104W,A106R",11.70647,8.011050987243653,22.84249999999998,-0.1983333333333333,5A12_dual,ablang2,-0.7007165465378282,5.52689,0.7007165465378282,-5.52689,"SB0A,WB2Y,GB3R,GB4Y,DB5Y,GB6L,FB7W,AB9R",greedy_dual_multi,0.7007165465378282,-5.52689,0.6622330990056271,-0.406624116318193,0.311543897620926,-0.0044119754906404,0.2729952830164532,0.4171161450914995,1.2528523329256724,8,ablang2+greedy_dual_multi
10,193,XXXX,{'H': 'R98K:F99W:F102W:L103W:P104W:M107F:D108R'},H,XXXX,4,AKWVFWWWYAFRY,"R98K,F99W,F102W,L103W,P104W,M107F,D108R",14.159484,8.027683830261232,24.55333333333332,-0.0675,5A12_dual,ablang2,4.94665,0.8461083045071378,-4.94665,-0.8461083045071378,"SB0A,RB1K,GB3V,GB4F,DB5W,GB6W,FB7W,MB10F,DB11R",greedy_dual_multi,-4.94665,-0.8461083045071378,-1.0326521130599118,0.4162515484160487,0.4763175362875264,0.004622069561626,0.4243071933924741,0.9816612724998226,1.2705075070975862,9,ablang2+greedy_dual_multi
10,360,XXXX,{'H': 'F99Y:V100R:F101H:F102W:L103Y:A106R:M107F:Y109P'},H,XXXX,9,ARYRHWYPYRFDP,"F99Y,V100R,F101H,F102W,L103Y,A106R,M107F,Y109P",10.333178,8.03458194732666,24.514999999999976,-0.2541666666666667,5A12_dual,ablang2,-0.4890957651204051,2.84564,0.4890957651204051,-2.84564,"SB0A,WB2Y,GB3R,GB4H,DB5W,GB6Y,FB7P,AB9R,MB10F,YB12P",greedy_dual_multi,0.4890957651204051,-2.84564,0.5987215613651259,0.0647363357603929,0.2192972492969732,0.0083687471608212,0.4209168632038239,0.176195613012788,1.4882363697999252,10,ablang2+greedy_dual_multi
10,147,XXXX,{'H': 'V100G:F101Y:F102R:L103T:P104W:M107R:Y109P'},H,XXXX,3,ARFGYRTWYARDP,"V100G,F101Y,F102R,L103T,P104W,M107R,Y109P",11.61794,8.036193656921387,23.14416666666665,-0.1975,5A12_dual,ablang2,0.6353059170345317,1.6020271059490387,-0.6353059170345317,-1.6020271059490387,"SB0A,WB2F,GB4Y,DB5R,GB6T,FB7W,MB10R,YB12P",greedy_dual_multi,-0.6353059170345317,-1.6020271059490387,0.2612666135055176,0.2833619528981532,0.3055971683192776,0.0092441391232501,0.2996757075445194,0.4207119739284951,1.5798575553192131,8,ablang2+greedy_dual_multi
10,347,XXXX,{'H': 'F99K:F101Y:L103N:P104W:M107K'},H,XXXX,8,ARKVYFNWYAKDY,"F99K,F101Y,L103N,P104W,M107K",13.301915,8.011244392395021,23.68916666666665,-0.1699999999999999,5A12_dual,ablang2,0.8656153633891632,2.657579489458735,-0.8656153633891632,-2.657579489458735,"SB0A,WB2K,GB3V,GB4Y,DB5F,GB6N,FB7W,MB10K",greedy_dual_multi,-0.8656153633891632,-2.657579489458735,0.1921462418050526,0.0977971422002476,0.418712987541503,-0.0043069284551485,0.3478773584874894,0.5393743255493533,1.591601127128497,8,ablang2+greedy_dual_multi
10,170,XXXX,{'H': 'R98K:F99Y:V100R:F101D:F102W:L103W:P104Q:M107F:D108G'},H,XXXX,4,AKYRDWWQYAFGY,"R98K,F99Y,V100R,F101D,F102W,L103W,P104Q,M107F,D108G",10.909609,6.842300605773925,23.14416666666665,-0.1833333333333333,5A12_dual,ablang2,0.76266498037538,3.39963,-0.76266498037538,-3.39963,"SB0A,RB1K,WB2Y,GB3R,GB4D,DB5W,GB6W,FB7Q,MB10F,DB11G",greedy_dual_multi,-0.76266498037538,-3.39963,0.2230436663495098,-0.0326544248352307,0.2580172212621666,0.4974615325926568,0.2996757075445194,0.481841064157422,1.7273847670710438,10,ablang2+greedy_dual_multi
10,235,XXXX,{'H': 'A97G:F99E:V100G:L103T:P104W:A106R:M107H:D108R'},H,XXXX,5,GREGFFTWYRHRY,"A97G,F99E,V100G,L103T,P104W,A106R,M107H,D108R",15.696856,8.043349647521975,22.230833333333315,-0.2208333333333333,5A12_dual,ablang2,2.84182,-2.477770604248462,-2.84182,2.477770604248462,"SB0G,WB2E,GB4F,DB5F,GB6T,FB7W,AB9R,MB10H,DB11R",greedy_dual_multi,-2.84182,2.477770604248462,-0.4009514413372724,1.0005853722241669,0.579585751806944,0.0131308794364351,0.2188974056584412,0.3200287664926159,1.7312767342813309,9,ablang2+greedy_dual_multi
10,139,XXXX,{'H': 'F99Y:F102W:L103G:P104Q:A106G:M107F:D108R'},H,XXXX,3,ARYVFWGQYGFRY,"F99Y,F102W,L103G,P104Q,A106G,M107F,D108R",13.097153,8.027554893493651,20.459166666666647,-0.1116666666666666,5A12_dual,ablang2,1.0821048572469223,1.1363990399506854,-1.0821048572469223,-1.1363990399506854,"SB0A,WB2Y,GB3V,GB4F,DB5W,FB7Q,AB9G,MB10F,DB11R",greedy_dual_multi,-1.0821048572469223,-1.1363990399506854,0.1271735082869819,0.3652187941809361,0.4049587326531695,0.0045520382046301,0.0622051886786948,0.7910823441390514,1.755190606143464,9,ablang2+greedy_dual_multi
10,274,XXXX,{'H': 'A97G:F99H:F101Y:F102W:L103K:P104W:A106S:M107K'},H,XXXX,6,GRHVYWKWYSKDY,"A97G,F99H,F101Y,F102W,L103K,P104W,A106S,M107K",17.932545,8.018335914611818,24.028333333333315,-0.2383333333333333,5A12_dual,ablang2,1.1735081892011203,1.4749533873768534,-1.1735081892011203,-1.4749533873768534,"SB0G,WB2H,GB3V,GB4Y,DB5W,GB6K,FB7W,AB9S,MB10K",greedy_dual_multi,-1.1735081892011203,-1.4749533873768534,0.0997415797259322,0.3057013563232319,0.7297612548643636,-0.0004552038204614,0.3778744103740163,0.2445163609157064,1.757139758382789,9,ablang2+greedy_dual_multi
10,394,XXXX,{'H': 'F99Y:V100N:L103T:P104Y:M107H'},H,XXXX,9,ARYNFFTYYAHDY,"F99Y,V100N,L103T,P104Y,M107H",12.3384695,6.0791234970092765,24.32916666666665,-0.1524999999999999,5A12_dual,ablang2,2.97757,3.14292,-2.97757,-3.14292,"SB0A,WB2Y,GB3N,GB4F,DB5F,GB6T,FB7Y,MB10H",greedy_dual_multi,-2.97757,-3.14292,-0.4416926727841581,0.0124748774130093,0.3539965119355904,0.8322627631348277,0.4044811320718945,0.6148867311262627,1.7764093428974268,8,ablang2+greedy_dual_multi
10,241,XXXX,{'H': 'F99Y:V100G:F101R:L103W:P104Y:A106R:M107N:D108R:Y109P'},H,XXXX,6,ARYGRFWYYRNRP,"F99Y,V100G,F101R,L103W,P104Y,A106R,M107N,D108R,Y109P",15.952581,8.961572837829593,25.45666666666664,-0.255,5A12_dual,ablang2,2.46128,1.6156,-2.46128,-1.6156,"SB0A,WB2Y,GB4R,DB5F,GB6W,FB7Y,AB9R,MB10N,DB11R,YB12P",greedy_dual_multi,-2.46128,-1.6156,-0.2867439406757781,0.2809758548185725,0.5967632888075548,0.5118591882714173,0.5042010613162946,0.1725997841757925,1.7796552367138536,10,ablang2+greedy_dual_multi
10,393,XXXX,{'H': 'F99G:V100S:F101A:L103W:A106R:M107H'},H,XXXX,9,ARGSAFWPYRHDY,"F99G,V100S,F101A,L103W,A106R,M107H",10.319897,6.991673469543457,23.404166666666647,-0.1875,5A12_dual,ablang2,1.04131,1.84495,-1.04131,-1.84495,"SB0A,WB2G,GB3S,GB4A,DB5F,GB6W,FB7P,AB9R,MB10H",greedy_dual_multi,-1.04131,-1.84495,0.1394168432478624,0.2406564069176965,0.218405139143859,0.4319325511474473,0.3226709905631837,0.4638619199724433,1.816943850992492,9,ablang2+greedy_dual_multi
10,396,XXXX,{'H': 'F99H:V100H:F101H:L103D:P104W:M107H:D108K:Y109N'},H,XXXX,9,ARHHHFDWYAHKN,"F99H,V100H,F101H,L103D,P104W,M107H,D108K,Y109N",24.403801,7.203796577453613,28.92416666666665,-0.2574999999999999,5A12_dual,ablang2,1.4803473051017648,6.93334,-1.4803473051017648,-6.93334,"SB0A,WB2H,GB3H,GB4H,DB5F,GB6D,FB7W,MB10H,DB11K,YB12N",greedy_dual_multi,-1.4803473051017648,-6.93334,0.0076531566108978,-0.653876296393131,1.1644478884763487,0.3388754131133832,0.8108785377286777,0.1618122976648059,1.8297909972009825,10,ablang2+greedy_dual_multi
10,111,XXXX,{'H': 'F99Y:V100R:L103R:M107F'},H,XXXX,2,ARYRFFRPYAFDY,"F99Y,V100R,L103R,M107F",9.84041,8.027554893493651,26.48499999999997,-0.145,5A12_dual,ablang2,0.7612258409766732,2.14841,-0.7612258409766732,-2.14841,"SB0A,WB2Y,GB3R,GB4F,DB5F,GB6R,FB7P,MB10F",greedy_dual_multi,-0.7612258409766732,-2.14841,0.2234755802451049,0.1873085121716759,0.1861970809414467,0.0045520382046301,0.5951503537683206,0.6472491906592236,1.843932755990402,8,ablang2+greedy_dual_multi
10,366,XXXX,{'H': 'F99Y:V100G:F101Y:P104Y:M107N:D108R'},H,XXXX,9,ARYGYFLYYANRY,"F99Y,V100G,F101Y,P104Y,M107N,D108R",14.648984,8.011050987243653,24.245833333333312,-0.1341666666666666,5A12_dual,ablang2,-0.5828005917678358,5.0846,0.5828005917678358,-5.0846,"SB0A,WB2Y,GB4Y,DB5F,GB6L,FB7Y,MB10N,DB11R",greedy_dual_multi,0.5828005917678358,-5.0846,0.6268442135208038,-0.3288700783322396,0.5091981868371364,-0.0044119754906404,0.3971108490530913,0.6939949655401677,1.8938661611283192,8,ablang2+greedy_dual_multi
10,45,XXXX,{'H': 'F99Y:F102Y:L103R:P104K:A106C:M107H'},H,XXXX,1,ARYVFYRKYCHDY,"F99Y,F102Y,L103R,P104K,A106C,M107H",13.477598,7.953222846984862,27.311749999999986,-0.1699999999999999,5A12_dual,ablang2,1.5302674123776736,1.6962706697705785,-1.5302674123776736,-1.6962706697705785,"SB0A,WB2Y,GB3V,GB4F,DB5Y,GB6R,FB7K,AB9C,MB10H",greedy_dual_multi,-1.5302674123776736,-1.6962706697705785,-0.0073288444526834,0.2667940502973446,0.4305139504230293,0.0101065934538995,0.6682709315978637,0.5393743255493533,1.907731006868807,9,ablang2+greedy_dual_multi
10,351,XXXX,{'H': 'R98K:F99S:V100G:L103Q:P104W:A106R:D108R'},H,XXXX,8,AKSGFFQWYRMRY,"R98K,F99S,V100G,L103Q,P104W,A106R,D108R",17.707058,8.619503593444826,21.24999999999998,-0.1558333333333333,5A12_dual,ablang2,1.09718,2.707575917797028,-1.09718,-2.707575917797028,"SB0A,RB1K,WB2S,GB4F,DB5F,GB6Q,FB7W,AB9R,DB11R",greedy_dual_multi,-1.09718,-2.707575917797028,0.122649162946297,0.0890078315936826,0.7146148621156815,0.3260659981655109,0.1321491745271327,0.6005034157782797,1.9849904451265843,9,ablang2+greedy_dual_multi
10,280,XXXX,{'H': 'F99Y:V100G:F101Y:F102R:P104Q:A106R:D108R'},H,XXXX,7,ARYGYRLQYRMRY,"F99Y,V100G,F101Y,F102R,P104Q,A106R,D108R",15.866413,8.938944435119634,19.88583333333332,-0.2208333333333333,5A12_dual,ablang2,0.0161287982542326,2.48159,-0.0161287982542326,-2.48159,"SB0A,WB2Y,GB4Y,DB5R,GB6L,FB7Q,AB9R,DB11R",greedy_dual_multi,-0.0161287982542326,-2.48159,0.4470937833238894,0.128735877981077,0.5909752195602437,0.499568685118917,0.0114976415093321,0.3200287664926159,1.997899973986076,8,ablang2+greedy_dual_multi
10,98,XXXX,{'H': 'R98K:F99Y:V100R:F101R:P104R:M107H'},H,XXXX,2,AKYRRFLRYAHDY,"R98K,F99Y,V100R,F101R,P104R,M107H",11.310105,8.603708839416509,29.52249999999998,-0.2058333333333333,5A12_dual,ablang2,1.967117091175836,1.5781858894858454,-1.967117091175836,-1.5781858894858454,"SB0A,RB1K,WB2Y,GB3R,GB4R,DB5F,GB6L,FB7R,MB10H",greedy_dual_multi,-1.967117091175836,-1.5781858894858454,-0.1384359816270008,0.2875532094278294,0.2849193030242026,0.3174871569337099,0.863797169803681,0.3847536855585383,2.0000745431209603,9,ablang2+greedy_dual_multi
10,353,XXXX,{'H': 'R98K:V100N:F101H:L103K:P104W:Y105R:M107K'},H,XXXX,8,AKFNHFKWRAKDY,"R98K,V100N,F101H,L103K,P104W,Y105R,M107K",19.183632,8.60403118133545,21.79916666666665,-0.2191666666666666,5A12_dual,ablang2,1.4959411747941993,0.8820551884723113,-1.4959411747941993,-0.8820551884723113,"SB0A,RB1K,WB2F,GB3N,GB4H,DB5F,GB6K,FB7W,YB8R,MB10K",greedy_dual_multi,-1.4959411747941993,-0.8820551884723113,0.0029731311649158,0.4099321304294228,0.8137991597758238,0.3176622353261937,0.1807193396210432,0.3272204241666075,2.052306420484007,10,ablang2+greedy_dual_multi
10,162,XXXX,{'H': 'R98K:F99Y:V100G:F101H:F102W:L103W:A106C:M107F'},H,XXXX,4,AKYGHWWPYCFDY,"R98K,F99Y,V100G,F101H,F102W,L103W,A106C,M107F",9.359238,6.078327751159667,23.99666666666665,-0.1508333333333333,5A12_dual,ablang2,0.2546167002204269,4.92748,-0.2546167002204269,-4.92748,"SB0A,RB1K,WB2Y,GB4H,DB5W,GB6W,FB7P,AB9C,MB10F",greedy_dual_multi,-0.2546167002204269,-4.92748,0.3755188970528994,-0.301248575588897,0.1538758380686032,0.8326118520770779,0.3750737028268713,0.6220783888002539,2.057910103236809,9,ablang2+greedy_dual_multi
10,124,XXXX,{'H': 'F99Y:V100G:F101R:P104W:M107R'},H,XXXX,3,ARYGRFLWYARDY,"F99Y,V100G,F101R,P104W,M107R",11.391009,8.027554893493651,26.52666666666665,-0.1575,5A12_dual,ablang2,0.4606217160883368,1.6965727209819592,-0.4606217160883368,-1.6965727209819592,"SB0A,WB2Y,GB4R,DB5F,GB6L,FB7W,MB10R",greedy_dual_multi,-0.4606217160883368,-1.6965727209819592,0.3136927605468672,0.2667409500659051,0.2903537793307718,0.0045520382046301,0.5988354952777227,0.5933117581042882,2.067486781530185,7,ablang2+greedy_dual_multi
10,275,XXXX,{'H': 'R98K:F99G:V100R:F101A:L103W:A106R'},H,XXXX,6,AKGRAFWPYRMDY,"R98K,F99G,V100R,F101A,L103W,A106R",10.796612,8.027683830261232,21.79916666666665,-0.1708333333333333,5A12_dual,ablang2,-0.872548027878902,0.95565,0.872548027878902,-0.95565,"SB0A,RB1K,WB2G,GB3R,GB4A,DB5F,GB6W,FB7P,AB9R",greedy_dual_multi,0.872548027878902,-0.95565,0.7138030890695527,0.3969942530840318,0.2504269968083275,0.004622069561626,0.1807193396210432,0.5357784967123572,2.0823442448569387,9,ablang2+greedy_dual_multi
10,68,XXXX,{'H': 'R98K:V100R:F101G:L103P:P104R:M107H:Y109P'},H,XXXX,1,AKFRGFPRYAHDP,"R98K,V100R,F101G,L103P,P104R,M107H,Y109P",12.125527,8.043285179138184,25.446666666666648,-0.185,5A12_dual,ablang2,1.497686392380941,-1.2143949483096306,-1.497686392380941,1.2143949483096306,"SB0A,RB1K,WB2F,GB3R,DB5F,GB6P,FB7R,MB10H,YB12P",greedy_dual_multi,-1.497686392380941,1.2143949483096306,0.0024493572155485,0.7784854858545976,0.3396927572273977,0.0130958637579372,0.503316627354039,0.4746494064834304,2.1116894978929506,9,ablang2+greedy_dual_multi
10,382,XXXX,{'H': 'V100G:F101R:F102Y:L103Y:P104Y:A106G:M107T'},H,XXXX,9,ARFGRYYYYGTDY,"V100G,F101R,F102Y,L103Y,P104Y,A106G,M107T",10.242014,6.841106986999511,24.95749999999997,-0.1899999999999999,5A12_dual,ablang2,-0.0478768102973194,2.978544037683827,0.0478768102973194,-2.978544037683827,"SB0A,WB2F,GB4R,DB5Y,GB6Y,FB7Y,AB9G,MB10T",greedy_dual_multi,0.0478768102973194,-2.978544037683827,0.4663031189548106,0.0413719694067451,0.2131735891811312,0.4979851660060317,0.4600530660336661,0.4530744334614567,2.1319613430438413,8,ablang2+greedy_dual_multi
10,369,XXXX,{'H': 'A97G:R98N:F99K:V100P:F101Y:L103W:P104W:A106R:M107N'},H,XXXX,9,GNKPYFWWYRNDY,"A97G,R98N,F99K,V100P,F101Y,L103W,P104W,A106R,M107N",15.420374,6.842300605773925,24.17249999999997,-0.2558333333333334,5A12_dual,ablang2,-1.4246832168602843,5.08945,1.4246832168602843,-5.08945,"SB0G,RB1N,WB2K,GB3P,GB4Y,DB5F,GB6W,FB7W,AB9R,MB10N",greedy_dual_multi,1.4246832168602843,-5.08945,0.8795096638339022,-0.3297227023667687,0.561013927444825,0.4974615325926568,0.3906249999965445,0.1690039553387965,2.167891376839956,10,ablang2+greedy_dual_multi
10,208,XXXX,{'H': 'F99D:F101Y:F102W:L103W:P104Y:A106Y:M107H:D108R'},H,XXXX,5,ARDVYWWYYYHRY,"F99D,F101Y,F102W,L103W,P104Y,A106Y,M107H,D108R",12.61328,6.988035774230957,24.87999999999997,-0.2075,5A12_dual,ablang2,-0.3669717320208754,3.38099,0.3669717320208754,-3.38099,"SB0A,WB2D,GB3V,GB4Y,DB5W,GB6W,FB7Y,AB9Y,MB10H,DB11R",greedy_dual_multi,0.3669717320208754,-3.38099,0.5620697492271144,-0.0293775357623189,0.3724560584480798,0.4335283863120187,0.4531987028261794,0.3775620278845468,2.1694373889356204,10,ablang2+greedy_dual_multi
10,138,XXXX,{'H': 'V100D:F101Y:F102Y:L103W:P104Y:Y105H:A106R:M107G:D108K'},H,XXXX,3,ARFDYYWYHRGKY,"V100D,F101Y,F102Y,L103W,P104Y,Y105H,A106R,M107G,D108K",16.331774,8.018271446228027,24.721666666666643,-0.2366666666666667,5A12_dual,ablang2,-0.7577443508905146,2.16259,0.7577443508905146,-2.16259,"SB0A,WB2F,GB3D,GB4Y,DB5Y,GB6W,FB7Y,YB8H,AB9R,MB10G,DB11K",greedy_dual_multi,0.7577443508905146,-2.16259,0.6793482590501244,0.1848156856129909,0.6222344073445482,-0.0004902194989594,0.4391951650904547,0.2517080185896976,2.1768113161888563,11,ablang2+greedy_dual_multi
10,357,XXXX,{'H': 'R98K:V100W:F101H:F102G:L103W:P104W:A106P:M107H'},H,XXXX,8,AKFWHGWWYPHDY,"R98K,V100W,F101H,F102G,L103W,P104W,A106P,M107H",12.892932,6.306479454040528,27.08166666666665,-0.195,5A12_dual,ablang2,2.7091761104305654,1.24597,-2.7091761104305654,-1.24597,"SB0A,RB1K,WB2F,GB3W,GB4H,DB5G,GB6W,FB7W,AB9P,MB10H",greedy_dual_multi,-2.7091761104305654,-1.24597,-0.361142414413048,0.34595635417589,0.3912408177688143,0.7325230653491204,0.647921580182949,0.4314994604394821,2.187998863503208,10,ablang2+greedy_dual_multi
10,346,XXXX,{'H': 'F99Q:V100K:F101K:F102W:L103S:A106R:M107H:D108R'},H,XXXX,8,ARQKKWSPYRHRY,"F99Q,V100K,F101K,F102W,L103S,A106R,M107H,D108R",19.04168,9.1754789352417,28.74999999999998,-0.3249999999999999,5A12_dual,ablang2,2.62027,0.7529937391654826,-2.62027,-0.7529937391654826,"SB0A,WB2Q,GB3K,GB4K,DB5W,GB6S,FB7P,AB9R,MB10H,DB11R",greedy_dual_multi,-2.62027,-0.7529937391654826,-0.3344599508985431,0.432620974472755,0.8042639726321708,0.6280412095249769,0.7954746462193796,-0.1294498381318449,2.1964910138188944,10,ablang2+greedy_dual_multi
10,354,XXXX,{'H': 'A97T:F99Q:V100D:F101H:F102W:L103W:P104W:M107K:D108R'},H,XXXX,8,TRQDHWWWYAKRY,"A97T,F99Q,V100D,F101H,F102W,L103W,P104W,M107K,D108R",22.535355,8.034710884094238,33.66416666666665,-0.2849999999999999,5A12_dual,ablang2,2.04331,2.96727,-2.04331,-2.96727,"SB0T,WB2Q,GB3D,GB4H,DB5W,GB6W,FB7W,MB10K,DB11R",greedy_dual_multi,-2.04331,-2.96727,-0.161302964558984,0.0433539313645632,1.038940799616662,0.0084387785178151,1.2301002358381778,0.043149946043948,2.2026807268221824,9,ablang2+greedy_dual_multi
10,345,XXXX,{'H': 'F101Q:F102Y:L103N:P104W:Y105S:M107H:D108R'},H,XXXX,8,ARFVQYNWSAHRY,"F101Q,F102Y,L103N,P104W,Y105S,M107H,D108R",19.099852,8.043220710754394,21.08749999999998,-0.1649999999999999,5A12_dual,ablang2,0.7970254841677273,0.4052345412945555,-0.7970254841677273,-0.4052345412945555,"SB0A,WB2F,GB3V,GB4Q,DB5Y,GB6N,FB7W,YB8S,MB10H,DB11R",greedy_dual_multi,-0.7970254841677273,-0.4052345412945555,0.2127314067720835,0.4937566137167369,0.8081714970525423,0.0130608480794392,0.1177771226404675,0.5609492985713275,2.206446786832597,10,ablang2+greedy_dual_multi
10,161,XXXX,{'H': 'F99Y:V100R:L103W:A106W:M107F:D108Q'},H,XXXX,4,ARYRFFWPYWFQY,"F99Y,V100R,L103W,A106W,M107F,D108Q",12.230845,8.027554893493651,20.38583333333332,-0.1374999999999999,5A12_dual,ablang2,-0.7765457384997836,0.6019337362311479,0.7765457384997836,-0.6019337362311479,"SB0A,WB2Y,GB3R,GB4F,DB5F,GB6W,FB7P,AB9W,MB10F,DB11Q",greedy_dual_multi,0.7765457384997836,-0.6019337362311479,0.6849909233898064,0.4591771371857137,0.3467671685748622,0.0045520382046301,0.0557193396221489,0.6796116501921852,2.2308182571693465,10,ablang2+greedy_dual_multi
10,298,XXXX,{'H': 'F99Y:V100N:F101H:F102Y:L103Q:M107F:D108K'},H,XXXX,7,ARYNHYQPYAFKY,"F99Y,V100N,F101H,F102Y,L103Q,M107F,D108K",15.888987,8.018271446228027,29.274999999999984,-0.2158333333333334,5A12_dual,ablang2,0.1605940177724751,2.91389,-0.1605940177724751,-2.91389,"SB0A,WB2Y,GB3N,GB4H,DB5Y,GB6Q,FB7P,MB10F,DB11K",greedy_dual_multi,-0.1605940177724751,-2.91389,0.4037369439543287,0.0527380697074834,0.5924915582844662,-0.0004902194989594,0.8419074292378373,0.3416037395145896,2.231987521199746,9,ablang2+greedy_dual_multi
10,314,XXXX,{'H': 'F99Y:V100I:F101N:L103Q:P104W:Y105R:M107F'},H,XXXX,7,ARYINFQWRAFDY,"F99Y,V100I,F101N,L103Q,P104W,Y105R,M107F",10.612714,6.844631004333496,23.06333333333332,-0.1349999999999999,5A12_dual,ablang2,0.627479104740746,1.7657832446265305,-0.627479104740746,-1.7657832446265305,"SB0A,WB2Y,GB3I,GB4N,DB5F,GB6Q,FB7W,YB8R,MB10F",greedy_dual_multi,-0.627479104740746,-1.7657832446265305,0.2636155930351858,0.2545738251377183,0.2380742166760044,0.4964392006903531,0.2925265330162809,0.6903991367031722,2.2356285052587146,9,ablang2+greedy_dual_multi
1,13,XXXX,{'H': 'V100T:F101R:F102R:L103T:P104V:D108L'},H,XXXX,0,ARFTRRTVYAMLY,"V100T,F101R,F102R,L103T,P104V,D108L",16.602173,8.636910057067873,30.034166666666653,-0.0674999999999999,5A12_dual,ablang2,0.85691,-1.3957543873781777,-0.85691,1.3957543873781777,"SB0A,WB2F,GB3T,GB4R,DB5R,GB6T,FB7V,DB11L",greedy_dual,-0.85691,1.3957543873781777,0.4798079887582889,1.0503815901042437,0.0,-0.0,0.0,0.0,1.5301895788625324,8,ablang2+greedy_dual
1,17,XXXX,{'H': 'F99D:F101D:F102V:L103S:P104Y:M107F'},H,XXXX,0,ARDVDVSYYAFDY,"F99D,F101D,F102V,L103S,P104Y,M107F",6.2227306,4.86845302581787,26.69333333333332,-0.0983333333333333,5A12_dual,ablang2,1.3783020441757667,-3.697828418406815,-1.3783020441757667,3.697828418406815,"SB0A,WB2D,GB3V,GB4D,DB5V,GB6S,FB7Y,MB10F",greedy_dual,-1.3783020441757667,3.697828418406815,0.311461901488958,1.4828602756349991,-0.0,0.0,0.0,0.0,1.7943221771239577,8,ablang2+greedy_dual
1,33,XXXX,{'H': 'R98K:F99R:F101V:F102G:M107F'},H,XXXX,0,AKRVVGLPYAFDY,"R98K,F99R,F101V,F102G,M107F",6.5456524,6.843437385559082,30.53166666666665,-0.04,5A12_dual,ablang2,0.6978543326869149,-4.134308592856229,-0.6978543326869149,4.134308592856229,"SB0A,RB1K,WB2R,GB3V,GB4V,DB5G,GB6L,FB7P,MB10F",greedy_dual,-0.6978543326869149,4.134308592856229,0.5311635848961228,1.5648595378488952,0.0,0.0,0.0,0.0,2.096023122745018,9,ablang2+greedy_dual
1,22,XXXX,{'H': 'R98K:F99D:F101P:F102S:P104Y:M107F'},H,XXXX,0,AKDVPSLYYAFDY,"R98K,F99D,F101P,F102S,P104Y,M107F",6.3816214,5.149692344665527,31.155833333333312,-0.0808333333333333,5A12_dual,ablang2,0.5585923006371245,-3.97195,-0.5585923006371245,3.97195,"SB0A,RB1K,WB2D,GB3V,GB4P,DB5S,GB6L,FB7Y,MB10F",greedy_dual,-0.5585923006371245,3.97195,0.5761282491303455,1.53435807270196,0.0,0.0,0.0,0.0,2.1104863218323056,9,ablang2+greedy_dual
1,11,XXXX,{'H': 'R98K:F99R:V100G:F101G:L103T:P104V:M107F'},H,XXXX,0,AKRGGFTVYAFDY,"R98K,F99R,V100G,F101G,L103T,P104V,M107F",6.192786,6.843437385559082,29.326666666666647,-0.0791666666666666,5A12_dual,ablang2,0.1892097393052108,-3.349710529105973,-0.1892097393052108,3.349710529105973,"SB0A,RB1K,WB2R,DB5F,GB6T,FB7V,MB10F",greedy_dual,-0.1892097393052108,3.349710529105973,0.6953937991140511,1.4174611767592356,-0.0,0.0,0.0,0.0,2.112854975873286,7,ablang2+greedy_dual
1,20,XXXX,{'H': 'F99R:F101S:F102G:L103V:P104W:M107F'},H,XXXX,0,ARRVSGVWYAFDY,"F99R,F101S,F102G,L103V,P104W,M107F",6.303005,6.844631004333496,31.69083333333332,-0.0775,5A12_dual,ablang2,0.9082575183999104,-4.688373515774234,-0.9082575183999104,4.688373515774234,"SB0A,WB2R,GB3V,GB4S,DB5G,GB6V,FB7W,MB10F",greedy_dual,-0.9082575183999104,4.688373515774234,0.463228998130843,1.6689488357309483,-0.0,0.0,0.0,0.0,2.132177833861792,8,ablang2+greedy_dual
1,6,XXXX,{'H': 'F99D:F101G:L103G:P104S:M107F'},H,XXXX,0,ARDVGFGSYAFDY,"F99D,F101G,L103G,P104S,M107F",5.885064,5.149692344665527,26.209999999999983,-0.0766666666666667,5A12_dual,ablang2,0.0064631067302658,-5.019989815014156,-0.0064631067302658,5.019989815014156,"SB0A,WB2D,GB3V,DB5F,FB7S,MB10F",greedy_dual,-0.0064631067302658,5.019989815014156,0.754398689770317,1.7312478666321276,-0.0,0.0,0.0,0.0,2.4856465564024446,6,ablang2+greedy_dual
1,0,XXXX,{'H': 'R98K:F99E:V100L:F101G:F102S:L103S:P104T:M107F'},H,XXXX,0,AKELGSSTYAFDY,"R98K,F99E,V100L,F101G,F102S,L103S,P104T,M107F",5.3459377,5.184875679016112,28.522499999999983,-0.1074999999999999,5A12_dual,ablang2,0.2701266272192493,-5.950438108380469,-0.2701266272192493,5.950438108380469,"SB0A,RB1K,WB2E,GB3L,DB5S,GB6S,FB7T,MB10F",greedy_dual,-0.2701266272192493,5.950438108380469,0.669267505806539,1.9060463524521485,-0.0,0.0,0.0,0.0,2.575313858258687,8,ablang2+greedy_dual
1,21,XXXX,{'H': 'F99D:V100P:F101G:F102A:L103W:P104N:A106Y:M107F'},H,XXXX,0,ARDPGAWNYYFDY,"F99D,V100P,F101G,F102A,L103W,P104N,A106Y,M107F",6.3356104,5.149692344665527,26.29333333333331,-0.1858333333333333,5A12_dual,ablang2,-1.3004172272322403,-3.48555,1.3004172272322403,3.48555,"SB0A,WB2D,GB3P,DB5A,GB6W,FB7N,AB9Y,MB10F",greedy_dual,1.3004172272322403,3.48555,1.1763617657501595,1.4429806322691838,-0.0,0.0,0.0,-0.0,2.619342398019344,8,ablang2+greedy_dual
1,3,XXXX,{'H': 'F99D:F102G:L103G:P104G:A106P:M107F'},H,XXXX,0,ARDVFGGGYPFDY,"F99D,F102G,L103G,P104G,A106P,M107F",5.73807,5.149692344665527,28.92666666666664,-0.1016666666666666,5A12_dual,ablang2,-0.3263748348887514,-5.195569944214948,0.3263748348887514,5.195569944214948,"SB0A,WB2D,GB3V,GB4F,DB5G,FB7G,AB9P,MB10F",greedy_dual,0.3263748348887514,5.195569944214948,0.8618647813462187,1.764233193106684,-0.0,0.0,0.0,0.0,2.626097974452903,8,ablang2+greedy_dual
1,1,XXXX,{'H': 'R98K:F99E:F101G:F102S:P104Y:A106Y:M107F'},H,XXXX,0,AKEVGSLYYYFDY,"R98K,F99E,F101G,F102S,P104Y,A106Y,M107F",6.0478945,5.184818840026854,26.29333333333331,-0.0966666666666666,5A12_dual,ablang2,-0.9023126343761056,-4.387074656800105,0.9023126343761056,4.387074656800105,"SB0A,RB1K,WB2E,GB3V,DB5S,GB6L,FB7Y,AB9Y,MB10F",greedy_dual,0.9023126343761056,4.387074656800105,1.0478224999905013,1.6123453847885718,-0.0,0.0,0.0,0.0,2.660167884779073,9,ablang2+greedy_dual
1,15,XXXX,{'H': 'F99E:V100D:F101D:F102S:L103D:P104G:M107F'},H,XXXX,0,AREDDSDGYAFDY,"F99E,V100D,F101D,F102S,L103D,P104G,M107F",6.2087617,4.579654121398925,29.41999999999998,-0.2191666666666666,5A12_dual,ablang2,-0.2413885356855232,-5.872973182415706,0.2413885356855232,5.872973182415706,"SB0A,WB2E,GB3D,GB4D,DB5S,GB6D,FB7G,MB10F",greedy_dual,0.2413885356855232,5.872973182415706,0.8344245641388747,1.891493419355984,-0.0,0.0,0.0,-0.0,2.7259179834948584,8,ablang2+greedy_dual
1,25,XXXX,{'H': 'A97T:F99D:V100G:F101S:L103A:P104G:A106P:M107F'},H,XXXX,0,TRDGSFAGYPFDY,"A97T,F99D,V100G,F101S,L103A,P104G,A106P,M107F",6.42566,5.149692344665527,29.58666666666665,-0.1458333333333333,5A12_dual,ablang2,-1.772759089197057,-3.563317622783977,1.772759089197057,3.563317622783977,"SB0T,WB2D,GB4S,DB5F,GB6A,FB7G,AB9P,MB10F",greedy_dual,1.772759089197057,3.563317622783977,1.3288706220005269,1.4575904314438166,0.0,0.0,0.0,-0.0,2.7864610534443432,8,ablang2+greedy_dual
1,16,XXXX,{'H': 'F99R:F101S:F102V:P104S:A106W:M107F'},H,XXXX,0,ARRVSVLSYWFDY,"F99R,F101S,F102V,P104S,A106W,M107F",6.214823,6.844631004333496,28.85333333333332,-0.0641666666666666,5A12_dual,ablang2,-2.381593887972608,-2.7428463220924773,2.381593887972608,2.7428463220924773,"SB0A,WB2R,GB3V,GB4S,DB5V,GB6L,FB7S,AB9W,MB10F",greedy_dual,2.381593887972608,2.7428463220924773,1.5254500621975895,1.3034527517445165,-0.0,0.0,0.0,0.0,2.828902813942106,9,ablang2+greedy_dual
1,38,XXXX,{'H': 'F99G:V100P:F102A:L103G:P104G:M107F'},H,XXXX,0,ARGPFAGGYAFDY,"F99G,V100P,F102A,L103G,P104G,M107F",6.6622534,5.679602241516113,28.13583333333332,-0.0774999999999999,5A12_dual,ablang2,-1.6474944310919266,-4.136752979387415,1.6474944310919266,4.136752979387415,"SB0A,WB2G,GB3P,GB4F,DB5A,FB7G,MB10F",greedy_dual,1.6474944310919266,4.136752979387415,1.2884254036649354,1.5653187520443064,0.0,0.0,0.0,0.0,2.853744155709242,7,ablang2+greedy_dual
1,34,XXXX,{'H': 'F99D:V100P:F102V:L103A:P104S:M107F'},H,XXXX,0,ARDPFVASYAFDY,"F99D,V100P,F102V,L103A,P104S,M107F",6.5627575,5.149692344665527,28.522499999999983,-0.0683333333333333,5A12_dual,ablang2,-0.0610172433023725,-7.912550093092042,0.0610172433023725,7.912550093092042,"SB0A,WB2D,GB3P,GB4F,DB5V,GB6A,FB7S,MB10F",greedy_dual,0.0610172433023725,7.912550093092042,0.7761866188775166,2.2746581349468387,0.0,0.0,0.0,0.0,3.0508447538243555,8,ablang2+greedy_dual
1,4,XXXX,{'H': 'R98K:F99D:V100S:F101T:L103G:P104G:A106R:M107F'},H,XXXX,0,AKDSTFGGYRFDY,"R98K,F99D,V100S,F101T,L103G,P104G,A106R,M107F",5.8006377,5.696710777282715,26.48916666666664,-0.1649999999999999,5A12_dual,ablang2,-2.446003523382787,-4.008187050258364,2.446003523382787,4.008187050258364,"SB0A,RB1K,WB2D,GB3S,GB4T,DB5F,FB7G,AB9R,MB10F",greedy_dual,2.446003523382787,4.008187050258364,1.546246524715327,1.5411657390289402,-0.0,0.0,0.0,-0.0,3.087412263744267,9,ablang2+greedy_dual
1,36,XXXX,{'H': 'F99R:V100G:F101N:F102T:L103T:P104N:M107F'},H,XXXX,0,ARRGNTTNYAFDY,"F99R,V100G,F101N,F102T,L103T,P104N,M107F",6.644059,6.844631004333496,28.31583333333332,-0.2033333333333333,5A12_dual,ablang2,-0.9668838772719824,-7.499002709356857,0.9668838772719824,7.499002709356857,"SB0A,WB2R,GB4N,DB5T,GB6T,FB7N,MB10F",greedy_dual,0.9668838772719824,7.499002709356857,1.0686711420307198,2.196967136954667,0.0,0.0,0.0,-0.0,3.265638278985387,7,ablang2+greedy_dual
1,35,XXXX,{'H': 'F99G:F101T:L103G:P104G:M107F'},H,XXXX,0,ARGVTFGGYAFDY,"F99G,F101T,L103G,P104G,M107F",6.574913,5.679602241516113,26.851666666666645,-0.05,5A12_dual,ablang2,-3.046774536411153,-4.129498821915223,3.046774536411153,4.129498821915223,"SB0A,WB2G,GB3V,GB4T,DB5F,FB7G,MB10F",greedy_dual,3.046774536411153,4.129498821915223,1.7402223448643264,1.5639559511760803,0.0,0.0,0.0,0.0,3.3041782960404067,7,ablang2+greedy_dual
1,14,XXXX,{'H': 'R98K:F99D:V100G:F101S:F102G:P104S:A106N:M107P'},H,XXXX,0,AKDGSGLSYNPDY,"R98K,F99D,V100G,F101S,F102G,P104S,A106N,M107P",6.6016006,5.149692344665527,23.047499999999985,-0.1858333333333333,5A12_dual,ablang2,-1.810029116394656,-6.442863585494563,1.810029116394656,6.442863585494563,"SB0A,RB1K,WB2D,GB4S,DB5G,GB6L,FB7S,AB9N,MB10P",greedy_dual,1.810029116394656,6.442863585494563,1.3409042986191562,1.9985557679590853,0.0,0.0,-0.0,-0.0,3.339460066578242,9,ablang2+greedy_dual
1,24,XXXX,{'H': 'F99D:F102G:L103A:P104W:Y105G:M107F'},H,XXXX,0,ARDVFGAWGAFDY,"F99D,F102G,L103A,P104W,Y105G,M107F",6.415119,5.149692344665527,22.66499999999998,-0.0516666666666667,5A12_dual,ablang2,-3.078005856228018,-4.9726276413633546,3.078005856228018,4.9726276413633546,"SB0A,WB2D,GB3V,GB4F,DB5G,GB6A,FB7W,YB8G,MB10F",greedy_dual,3.078005856228018,4.9726276413633546,1.750306254947262,1.722350181184876,0.0,0.0,-0.0,0.0,3.472656436132138,9,ablang2+greedy_dual
1,7,XXXX,{'H': 'F99D:F101G:F102S:L103T:P104S:A106C:M107L'},H,XXXX,0,ARDVGSTSYCLDY,"F99D,F101G,F102S,L103T,P104S,A106C,M107L",5.886777,5.149635505676269,24.81333333333332,-0.0949999999999999,5A12_dual,ablang2,-2.8171122535631588,-5.461226334256905,2.8171122535631588,5.461226334256905,"SB0A,WB2D,GB3V,DB5S,GB6T,FB7S,AB9C,MB10L",greedy_dual,2.8171122535631588,5.461226334256905,1.6660694168657384,1.8141406786261025,-0.0,0.0,0.0,0.0,3.4802100954918407,8,ablang2+greedy_dual
1,28,XXXX,{'H': 'R98K:F99D:F102G:L103G:P104S:M107G'},H,XXXX,0,AKDVFGGSYAGDY,"R98K,F99D,F102G,L103G,P104S,M107G",6.4824376,5.149692344665527,26.917499999999983,-0.0983333333333333,5A12_dual,ablang2,-3.654029120564609,-4.127492396850252,3.654029120564609,4.127492396850252,"SB0A,RB1K,WB2D,GB3V,GB4F,DB5G,FB7S,MB10G",greedy_dual,3.654029120564609,4.127492396850252,1.936291568322091,1.563579014525469,0.0,0.0,0.0,0.0,3.49987058284756,8,ablang2+greedy_dual
1,37,XXXX,{'H': 'F99G:F101G:F102G:P104L:Y105G:M107F:Y109P'},H,XXXX,0,ARGVGGLLGAFDP,"F99G,F101G,F102G,P104L,Y105G,M107F,Y109P",6.7000866,5.679659080505371,24.474166666666648,0.0008333333333333,5A12_dual,ablang2,-3.759035833146768,-4.115879846453453,3.759035833146768,4.115879846453453,"SB0A,WB2G,GB3V,DB5G,GB6L,FB7L,YB8G,MB10F,YB12P",greedy_dual,3.759035833146768,4.115879846453453,1.9701959391265336,1.5613974250267932,0.0,0.0,0.0,0.0,3.531593364153327,9,ablang2+greedy_dual
1,5,XXXX,{'H': 'R98K:F99E:V100G:F101G:F102G:L103G:P104S:M107S:Y109S'},H,XXXX,0,AKEGGGGSYASDS,"R98K,F99E,V100G,F101G,F102G,L103G,P104S,M107S,Y109S",5.867401,5.184875679016112,31.44333333333332,-0.1624999999999999,5A12_dual,ablang2,-3.742686622753075,-4.426452090028028,3.742686622753075,4.426452090028028,"SB0A,RB1K,WB2E,DB5G,FB7S,MB10S,YB12S",greedy_dual,3.742686622753075,4.426452090028028,1.9649171366774625,1.6197430185451098,-0.0,0.0,0.0,-0.0,3.584660155222572,7,ablang2+greedy_dual
1,29,XXXX,{'H': 'R98K:F99D:V100A:F101Y:F102G:Y105G:M107F:Y109S'},H,XXXX,0,AKDAYGLPGAFDS,"R98K,F99D,V100A,F101Y,F102G,Y105G,M107F,Y109S",6.4838815,5.149692344665527,27.60333333333332,-0.0858333333333333,5A12_dual,ablang2,-4.244329793311912,-3.6688459218434506,4.244329793311912,3.6688459218434506,"SB0A,RB1K,WB2D,GB3A,GB4Y,DB5G,GB6L,FB7P,YB8G,MB10F,YB12S",greedy_dual,4.244329793311912,3.6688459218434506,2.1268867445997746,1.477415484612565,0.0,0.0,0.0,0.0,3.604302229212339,11,ablang2+greedy_dual
1,30,XXXX,{'H': 'F99P:F101S:F102V:L103S:P104A:A106W:M107F'},H,XXXX,0,ARPVSVSAYWFDY,"F99P,F101S,F102V,L103S,P104A,A106W,M107F",6.484101,5.679602241516113,27.28999999999998,-0.0566666666666666,5A12_dual,ablang2,-2.040497944642304,-7.843574582201759,2.040497944642304,7.843574582201759,"SB0A,WB2P,GB3V,GB4S,DB5V,GB6S,FB7A,AB9W,MB10F",greedy_dual,2.040497944642304,7.843574582201759,1.4153176424866736,2.261700064145652,0.0,0.0,0.0,0.0,3.6770177066323257,9,ablang2+greedy_dual
1,18,XXXX,{'H': 'F99D:F101S:F102G:L103G:P104G:A106L:M107A'},H,XXXX,0,ARDVSGGGYLADY,"F99D,F101S,F102G,L103G,P104G,A106L,M107A",6.2316794,5.149692344665527,24.55749999999998,-0.0949999999999999,5A12_dual,ablang2,-4.01917262685569,-5.512602838676032,4.01917262685569,5.512602838676032,"SB0A,WB2D,GB3V,GB4S,DB5G,FB7G,AB9L,MB10A",greedy_dual,4.01917262685569,5.512602838676032,2.0541884201489773,1.8237925155344148,-0.0,0.0,0.0,0.0,3.877980935683392,8,ablang2+greedy_dual
1,19,XXXX,{'H': 'F99G:V100L:F101Y:F102R:L103G:Y105G:M107F'},H,XXXX,0,ARGLYRGPGAFDY,"F99G,V100L,F101Y,F102R,L103G,Y105G,M107F",6.2331266,6.844631004333496,21.41249999999998,-0.1216666666666666,5A12_dual,ablang2,-4.122801764648964,-5.4880483644280185,4.122801764648964,5.4880483644280185,"SB0A,WB2G,GB3L,GB4Y,DB5R,FB7P,YB8G,MB10F",greedy_dual,4.122801764648964,5.4880483644280185,2.0876480021841624,1.819179594054242,-0.0,0.0,-0.0,0.0,3.906827596238404,8,ablang2+greedy_dual
1,2,XXXX,{'H': 'F99D:V100G:F101N:F102S:L103T:P104G:Y105G:A106W:M107L'},H,XXXX,0,ARDGNSTGGWLDY,"F99D,V100G,F101N,F102S,L103T,P104G,Y105G,A106W,M107L",5.5345,5.149692344665527,25.585833333333312,-0.1766666666666666,5A12_dual,ablang2,-2.522417664934461,-8.309194224387863,2.522417664934461,8.309194224387863,"SB0A,WB2D,GB4N,DB5S,GB6T,FB7G,YB8G,AB9W,MB10L",greedy_dual,2.522417664934461,8.309194224387863,1.5709189797057077,2.3491736067406177,-0.0,0.0,0.0,-0.0,3.9200925864463256,9,ablang2+greedy_dual
1,12,XXXX,{'H': 'F99R:F101R:F102G:P104S:Y105R:A106Y:M107F'},H,XXXX,0,ARRVRGLSRYFDY,"F99R,F101R,F102G,P104S,Y105R,A106Y,M107F",6.14695,8.636716651916508,29.98666666666665,-0.1633333333333333,5A12_dual,ablang2,-2.9496014530936385,-7.729816439983844,2.9496014530936385,7.729816439983844,"SB0A,WB2R,GB3V,GB4R,DB5G,GB6L,FB7S,YB8R,AB9Y,MB10F",greedy_dual,2.9496014530936385,7.729816439983844,1.7088472816136766,2.240328913108932,-0.0,-0.0,0.0,-0.0,3.949176194722608,10,ablang2+greedy_dual
1,32,XXXX,{'H': 'R98K:F99D:F101S:L103T:P104H:Y105G:A106Y:M107F'},H,XXXX,0,AKDVSFTHGYFDY,"R98K,F99D,F101S,L103T,P104H,Y105G,A106Y,M107F",6.5407495,5.519202613830565,23.37249999999998,-0.1158333333333333,5A12_dual,ablang2,-3.823698782545053,-7.906864729421206,3.823698782545053,7.906864729421206,"SB0A,RB1K,WB2D,GB3V,GB4S,DB5F,GB6T,FB7H,YB8G,AB9Y,MB10F",greedy_dual,3.823698782545053,7.906864729421206,1.991074191190592,2.27359005521787,0.0,0.0,-0.0,0.0,4.264664246408461,11,ablang2+greedy_dual
1,8,XXXX,{'H': 'F99D:F102G:L103T:P104G:Y105G:A106T:M107F'},H,XXXX,0,ARDVFGTGGTFDY,"F99D,F102G,L103T,P104G,Y105G,A106T,M107F",5.9345136,5.149692344665527,24.87833333333331,-0.0891666666666666,5A12_dual,ablang2,-4.600327992592444,-7.38250090083476,4.600327992592444,7.38250090083476,"SB0A,WB2D,GB3V,GB4F,DB5G,GB6T,FB7G,YB8G,AB9T,MB10F",greedy_dual,4.600327992592444,7.38250090083476,2.2418307768175003,2.175080547586784,-0.0,0.0,0.0,0.0,4.416911324404284,10,ablang2+greedy_dual
1,31,XXXX,{'H': 'F99R:V100G:F101P:F102G:L103T:P104T:Y105G:M107A'},H,XXXX,0,ARRGPGTTGAADY,"F99R,V100G,F101P,F102G,L103T,P104T,Y105G,M107A",6.4998617,6.845767784118652,25.15166666666665,-0.1624999999999999,5A12_dual,ablang2,-5.43520276755932,-6.619220890331395,5.43520276755932,6.619220890331395,"SB0A,WB2R,GB4P,DB5G,GB6T,FB7T,YB8G,MB10A",greedy_dual,5.43520276755932,6.619220890331395,2.511393581420166,2.031687098381809,0.0,0.0,0.0,-0.0,4.543080679801975,8,ablang2+greedy_dual
1,26,XXXX,{'H': 'R98K:F99D:F102G:L103P:P104G:Y105G:A106Y:M107F:D108G'},H,XXXX,0,AKDVFGPGGYFGY,"R98K,F99D,F102G,L103P,P104G,Y105G,A106Y,M107F,D108G",6.4432354,5.679545402526856,23.529166666666647,-0.0708333333333333,5A12_dual,ablang2,-4.633707771012682,-8.01369855578297,4.633707771012682,8.01369855578297,"SB0A,RB1K,WB2D,GB3V,GB4F,DB5G,GB6P,FB7G,YB8G,AB9Y,MB10F,DB11G",greedy_dual,4.633707771012682,8.01369855578297,2.2526083771927565,2.2936603710167547,0.0,0.0,-0.0,0.0,4.546268748209512,12,ablang2+greedy_dual
1,39,XXXX,{'H': 'R98K:F99D:F101A:F102V:L103A:Y105V:A106P:M107F'},H,XXXX,0,AKDVAVAPVPFDY,"R98K,F99D,F101A,F102V,L103A,Y105V,A106P,M107F",6.667603,5.149692344665527,31.364166666666648,-0.0125,5A12_dual,ablang2,-4.273356112961633,-8.893299622050797,4.273356112961633,8.893299622050797,"SB0A,RB1K,WB2D,GB3V,GB4A,DB5V,GB6A,FB7P,YB8V,AB9P,MB10F",greedy_dual,4.273356112961633,8.893299622050797,2.136258708356115,2.458906452508314,0.0,0.0,0.0,0.0,4.595165160864429,11,ablang2+greedy_dual
1,9,XXXX,{'H': 'R98K:F99G:V100G:F101V:F102S:L103V:P104I:Y105G:A106P:M107F'},H,XXXX,0,AKGGVSVIGPFDY,"R98K,F99G,V100G,F101V,F102S,L103V,P104I,Y105G,A106P,M107F",6.007766,5.679602241516113,26.86999999999998,-0.0141666666666666,5A12_dual,ablang2,-5.25922,-7.787964509970157,5.25922,7.787964509970157,"SB0A,RB1K,WB2G,GB4V,DB5S,GB6V,FB7I,YB8G,AB9P,MB10F",greedy_dual,5.25922,7.787964509970157,2.45457259483938,2.251252888852055,-0.0,0.0,0.0,0.0,4.705825483691435,10,ablang2+greedy_dual
1,23,XXXX,{'H': 'R98K:F99D:F101Y:F102T:L103D:Y105G:A106Y:M107F:Y109S'},H,XXXX,0,AKDVYTDPGYFDS,"R98K,F99D,F101Y,F102T,L103D,Y105G,A106Y,M107F,Y109S",6.409523,4.86845302581787,25.36999999999998,-0.1549999999999999,5A12_dual,ablang2,-5.762060123518596,-7.609675593435539,5.762060123518596,7.609675593435539,"SB0A,RB1K,WB2D,GB3V,GB4Y,DB5T,GB6D,FB7P,YB8G,AB9Y,MB10F,YB12S",greedy_dual,5.762060123518596,7.609675593435539,2.6169286726928545,2.2177586765772483,0.0,0.0,0.0,-0.0,4.834687349270103,12,ablang2+greedy_dual
1,27,XXXX,{'H': 'R98K:F99D:F101I:F102P:L103A:P104G:Y105S:A106Y:M107F:Y109S'},H,XXXX,0,AKDVIPAGSYFDS,"R98K,F99D,F101I,F102P,L103A,P104G,Y105S,A106Y,M107F,Y109S",6.467327,5.149692344665527,28.778333333333315,-0.0633333333333333,5A12_dual,ablang2,-5.440262280654968,-8.619352014204077,5.440262280654968,8.619352014204077,"SB0A,RB1K,WB2D,GB3V,GB4I,DB5P,GB6A,FB7G,YB8S,AB9Y,MB10F,YB12S",greedy_dual,5.440262280654968,8.619352014204077,2.513027187537971,2.407441338985051,0.0,0.0,0.0,0.0,4.920468526523022,12,ablang2+greedy_dual
1,10,XXXX,{'H': 'F99D:F101S:F102T:P104V:Y105G:A106D:M107F'},H,XXXX,0,ARDVSTLVGDFDY,"F99D,F101S,F102T,P104V,Y105G,A106D,M107F",6.012429,4.86845302581787,23.60833333333332,-0.0691666666666666,5A12_dual,ablang2,-5.45758151188656,-9.70257315164535,5.45758151188656,9.70257315164535,"SB0A,WB2D,GB3V,GB4S,DB5T,GB6L,FB7V,YB8G,AB9D,MB10F",greedy_dual,5.45758151188656,9.70257315164535,2.5186191884994744,2.61094046514061,-0.0,0.0,0.0,0.0,5.129559653640085,10,ablang2+greedy_dual
2,68,XXXX,{'H': 'F99D:V100L:P104Y'},H,XXXX,1,ARDLFFLYYAMDY,"F99D,V100L,P104Y",10.495853,5.149692344665527,26.917499999999983,-0.0299999999999999,5A12_dual,ablang2,0.90440534882259,3.0239032338896727,-0.90440534882259,-3.0239032338896727,"SB0A,WB2D,GB3L,GB4F,DB5F,GB6L,FB7Y",greedy_dual,-0.90440534882259,-3.0239032338896727,0.4644727794333848,0.2200834794532011,0.0,0.0,0.0,0.0,0.684556258886586,7,ablang2+greedy_dual
2,46,XXXX,{'H': 'V100L:F101S:P104Y:A106C'},H,XXXX,1,ARFLSFLYYCMDY,"V100L,F101S,P104Y,A106C",12.431382,5.679204368591309,27.66083333333332,-0.0016666666666666,5A12_dual,ablang2,0.2401425383848288,0.8361440196290233,-0.2401425383848288,-0.8361440196290233,"SB0A,WB2F,GB3L,GB4S,DB5F,GB6L,FB7Y,AB9C",greedy_dual,-0.2401425383848288,-0.8361440196290233,0.6789487122844596,0.6310864343922618,0.0,0.0,0.0,0.0,1.3100351466767215,8,ablang2+greedy_dual
2,42,XXXX,{'H': 'F99D:V100L:F101I:P104W:A106C'},H,XXXX,1,ARDLIFLWYCMDY,"F99D,V100L,F101I,P104W,A106C",10.290414,5.149635505676269,28.60583333333332,-0.0066666666666666,5A12_dual,ablang2,0.5864094141386751,-0.4673013134511206,-0.5864094141386751,0.4673013134511206,"SB0A,WB2D,GB3L,GB4I,DB5F,GB6L,FB7W,AB9C",greedy_dual,-0.5864094141386751,0.4673013134511206,0.5671467115917055,0.8759579357921602,0.0,0.0,0.0,0.0,1.4431046473838656,8,ablang2+greedy_dual
2,64,XXXX,{'H': 'F99I:P104Y:A106C'},H,XXXX,1,ARIVFFLYYCMDY,"F99I,P104Y,A106C",14.410892,5.679204368591309,26.95333333333332,0.0458333333333333,5A12_dual,ablang2,-0.3334472762209657,1.0190767374356229,0.3334472762209657,-1.0190767374356229,"SB0A,WB2I,GB3V,GB4F,DB5F,GB6L,FB7Y,AB9C",greedy_dual,0.3334472762209657,-1.0190767374356229,0.8641483179651986,0.5967198153039016,0.0,0.0,0.0,0.0,1.4608681332691005,8,ablang2+greedy_dual
2,55,XXXX,{'H': 'F99D:P104Q:A106C'},H,XXXX,1,ARDVFFLQYCMDY,"F99D,P104Q,A106C",12.072577,5.149635505676269,28.72083333333332,-0.0391666666666667,5A12_dual,ablang2,-0.5492902346228545,1.0478643501139242,0.5492902346228545,-1.0478643501139242,"SB0A,WB2D,GB3V,GB4F,DB5F,GB6L,FB7Q,AB9C",greedy_dual,0.5492902346228545,-1.0478643501139242,0.9338392883539712,0.5913116361042444,0.0,0.0,0.0,0.0,1.5251509244582155,8,ablang2+greedy_dual
2,63,XXXX,{'H': 'A97V:F99D:F101S:P104Y:A106C'},H,XXXX,1,VRDVSFLYYCMDY,"A97V,F99D,F101S,P104Y,A106C",10.7482815,5.149635505676269,27.032499999999985,-0.0308333333333333,5A12_dual,ablang2,-0.4274001715414712,0.8162091286914674,0.4274001715414712,-0.8162091286914674,"SB0V,WB2D,GB3V,GB4S,DB5F,GB6L,FB7Y,AB9C",greedy_dual,0.4274001715414712,-0.8162091286914674,0.8944836529429993,0.6348314987614648,0.0,0.0,0.0,0.0,1.529315151704464,8,ablang2+greedy_dual
2,13,XXXX,{'H': 'V100T:F101R:F102R:L103T:P104V:D108L'},H,XXXX,0,ARFTRRTVYAMLY,"V100T,F101R,F102R,L103T,P104V,D108L",16.602173,8.636910057067873,30.034166666666653,-0.0674999999999999,5A12_dual,ablang2,0.85691,-1.3957543873781777,-0.85691,1.3957543873781777,"SB0A,WB2F,GB3T,GB4R,DB5R,GB6T,FB7V,DB11L",greedy_dual,-0.85691,1.3957543873781777,0.4798079887582889,1.0503815901042437,0.0,-0.0,0.0,0.0,1.5301895788625324,8,ablang2+greedy_dual
2,53,XXXX,{'H': 'F99D:V100L:F102Y:P104T:A106C'},H,XXXX,1,ARDLFYLTYCMDY,"F99D,V100L,F102Y,P104T,A106C",9.786543,5.149635505676269,29.349249999999987,-0.0533333333333333,5A12_dual,ablang2,-1.212891240136504,1.2127171175649305,1.212891240136504,-1.2127171175649305,"SB0A,WB2D,GB3L,GB4F,DB5Y,GB6L,FB7T,AB9C",greedy_dual,1.212891240136504,-1.2127171175649305,1.1481015388699312,0.5603416033371132,0.0,0.0,0.0,0.0,1.7084431422070443,8,ablang2+greedy_dual
2,17,XXXX,{'H': 'F99D:F101D:F102V:L103S:P104Y:M107F'},H,XXXX,0,ARDVDVSYYAFDY,"F99D,F101D,F102V,L103S,P104Y,M107F",6.2227306,4.86845302581787,26.69333333333332,-0.0983333333333333,5A12_dual,ablang2,1.3783020441757667,-3.697828418406815,-1.3783020441757667,3.697828418406815,"SB0A,WB2D,GB3V,GB4D,DB5V,GB6S,FB7Y,MB10F",greedy_dual,-1.3783020441757667,3.697828418406815,0.311461901488958,1.4828602756349991,-0.0,0.0,0.0,0.0,1.7943221771239577,8,ablang2+greedy_dual
2,50,XXXX,{'H': 'F99V:P104V:A106C'},H,XXXX,1,ARVVFFLVYCMDY,"F99V,P104V,A106C",12.866171,5.679204368591309,26.00416666666665,0.0891666666666666,5A12_dual,ablang2,-1.4906875520277278,1.0638755297129063,1.4906875520277278,-1.0638755297129063,"SB0A,WB2V,GB3V,GB4F,DB5F,GB6L,FB7V,AB9C",greedy_dual,1.4906875520277278,-1.0638755297129063,1.2377958920675662,0.5883036989947368,0.0,0.0,0.0,0.0,1.826099591062303,8,ablang2+greedy_dual
2,51,XXXX,{'H': 'A97T:F99D:V100F:P104V:A106C'},H,XXXX,1,TRDFFFLVYCMDY,"A97T,F99D,V100F,P104V,A106C",12.860571,5.149635505676269,28.092499999999987,-0.0074999999999999,5A12_dual,ablang2,-0.7469305724184965,-0.2854958998011776,0.7469305724184965,0.2854958998011776,"SB0T,WB2D,GB3F,GB4F,DB5F,GB6L,FB7V,AB9C",greedy_dual,0.7469305724184965,0.2854958998011776,0.9976530306735008,0.8418030974776991,0.0,0.0,0.0,0.0,1.8394561281512,8,ablang2+greedy_dual
2,47,XXXX,{'H': 'F99D:V100R:F101A:A106C'},H,XXXX,1,ARDRAFLPYCMDY,"F99D,V100R,F101A,A106C",10.031335,5.696369743347168,27.609166666666653,-0.1041666666666666,5A12_dual,ablang2,-0.7899283255003016,-1.2230511390326202,0.7899283255003016,1.2230511390326202,"SB0A,WB2D,GB3R,GB4A,DB5F,GB6L,FB7P,AB9C",greedy_dual,0.7899283255003016,1.2230511390326202,1.011536064704328,1.0179367282863094,0.0,0.0,0.0,0.0,2.0294727929906373,8,ablang2+greedy_dual
2,33,XXXX,{'H': 'R98K:F99R:F101V:F102G:M107F'},H,XXXX,0,AKRVVGLPYAFDY,"R98K,F99R,F101V,F102G,M107F",6.5456524,6.843437385559082,30.53166666666665,-0.04,5A12_dual,ablang2,0.6978543326869149,-4.134308592856229,-0.6978543326869149,4.134308592856229,"SB0A,RB1K,WB2R,GB3V,GB4V,DB5G,GB6L,FB7P,MB10F",greedy_dual,-0.6978543326869149,4.134308592856229,0.5311635848961228,1.5648595378488952,0.0,0.0,0.0,0.0,2.096023122745018,9,ablang2+greedy_dual
2,22,XXXX,{'H': 'R98K:F99D:F101P:F102S:P104Y:M107F'},H,XXXX,0,AKDVPSLYYAFDY,"R98K,F99D,F101P,F102S,P104Y,M107F",6.3816214,5.149692344665527,31.155833333333312,-0.0808333333333333,5A12_dual,ablang2,0.5585923006371245,-3.97195,-0.5585923006371245,3.97195,"SB0A,RB1K,WB2D,GB3V,GB4P,DB5S,GB6L,FB7Y,MB10F",greedy_dual,-0.5585923006371245,3.97195,0.5761282491303455,1.53435807270196,0.0,0.0,0.0,0.0,2.1104863218323056,9,ablang2+greedy_dual
2,11,XXXX,{'H': 'R98K:F99R:V100G:F101G:L103T:P104V:M107F'},H,XXXX,0,AKRGGFTVYAFDY,"R98K,F99R,V100G,F101G,L103T,P104V,M107F",6.192786,6.843437385559082,29.326666666666647,-0.0791666666666666,5A12_dual,ablang2,0.1892097393052108,-3.349710529105973,-0.1892097393052108,3.349710529105973,"SB0A,RB1K,WB2R,DB5F,GB6T,FB7V,MB10F",greedy_dual,-0.1892097393052108,3.349710529105973,0.6953937991140511,1.4174611767592356,-0.0,0.0,0.0,0.0,2.112854975873286,7,ablang2+greedy_dual
2,20,XXXX,{'H': 'F99R:F101S:F102G:L103V:P104W:M107F'},H,XXXX,0,ARRVSGVWYAFDY,"F99R,F101S,F102G,L103V,P104W,M107F",6.303005,6.844631004333496,31.69083333333332,-0.0775,5A12_dual,ablang2,0.9082575183999104,-4.688373515774234,-0.9082575183999104,4.688373515774234,"SB0A,WB2R,GB3V,GB4S,DB5G,GB6V,FB7W,MB10F",greedy_dual,-0.9082575183999104,4.688373515774234,0.463228998130843,1.6689488357309483,-0.0,0.0,0.0,0.0,2.132177833861792,8,ablang2+greedy_dual
2,58,XXXX,{'H': 'F101S:P104V:A106C'},H,XXXX,1,ARFVSFLVYCMDY,"F101S,P104V,A106C",13.067599,5.679204368591309,26.00416666666665,0.0475,5A12_dual,ablang2,-0.5625720662486557,-2.400915041301192,0.5625720662486557,2.400915041301192,"SB0A,WB2F,GB3V,GB4S,DB5F,GB6L,FB7V,AB9C",greedy_dual,0.5625720662486557,2.400915041301192,0.9381277012880588,1.239215898860864,0.0,0.0,0.0,0.0,2.177343600148923,8,ablang2+greedy_dual
2,65,XXXX,{'H': 'F99D:V100L:F101T:P104I'},H,XXXX,1,ARDLTFLIYAMDY,"F99D,V100L,F101T,P104I",9.972423,5.149692344665527,26.917499999999983,-0.0108333333333333,5A12_dual,ablang2,-1.472169635053595,-1.0103959963898217,1.472169635053595,1.0103959963898217,"SB0A,WB2D,GB3L,GB4T,DB5F,GB6L,FB7I",greedy_dual,1.472169635053595,1.0103959963898217,1.2318168616972398,0.9779863116959194,0.0,0.0,0.0,0.0,2.20980317339316,7,ablang2+greedy_dual
2,62,XXXX,{'H': 'F99D:V100L:F102R:A106C'},H,XXXX,1,ARDLFRLPYCMDY,"F99D,V100L,F102R,A106C",10.061116,5.696369743347168,28.237499999999983,-0.0875,5A12_dual,ablang2,-1.4941076748858872,-1.0515199958398989,1.4941076748858872,1.0515199958398989,"SB0A,WB2D,GB3L,GB4F,DB5R,GB6L,FB7P,AB9C",greedy_dual,1.4941076748858872,1.0515199958398989,1.2389001749341408,0.9857120637726196,0.0,0.0,0.0,0.0,2.2246122387067606,8,ablang2+greedy_dual
2,72,XXXX,{'H': 'F99V:V100L:P104V:A106R'},H,XXXX,1,ARVLFFLVYRMDY,"F99V,V100L,P104V,A106R",12.28205,6.844631004333496,21.87833333333332,0.0274999999999999,5A12_dual,ablang2,-0.6319986600497574,-3.0401487029537417,0.6319986600497574,3.0401487029537417,"SB0A,WB2V,GB3L,GB4F,DB5F,GB6L,FB7V,AB9R",greedy_dual,0.6319986600497574,3.0401487029537417,0.960544029940194,1.3593054051114422,0.0,0.0,-0.0,0.0,2.319849435051636,8,ablang2+greedy_dual
2,73,XXXX,{'H': 'V100Y:F101A:P104V:A106C'},H,XXXX,1,ARFYAFLVYCMDY,"V100Y,F101A,P104V,A106C",13.57567,5.679204368591309,30.694249999999982,0.0233333333333333,5A12_dual,ablang2,-1.35851272571797,-2.0490573142660327,1.35851272571797,2.0490573142660327,"SB0A,WB2F,GB3Y,GB4A,DB5F,GB6L,FB7V,AB9C",greedy_dual,1.35851272571797,2.0490573142660327,1.1951195315566836,1.1731142161039414,0.0,0.0,0.0,0.0,2.368233747660625,8,ablang2+greedy_dual
2,54,XXXX,{'H': 'F99D:V100P:F101L:P104V:A106C'},H,XXXX,1,ARDPLFLVYCMDY,"F99D,V100P,F101L,P104V,A106C",10.490687,5.149635505676269,26.00416666666665,-0.015,5A12_dual,ablang2,-2.3773698492854143,-0.5284289591477753,2.3773698492854143,0.5284289591477753,"SB0A,WB2D,GB3P,GB4L,DB5F,GB6L,FB7V,AB9C",greedy_dual,2.3773698492854143,0.5284289591477753,1.5240862124929255,0.8874416689406838,0.0,0.0,0.0,0.0,2.411527881433609,8,ablang2+greedy_dual
2,71,XXXX,{'H': 'F99L:F101V:A106C'},H,XXXX,1,ARLVVFLPYCMDY,"F99L,F101V,A106C",12.153668,5.679204368591309,28.237499999999983,0.0491666666666666,5A12_dual,ablang2,-0.9742594803772232,-3.091994873206444,0.9742594803772232,3.091994873206444,"SB0A,WB2L,GB3V,GB4V,DB5F,GB6L,FB7P,AB9C",greedy_dual,0.9742594803772232,3.091994873206444,1.0710525629555092,1.3690454756992996,0.0,0.0,0.0,0.0,2.440098038654809,8,ablang2+greedy_dual
2,6,XXXX,{'H': 'F99D:F101G:L103G:P104S:M107F'},H,XXXX,0,ARDVGFGSYAFDY,"F99D,F101G,L103G,P104S,M107F",5.885064,5.149692344665527,26.209999999999983,-0.0766666666666667,5A12_dual,ablang2,0.0064631067302658,-5.019989815014156,-0.0064631067302658,5.019989815014156,"SB0A,WB2D,GB3V,DB5F,FB7S,MB10F",greedy_dual,-0.0064631067302658,5.019989815014156,0.754398689770317,1.7312478666321276,-0.0,0.0,0.0,0.0,2.4856465564024446,6,ablang2+greedy_dual
2,43,XXXX,{'H': 'A97L:R98G:F99S:V100L:F102L:Y109P'},H,XXXX,1,LGSLFLLPYAMDP,"A97L,R98G,F99S,V100L,F102L,Y109P",22.187853,5.119454002380371,29.72333333333332,0.0466666666666666,5A12_dual,ablang2,-0.6796597434475578,-4.072437253097473,0.6796597434475578,4.072437253097473,"SB0L,RB1G,WB2S,GB3L,GB4F,DB5L,GB6L,FB7P,YB12P",greedy_dual,0.6796597434475578,4.072437253097473,0.975932751334516,1.553236090761515,0.0,0.0,0.0,0.0,2.529168842096031,9,ablang2+greedy_dual
2,0,XXXX,{'H': 'R98K:F99E:V100L:F101G:F102S:L103S:P104T:M107F'},H,XXXX,0,AKELGSSTYAFDY,"R98K,F99E,V100L,F101G,F102S,L103S,P104T,M107F",5.3459377,5.184875679016112,28.522499999999983,-0.1074999999999999,5A12_dual,ablang2,0.2701266272192493,-5.950438108380469,-0.2701266272192493,5.950438108380469,"SB0A,RB1K,WB2E,GB3L,DB5S,GB6S,FB7T,MB10F",greedy_dual,-0.2701266272192493,5.950438108380469,0.669267505806539,1.9060463524521485,-0.0,0.0,0.0,0.0,2.575313858258687,8,ablang2+greedy_dual
2,21,XXXX,{'H': 'F99D:V100P:F101G:F102A:L103W:P104N:A106Y:M107F'},H,XXXX,0,ARDPGAWNYYFDY,"F99D,V100P,F101G,F102A,L103W,P104N,A106Y,M107F",6.3356104,5.149692344665527,26.29333333333331,-0.1858333333333333,5A12_dual,ablang2,-1.3004172272322403,-3.48555,1.3004172272322403,3.48555,"SB0A,WB2D,GB3P,DB5A,GB6W,FB7N,AB9Y,MB10F",greedy_dual,1.3004172272322403,3.48555,1.1763617657501595,1.4429806322691838,-0.0,0.0,0.0,-0.0,2.619342398019344,8,ablang2+greedy_dual
2,3,XXXX,{'H': 'F99D:F102G:L103G:P104G:A106P:M107F'},H,XXXX,0,ARDVFGGGYPFDY,"F99D,F102G,L103G,P104G,A106P,M107F",5.73807,5.149692344665527,28.92666666666664,-0.1016666666666666,5A12_dual,ablang2,-0.3263748348887514,-5.195569944214948,0.3263748348887514,5.195569944214948,"SB0A,WB2D,GB3V,GB4F,DB5G,FB7G,AB9P,MB10F",greedy_dual,0.3263748348887514,5.195569944214948,0.8618647813462187,1.764233193106684,-0.0,0.0,0.0,0.0,2.626097974452903,8,ablang2+greedy_dual
2,1,XXXX,{'H': 'R98K:F99E:F101G:F102S:P104Y:A106Y:M107F'},H,XXXX,0,AKEVGSLYYYFDY,"R98K,F99E,F101G,F102S,P104Y,A106Y,M107F",6.0478945,5.184818840026854,26.29333333333331,-0.0966666666666666,5A12_dual,ablang2,-0.9023126343761056,-4.387074656800105,0.9023126343761056,4.387074656800105,"SB0A,RB1K,WB2E,GB3V,DB5S,GB6L,FB7Y,AB9Y,MB10F",greedy_dual,0.9023126343761056,4.387074656800105,1.0478224999905013,1.6123453847885718,-0.0,0.0,0.0,0.0,2.660167884779073,9,ablang2+greedy_dual
2,49,XXXX,{'H': 'F99D:V100R:P104A:A106C'},H,XXXX,1,ARDRFFLAYCMDY,"F99D,V100R,P104A,A106C",10.823997,5.696369743347168,26.00416666666665,-0.0674999999999999,5A12_dual,ablang2,-2.488558073710241,-1.9024017178362784,2.488558073710241,1.9024017178362784,"SB0A,WB2D,GB3R,GB4F,DB5F,GB6L,FB7A,AB9C",greedy_dual,2.488558073710241,1.9024017178362784,1.5599864582704268,1.145562791295362,0.0,0.0,0.0,0.0,2.705549249565789,8,ablang2+greedy_dual
2,69,XXXX,{'H': 'V100L:F101A:P104V:Y105V'},H,XXXX,1,ARFLAFLVVAMDY,"V100L,F101A,P104V,Y105V",13.753119,5.679602241516113,23.91583333333332,0.1058333333333333,5A12_dual,ablang2,-2.246171792347345,-2.32823,2.246171792347345,2.32823,"SB0A,WB2F,GB3L,GB4A,DB5F,GB6L,FB7V,YB8V",greedy_dual,2.246171792347345,2.32823,1.481725229448433,1.225560937857876,0.0,0.0,0.0,0.0,2.707286167306309,8,ablang2+greedy_dual
2,15,XXXX,{'H': 'F99E:V100D:F101D:F102S:L103D:P104G:M107F'},H,XXXX,0,AREDDSDGYAFDY,"F99E,V100D,F101D,F102S,L103D,P104G,M107F",6.2087617,4.579654121398925,29.41999999999998,-0.2191666666666666,5A12_dual,ablang2,-0.2413885356855232,-5.872973182415706,0.2413885356855232,5.872973182415706,"SB0A,WB2E,GB3D,GB4D,DB5S,GB6D,FB7G,MB10F",greedy_dual,0.2413885356855232,5.872973182415706,0.8344245641388747,1.891493419355984,-0.0,0.0,0.0,-0.0,2.7259179834948584,8,ablang2+greedy_dual
2,77,XXXX,{'H': 'F101T:P104L:A106C'},H,XXXX,1,ARFVTFLLYCMDY,"F101T,P104L,A106C",13.886545,5.679204368591309,26.95333333333332,0.045,5A12_dual,ablang2,-1.9506349903632805,-3.1229215046493106,1.9506349903632805,3.1229215046493106,"SB0A,WB2F,GB3V,GB4T,DB5F,GB6L,FB7L,AB9C",greedy_dual,1.9506349903632805,3.1229215046493106,1.386302860016697,1.3748555012388903,0.0,0.0,0.0,0.0,2.7611583612555872,8,ablang2+greedy_dual
2,25,XXXX,{'H': 'A97T:F99D:V100G:F101S:L103A:P104G:A106P:M107F'},H,XXXX,0,TRDGSFAGYPFDY,"A97T,F99D,V100G,F101S,L103A,P104G,A106P,M107F",6.42566,5.149692344665527,29.58666666666665,-0.1458333333333333,5A12_dual,ablang2,-1.772759089197057,-3.563317622783977,1.772759089197057,3.563317622783977,"SB0T,WB2D,GB4S,DB5F,GB6A,FB7G,AB9P,MB10F",greedy_dual,1.772759089197057,3.563317622783977,1.3288706220005269,1.4575904314438166,0.0,0.0,0.0,-0.0,2.7864610534443432,8,ablang2+greedy_dual
2,16,XXXX,{'H': 'F99R:F101S:F102V:P104S:A106W:M107F'},H,XXXX,0,ARRVSVLSYWFDY,"F99R,F101S,F102V,P104S,A106W,M107F",6.214823,6.844631004333496,28.85333333333332,-0.0641666666666666,5A12_dual,ablang2,-2.381593887972608,-2.7428463220924773,2.381593887972608,2.7428463220924773,"SB0A,WB2R,GB3V,GB4S,DB5V,GB6L,FB7S,AB9W,MB10F",greedy_dual,2.381593887972608,2.7428463220924773,1.5254500621975895,1.3034527517445165,-0.0,0.0,0.0,0.0,2.828902813942106,9,ablang2+greedy_dual
2,38,XXXX,{'H': 'F99G:V100P:F102A:L103G:P104G:M107F'},H,XXXX,0,ARGPFAGGYAFDY,"F99G,V100P,F102A,L103G,P104G,M107F",6.6622534,5.679602241516113,28.13583333333332,-0.0774999999999999,5A12_dual,ablang2,-1.6474944310919266,-4.136752979387415,1.6474944310919266,4.136752979387415,"SB0A,WB2G,GB3P,GB4F,DB5A,FB7G,MB10F",greedy_dual,1.6474944310919266,4.136752979387415,1.2884254036649354,1.5653187520443064,0.0,0.0,0.0,0.0,2.853744155709242,7,ablang2+greedy_dual
2,59,XXXX,{'H': 'F99D:F101C:F102V:P104R:A106C'},H,XXXX,1,ARDVCVLRYCMDY,"F99D,F101C,F102V,P104R,A106C",10.843506,5.695971870422363,26.980833333333315,-0.0383333333333333,5A12_dual,ablang2,-1.6010513439010898,-4.3101002876061765,1.6010513439010898,4.3101002876061765,"SB0A,WB2D,GB3V,GB4C,DB5V,GB6L,FB7R,AB9C",greedy_dual,1.6010513439010898,4.3101002876061765,1.2734299466060433,1.597884610043776,0.0,0.0,0.0,0.0,2.8713145566498195,8,ablang2+greedy_dual
2,34,XXXX,{'H': 'F99D:V100P:F102V:L103A:P104S:M107F'},H,XXXX,0,ARDPFVASYAFDY,"F99D,V100P,F102V,L103A,P104S,M107F",6.5627575,5.149692344665527,28.522499999999983,-0.0683333333333333,5A12_dual,ablang2,-0.0610172433023725,-7.912550093092042,0.0610172433023725,7.912550093092042,"SB0A,WB2D,GB3P,GB4F,DB5V,GB6A,FB7S,MB10F",greedy_dual,0.0610172433023725,7.912550093092042,0.7761866188775166,2.2746581349468387,0.0,0.0,0.0,0.0,3.0508447538243555,8,ablang2+greedy_dual
2,76,XXXX,{'H': 'F99T:V100L:F101T:P104Q:A106C'},H,XXXX,1,ARTLTFLQYCMDY,"F99T,V100L,F101T,P104Q,A106C",12.682373,5.679204368591309,29.749166666666653,-0.0483333333333333,5A12_dual,ablang2,-2.665826727331777,-3.547617064805833,2.665826727331777,3.547617064805833,"SB0A,WB2T,GB3L,GB4T,DB5F,GB6L,FB7Q,AB9C",greedy_dual,2.665826727331777,3.547617064805833,1.6172226293360283,1.4546408492040774,0.0,0.0,0.0,0.0,3.0718634785401058,8,ablang2+greedy_dual
2,4,XXXX,{'H': 'R98K:F99D:V100S:F101T:L103G:P104G:A106R:M107F'},H,XXXX,0,AKDSTFGGYRFDY,"R98K,F99D,V100S,F101T,L103G,P104G,A106R,M107F",5.8006377,5.696710777282715,26.48916666666664,-0.1649999999999999,5A12_dual,ablang2,-2.446003523382787,-4.008187050258364,2.446003523382787,4.008187050258364,"SB0A,RB1K,WB2D,GB3S,GB4T,DB5F,FB7G,AB9R,MB10F",greedy_dual,2.446003523382787,4.008187050258364,1.546246524715327,1.5411657390289402,-0.0,0.0,0.0,-0.0,3.087412263744267,9,ablang2+greedy_dual
3,102,XXXX,{'H': 'F101D:P104Y:M107F'},H,XXXX,2,ARFVDFLYYAFDY,"F101D,P104Y,M107F",10.191484,5.149692344665527,26.064999999999984,-0.0191666666666666,5A12_dual,ablang2,1.754295580172315,2.8447944699619607,-1.754295580172315,-2.8447944699619607,"SB0A,WB2F,GB3V,GB4D,DB5F,GB6L,FB7Y,MB10F",greedy_dual,-1.754295580172315,-2.8447944699619607,0.1900618123801163,0.2537317121974294,0.0,0.0,0.0,0.0,0.4437935245775457,8,ablang2+greedy_dual
3,98,XXXX,{'H': 'V100R:F101S:P104W:M107F'},H,XXXX,2,ARFRSFLWYAFDY,"V100R,F101S,P104W,M107F",9.649934,6.844631004333496,32.55249999999998,-0.0658333333333333,5A12_dual,ablang2,1.4904142376553695,2.3656545832128035,-1.4904142376553695,-2.3656545832128035,"SB0A,WB2F,GB3R,GB4S,DB5F,GB6L,FB7W,MB10F",greedy_dual,-1.4904142376553695,-2.3656545832128035,0.2752633263125581,0.343745232880793,0.0,0.0,0.0,0.0,0.6190085591933512,8,ablang2+greedy_dual
3,96,XXXX,{'H': 'A97V:V100A:F101Y:P104Y:M107F'},H,XXXX,2,VRFAYFLYYAFDY,"A97V,V100A,F101Y,P104Y,M107F",11.362003,5.679545402526856,27.31749999999998,-0.0008333333333333,5A12_dual,ablang2,1.351097531041062,2.33081461690388,-1.351097531041062,-2.33081461690388,"SB0V,WB2F,GB3A,GB4Y,DB5F,GB6L,FB7Y,MB10F",greedy_dual,-1.351097531041062,-2.33081461690388,0.320245643767831,0.3502904363061088,0.0,0.0,0.0,0.0,0.6705360800739397,8,ablang2+greedy_dual
3,68,XXXX,{'H': 'F99D:V100L:P104Y'},H,XXXX,1,ARDLFFLYYAMDY,"F99D,V100L,P104Y",10.495853,5.149692344665527,26.917499999999983,-0.0299999999999999,5A12_dual,ablang2,0.90440534882259,3.0239032338896727,-0.90440534882259,-3.0239032338896727,"SB0A,WB2D,GB3L,GB4F,DB5F,GB6L,FB7Y",greedy_dual,-0.90440534882259,-3.0239032338896727,0.4644727794333848,0.2200834794532011,0.0,0.0,0.0,0.0,0.684556258886586,7,ablang2+greedy_dual
3,90,XXXX,{'H': 'F101Y:P104Y:M107L'},H,XXXX,2,ARFVYFLYYALDY,"F101Y,P104Y,M107L",10.98776,5.679545402526856,26.28916666666665,0.0074999999999999,5A12_dual,ablang2,-0.1155861208133242,2.933758485172139,0.1155861208133242,-2.933758485172139,"SB0A,WB2F,GB3V,GB4Y,DB5F,GB6L,FB7Y,MB10L",greedy_dual,0.1155861208133242,-2.933758485172139,0.7938057159049182,0.2370185049595004,0.0,0.0,0.0,0.0,1.0308242208644187,8,ablang2+greedy_dual
3,91,XXXX,{'H': 'V100F:F101S:P104Y:A106S'},H,XXXX,2,ARFFSFLYYSMDY,"V100F,F101S,P104Y,A106S",13.314346,5.679545402526856,24.94416666666665,-0.0375,5A12_dual,ablang2,0.6848253640669695,1.1976542247259614,-0.6848253640669695,-1.1976542247259614,"SB0A,WB2F,GB3F,GB4S,DB5F,GB6L,FB7Y,AB9S",greedy_dual,-0.6848253640669695,-1.1976542247259614,0.5353703538961947,0.563171390740769,0.0,0.0,0.0,0.0,1.0985417446369636,8,ablang2+greedy_dual
3,97,XXXX,{'H': 'P104Y:M107C:Y109P'},H,XXXX,2,ARFVFFLYYACDP,"P104Y,M107C,Y109P",13.693574,5.679204368591309,32.80833333333332,0.0283333333333333,5A12_dual,ablang2,-0.650092099038925,3.0123897968001865,0.650092099038925,-3.0123897968001865,"SB0A,WB2F,GB3V,GB4F,DB5F,GB6L,FB7Y,MB10C,YB12P",greedy_dual,0.650092099038925,-3.0123897968001865,0.9663860056532833,0.2222464490498727,0.0,0.0,0.0,0.0,1.188632454703156,9,ablang2+greedy_dual
3,95,XXXX,{'H': 'F101Y:P104Y:M107T:Y109P'},H,XXXX,2,ARFVYFLYYATDP,"F101Y,P104Y,M107T,Y109P",12.705198,5.679545402526856,26.91333333333332,-0.0324999999999999,5A12_dual,ablang2,-0.5877419883720121,2.70616,0.5877419883720121,-2.70616,"SB0A,WB2F,GB3V,GB4Y,DB5F,GB6L,FB7Y,MB10T,YB12P",greedy_dual,0.5877419883720121,-2.70616,0.9462545186295837,0.2797762496581171,0.0,0.0,0.0,0.0,1.2260307682877007,9,ablang2+greedy_dual
3,46,XXXX,{'H': 'V100L:F101S:P104Y:A106C'},H,XXXX,1,ARFLSFLYYCMDY,"V100L,F101S,P104Y,A106C",12.431382,5.679204368591309,27.66083333333332,-0.0016666666666666,5A12_dual,ablang2,0.2401425383848288,0.8361440196290233,-0.2401425383848288,-0.8361440196290233,"SB0A,WB2F,GB3L,GB4S,DB5F,GB6L,FB7Y,AB9C",greedy_dual,-0.2401425383848288,-0.8361440196290233,0.6789487122844596,0.6310864343922618,0.0,0.0,0.0,0.0,1.3100351466767215,8,ablang2+greedy_dual
3,88,XXXX,{'H': 'F99L:F101Y:P104S:M107F'},H,XXXX,2,ARLVYFLSYAFDY,"F99L,F101Y,P104S,M107F",8.429506,5.679545402526856,26.28916666666665,0.0116666666666666,5A12_dual,ablang2,0.1019280684442565,0.5167483664187118,-0.1019280684442565,-0.5167483664187118,"SB0A,WB2L,GB3V,GB4Y,DB5F,GB6L,FB7S,MB10F",greedy_dual,-0.1019280684442565,-0.5167483664187118,0.7235751416257099,0.6910896360281844,0.0,0.0,0.0,0.0,1.4146647776538943,8,ablang2+greedy_dual
3,42,XXXX,{'H': 'F99D:V100L:F101I:P104W:A106C'},H,XXXX,1,ARDLIFLWYCMDY,"F99D,V100L,F101I,P104W,A106C",10.290414,5.149635505676269,28.60583333333332,-0.0066666666666666,5A12_dual,ablang2,0.5864094141386751,-0.4673013134511206,-0.5864094141386751,0.4673013134511206,"SB0A,WB2D,GB3L,GB4I,DB5F,GB6L,FB7W,AB9C",greedy_dual,-0.5864094141386751,0.4673013134511206,0.5671467115917055,0.8759579357921602,0.0,0.0,0.0,0.0,1.4431046473838656,8,ablang2+greedy_dual
3,64,XXXX,{'H': 'F99I:P104Y:A106C'},H,XXXX,1,ARIVFFLYYCMDY,"F99I,P104Y,A106C",14.410892,5.679204368591309,26.95333333333332,0.0458333333333333,5A12_dual,ablang2,-0.3334472762209657,1.0190767374356229,0.3334472762209657,-1.0190767374356229,"SB0A,WB2I,GB3V,GB4F,DB5F,GB6L,FB7Y,AB9C",greedy_dual,0.3334472762209657,-1.0190767374356229,0.8641483179651986,0.5967198153039016,0.0,0.0,0.0,0.0,1.4608681332691005,8,ablang2+greedy_dual
3,55,XXXX,{'H': 'F99D:P104Q:A106C'},H,XXXX,1,ARDVFFLQYCMDY,"F99D,P104Q,A106C",12.072577,5.149635505676269,28.72083333333332,-0.0391666666666667,5A12_dual,ablang2,-0.5492902346228545,1.0478643501139242,0.5492902346228545,-1.0478643501139242,"SB0A,WB2D,GB3V,GB4F,DB5F,GB6L,FB7Q,AB9C",greedy_dual,0.5492902346228545,-1.0478643501139242,0.9338392883539712,0.5913116361042444,0.0,0.0,0.0,0.0,1.5251509244582155,8,ablang2+greedy_dual
3,63,XXXX,{'H': 'A97V:F99D:F101S:P104Y:A106C'},H,XXXX,1,VRDVSFLYYCMDY,"A97V,F99D,F101S,P104Y,A106C",10.7482815,5.149635505676269,27.032499999999985,-0.0308333333333333,5A12_dual,ablang2,-0.4274001715414712,0.8162091286914674,0.4274001715414712,-0.8162091286914674,"SB0V,WB2D,GB3V,GB4S,DB5F,GB6L,FB7Y,AB9C",greedy_dual,0.4274001715414712,-0.8162091286914674,0.8944836529429993,0.6348314987614648,0.0,0.0,0.0,0.0,1.529315151704464,8,ablang2+greedy_dual
3,13,XXXX,{'H': 'V100T:F101R:F102R:L103T:P104V:D108L'},H,XXXX,0,ARFTRRTVYAMLY,"V100T,F101R,F102R,L103T,P104V,D108L",16.602173,8.636910057067873,30.034166666666653,-0.0674999999999999,5A12_dual,ablang2,0.85691,-1.3957543873781777,-0.85691,1.3957543873781777,"SB0A,WB2F,GB3T,GB4R,DB5R,GB6T,FB7V,DB11L",greedy_dual,-0.85691,1.3957543873781777,0.4798079887582889,1.0503815901042437,0.0,-0.0,0.0,0.0,1.5301895788625324,8,ablang2+greedy_dual
3,119,XXXX,{'H': 'P104G:M107F:Y109P'},H,XXXX,2,ARFVFFLGYAFDP,"P104G,M107F,Y109P",10.87607,5.679602241516113,26.83416666666665,0.0383333333333333,5A12_dual,ablang2,-0.611388863219513,0.79055,0.611388863219513,-0.79055,"SB0A,WB2F,GB3V,GB4F,DB5F,GB6L,FB7G,MB10F,YB12P",greedy_dual,0.611388863219513,-0.79055,0.953889577317557,0.639651945931616,0.0,0.0,0.0,0.0,1.593541523249173,9,ablang2+greedy_dual
3,101,XXXX,{'H': 'V100L:F101G:P104F:A106C:M107G:Y109P'},H,XXXX,2,ARFLGFLFYCGDP,"V100L,F101G,P104F,A106C,M107G,Y109P",12.0326605,5.679261207580566,27.256749999999982,0.0141666666666666,5A12_dual,ablang2,-0.5521670605765334,0.09946,0.5521670605765334,-0.09946,"SB0A,WB2F,GB3L,DB5F,GB6L,AB9C,MB10G,YB12P",greedy_dual,0.5521670605765334,-0.09946,0.9347681525329832,0.7694834329971734,0.0,0.0,0.0,0.0,1.7042515855301563,8,ablang2+greedy_dual
3,105,XXXX,{'H': 'V100G:F101S:P104W:A106T'},H,XXXX,2,ARFGSFLWYTMDY,"V100G,F101S,P104W,A106T",12.85535,5.679602241516113,25.18166666666665,-0.06,5A12_dual,ablang2,0.0406230101910125,-0.9224420978401504,-0.0406230101910125,0.9224420978401504,"SB0A,WB2F,GB4S,DB5F,GB6L,FB7W,AB9T",greedy_dual,-0.0406230101910125,0.9224420978401504,0.743369204082238,0.9614628698259502,0.0,0.0,0.0,0.0,1.704832073908188,7,ablang2+greedy_dual
3,53,XXXX,{'H': 'F99D:V100L:F102Y:P104T:A106C'},H,XXXX,1,ARDLFYLTYCMDY,"F99D,V100L,F102Y,P104T,A106C",9.786543,5.149635505676269,29.349249999999987,-0.0533333333333333,5A12_dual,ablang2,-1.212891240136504,1.2127171175649305,1.212891240136504,-1.2127171175649305,"SB0A,WB2D,GB3L,GB4F,DB5Y,GB6L,FB7T,AB9C",greedy_dual,1.212891240136504,-1.2127171175649305,1.1481015388699312,0.5603416033371132,0.0,0.0,0.0,0.0,1.7084431422070443,8,ablang2+greedy_dual
3,17,XXXX,{'H': 'F99D:F101D:F102V:L103S:P104Y:M107F'},H,XXXX,0,ARDVDVSYYAFDY,"F99D,F101D,F102V,L103S,P104Y,M107F",6.2227306,4.86845302581787,26.69333333333332,-0.0983333333333333,5A12_dual,ablang2,1.3783020441757667,-3.697828418406815,-1.3783020441757667,3.697828418406815,"SB0A,WB2D,GB3V,GB4D,DB5V,GB6S,FB7Y,MB10F",greedy_dual,-1.3783020441757667,3.697828418406815,0.311461901488958,1.4828602756349991,-0.0,0.0,0.0,0.0,1.7943221771239577,8,ablang2+greedy_dual
3,50,XXXX,{'H': 'F99V:P104V:A106C'},H,XXXX,1,ARVVFFLVYCMDY,"F99V,P104V,A106C",12.866171,5.679204368591309,26.00416666666665,0.0891666666666666,5A12_dual,ablang2,-1.4906875520277278,1.0638755297129063,1.4906875520277278,-1.0638755297129063,"SB0A,WB2V,GB3V,GB4F,DB5F,GB6L,FB7V,AB9C",greedy_dual,1.4906875520277278,-1.0638755297129063,1.2377958920675662,0.5883036989947368,0.0,0.0,0.0,0.0,1.826099591062303,8,ablang2+greedy_dual
3,51,XXXX,{'H': 'A97T:F99D:V100F:P104V:A106C'},H,XXXX,1,TRDFFFLVYCMDY,"A97T,F99D,V100F,P104V,A106C",12.860571,5.149635505676269,28.092499999999987,-0.0074999999999999,5A12_dual,ablang2,-0.7469305724184965,-0.2854958998011776,0.7469305724184965,0.2854958998011776,"SB0T,WB2D,GB3F,GB4F,DB5F,GB6L,FB7V,AB9C",greedy_dual,0.7469305724184965,0.2854958998011776,0.9976530306735008,0.8418030974776991,0.0,0.0,0.0,0.0,1.8394561281512,8,ablang2+greedy_dual
3,109,XXXX,{'H': 'F99V:F101S:P104Y:M107P'},H,XXXX,2,ARVVSFLYYAPDY,"F99V,F101S,P104Y,M107P",9.605838,5.679545402526856,27.89416666666665,-0.0216666666666666,5A12_dual,ablang2,0.3241495710584097,-2.21634,-0.3241495710584097,2.21634,"SB0A,WB2V,GB3V,GB4S,DB5F,GB6L,FB7Y,MB10P",greedy_dual,-0.3241495710584097,2.21634,0.6518246788211935,1.204540744991874,0.0,0.0,0.0,0.0,1.856365423813068,8,ablang2+greedy_dual
3,110,XXXX,{'H': 'V100Y:P104R:M107C:Y109P'},H,XXXX,2,ARFYFFLRYACDP,"V100Y,P104R,M107C,Y109P",14.491763,6.833320045471192,35.47341666666665,-0.0441666666666666,5A12_dual,ablang2,-2.4540050956738595,2.382076100220527,2.4540050956738595,-2.382076100220527,"SB0A,WB2F,GB3Y,GB4F,DB5F,GB6L,FB7R,MB10C,YB12P",greedy_dual,2.4540050956738595,-2.382076100220527,1.5488300573991334,0.3406602078146148,0.0,0.0,0.0,0.0,1.889490265213748,9,ablang2+greedy_dual
3,100,XXXX,{'H': 'A97L:F99Y:V100L:P104S:M107C'},H,XXXX,2,LRYLFFLSYACDY,"A97L,F99Y,V100L,P104S,M107C",14.460045,5.679204368591309,33.73749999999998,0.0141666666666666,5A12_dual,ablang2,-1.7178563970676026,0.5937402859243588,1.7178563970676026,-0.5937402859243588,"SB0L,WB2Y,GB3L,GB4F,DB5F,GB6L,FB7S,MB10C",greedy_dual,1.7178563970676026,-0.5937402859243588,1.3111437435339452,0.6766255641975258,0.0,0.0,0.0,0.0,1.987769307731471,8,ablang2+greedy_dual
3,47,XXXX,{'H': 'F99D:V100R:F101A:A106C'},H,XXXX,1,ARDRAFLPYCMDY,"F99D,V100R,F101A,A106C",10.031335,5.696369743347168,27.609166666666653,-0.1041666666666666,5A12_dual,ablang2,-0.7899283255003016,-1.2230511390326202,0.7899283255003016,1.2230511390326202,"SB0A,WB2D,GB3R,GB4A,DB5F,GB6L,FB7P,AB9C",greedy_dual,0.7899283255003016,1.2230511390326202,1.011536064704328,1.0179367282863094,0.0,0.0,0.0,0.0,2.0294727929906373,8,ablang2+greedy_dual
3,108,XXXX,{'H': 'V100G:F101A:M107C:Y109P'},H,XXXX,2,ARFGAFLPYACDP,"V100G,F101A,M107C,Y109P",11.750135,5.679261207580566,32.67749999999998,-0.0208333333333333,5A12_dual,ablang2,-1.3236488420474748,-0.35254,1.3236488420474748,0.35254,"SB0A,WB2F,GB4A,DB5F,GB6L,FB7P,MB10C,YB12P",greedy_dual,1.3236488420474748,0.35254,1.183862746056208,0.8543983241888155,0.0,0.0,0.0,0.0,2.0382610702450235,8,ablang2+greedy_dual
3,33,XXXX,{'H': 'R98K:F99R:F101V:F102G:M107F'},H,XXXX,0,AKRVVGLPYAFDY,"R98K,F99R,F101V,F102G,M107F",6.5456524,6.843437385559082,30.53166666666665,-0.04,5A12_dual,ablang2,0.6978543326869149,-4.134308592856229,-0.6978543326869149,4.134308592856229,"SB0A,RB1K,WB2R,GB3V,GB4V,DB5G,GB6L,FB7P,MB10F",greedy_dual,-0.6978543326869149,4.134308592856229,0.5311635848961228,1.5648595378488952,0.0,0.0,0.0,0.0,2.096023122745018,9,ablang2+greedy_dual
3,22,XXXX,{'H': 'R98K:F99D:F101P:F102S:P104Y:M107F'},H,XXXX,0,AKDVPSLYYAFDY,"R98K,F99D,F101P,F102S,P104Y,M107F",6.3816214,5.149692344665527,31.155833333333312,-0.0808333333333333,5A12_dual,ablang2,0.5585923006371245,-3.97195,-0.5585923006371245,3.97195,"SB0A,RB1K,WB2D,GB3V,GB4P,DB5S,GB6L,FB7Y,MB10F",greedy_dual,-0.5585923006371245,3.97195,0.5761282491303455,1.53435807270196,0.0,0.0,0.0,0.0,2.1104863218323056,9,ablang2+greedy_dual
3,87,XXXX,{'H': 'A97L:V100L:F101T:P104Y:M107C'},H,XXXX,2,LRFLTFLYYACDY,"A97L,V100L,F101T,P104Y,M107C",15.108815,5.679204368591309,36.42249999999998,0.0149999999999999,5A12_dual,ablang2,-2.178864077302332,0.7216050121101498,2.178864077302332,-0.7216050121101498,"SB0L,WB2F,GB3L,GB4T,DB5F,GB6L,FB7Y,MB10C",greedy_dual,2.178864077302332,-0.7216050121101498,1.4599930404028956,0.6526042825353233,0.0,0.0,0.0,0.0,2.112597322938219,8,ablang2+greedy_dual
3,11,XXXX,{'H': 'R98K:F99R:V100G:F101G:L103T:P104V:M107F'},H,XXXX,0,AKRGGFTVYAFDY,"R98K,F99R,V100G,F101G,L103T,P104V,M107F",6.192786,6.843437385559082,29.326666666666647,-0.0791666666666666,5A12_dual,ablang2,0.1892097393052108,-3.349710529105973,-0.1892097393052108,3.349710529105973,"SB0A,RB1K,WB2R,DB5F,GB6T,FB7V,MB10F",greedy_dual,-0.1892097393052108,3.349710529105973,0.6953937991140511,1.4174611767592356,-0.0,0.0,0.0,0.0,2.112854975873286,7,ablang2+greedy_dual
3,117,XXXX,{'H': 'V100R:F101G:M107C'},H,XXXX,2,ARFRGFLPYACDY,"V100R,F101G,M107C",11.040479,6.833320045471192,32.05333333333331,-0.0708333333333333,5A12_dual,ablang2,-1.3856134364136208,-0.68037,1.3856134364136208,0.68037,"SB0A,WB2F,GB3R,DB5F,GB6L,FB7P,MB10C",greedy_dual,1.3856134364136208,0.68037,1.2038697582983346,0.9159860427272136,0.0,0.0,0.0,0.0,2.1198558010255484,7,ablang2+greedy_dual
3,106,XXXX,{'H': 'V100Y:F101Y:M107S'},H,XXXX,2,ARFYYFLPYASDY,"V100Y,F101Y,M107S",11.776297,5.679545402526856,31.239249999999984,-0.0791666666666666,5A12_dual,ablang2,-1.2098444093653662,-1.00546,1.2098444093653662,1.00546,"SB0A,WB2F,GB3Y,GB4Y,DB5F,GB6L,FB7P,MB10S",greedy_dual,1.2098444093653662,1.00546,1.147117783853677,0.9770590117039636,0.0,0.0,0.0,0.0,2.1241767955576405,8,ablang2+greedy_dual
3,20,XXXX,{'H': 'F99R:F101S:F102G:L103V:P104W:M107F'},H,XXXX,0,ARRVSGVWYAFDY,"F99R,F101S,F102G,L103V,P104W,M107F",6.303005,6.844631004333496,31.69083333333332,-0.0775,5A12_dual,ablang2,0.9082575183999104,-4.688373515774234,-0.9082575183999104,4.688373515774234,"SB0A,WB2R,GB3V,GB4S,DB5G,GB6V,FB7W,MB10F",greedy_dual,-0.9082575183999104,4.688373515774234,0.463228998130843,1.6689488357309483,-0.0,0.0,0.0,0.0,2.132177833861792,8,ablang2+greedy_dual
3,58,XXXX,{'H': 'F101S:P104V:A106C'},H,XXXX,1,ARFVSFLVYCMDY,"F101S,P104V,A106C",13.067599,5.679204368591309,26.00416666666665,0.0475,5A12_dual,ablang2,-0.5625720662486557,-2.400915041301192,0.5625720662486557,2.400915041301192,"SB0A,WB2F,GB3V,GB4S,DB5F,GB6L,FB7V,AB9C",greedy_dual,0.5625720662486557,2.400915041301192,0.9381277012880588,1.239215898860864,0.0,0.0,0.0,0.0,2.177343600148923,8,ablang2+greedy_dual
3,83,XXXX,{'H': 'V100G:F101Y:F102Y:P104G'},H,XXXX,2,ARFGYYLGYAMDY,"V100G,F101Y,F102Y,P104G",11.076737,5.679545402526856,25.502499999999984,-0.0733333333333333,5A12_dual,ablang2,-1.6576891488828556,-0.5268385284263826,1.6576891488828556,0.5268385284263826,"SB0A,WB2F,GB4Y,DB5Y,GB6L,FB7G",greedy_dual,1.6576891488828556,0.5268385284263826,1.2917170550625534,0.887142882985695,0.0,0.0,0.0,0.0,2.1788599380482485,6,ablang2+greedy_dual
3,81,XXXX,{'H': 'F99Y:V100Y:F101P:P104Y:A106C'},H,XXXX,2,ARYYPFLYYCMDY,"F99Y,V100Y,F101P,P104Y,A106C",12.448971,5.679090690612793,30.694166666666646,-0.085,5A12_dual,ablang2,-0.2296177060291713,-3.025632515952675,0.2296177060291713,3.025632515952675,"SB0A,WB2Y,GB3Y,GB4P,DB5F,GB6L,FB7Y,AB9C",greedy_dual,0.2296177060291713,3.025632515952675,0.8306240206923532,1.3565783244926075,0.0,0.0,0.0,0.0,2.1872023451849607,8,ablang2+greedy_dual
3,65,XXXX,{'H': 'F99D:V100L:F101T:P104I'},H,XXXX,1,ARDLTFLIYAMDY,"F99D,V100L,F101T,P104I",9.972423,5.149692344665527,26.917499999999983,-0.0108333333333333,5A12_dual,ablang2,-1.472169635053595,-1.0103959963898217,1.472169635053595,1.0103959963898217,"SB0A,WB2D,GB3L,GB4T,DB5F,GB6L,FB7I",greedy_dual,1.472169635053595,1.0103959963898217,1.2318168616972398,0.9779863116959194,0.0,0.0,0.0,0.0,2.20980317339316,7,ablang2+greedy_dual
3,82,XXXX,{'H': 'V100G:F101S:M107G'},H,XXXX,2,ARFGSFLPYAGDY,"V100G,F101S,M107G",10.290038,5.679602241516113,27.49416666666665,-0.0641666666666666,5A12_dual,ablang2,-1.427370505984313,-1.0934,1.427370505984313,1.0934,"SB0A,WB2F,GB4S,DB5F,GB6L,FB7P,MB10G",greedy_dual,1.427370505984313,1.0934,1.2173522027594348,0.9935798425256294,0.0,0.0,0.0,0.0,2.2109320452850643,7,ablang2+greedy_dual
3,86,XXXX,{'H': 'V100L:P104S:M107F:Y109P'},H,XXXX,2,ARFLFFLSYAFDP,"V100L,P104S,M107F,Y109P",10.607606,5.679602241516113,27.54166666666665,0.0316666666666666,5A12_dual,ablang2,-2.511480655198601,0.76647130796068,2.511480655198601,-0.76647130796068,"SB0A,WB2F,GB3L,GB4F,DB5F,GB6L,FB7S,MB10F,YB12P",greedy_dual,2.511480655198601,-0.76647130796068,1.5673876584743502,0.6441754846806335,0.0,0.0,0.0,0.0,2.211563143154984,9,ablang2+greedy_dual
4,142,XXXX,{'H': 'F99V:V100G:P104F:M107F'},H,XXXX,3,ARVGFFLFYAFDY,"F99V,V100G,P104F,M107F",9.6599865,5.679602241516113,28.926749999999984,0.0408333333333333,5A12_dual,ablang2,1.3188051755339123,4.99202,-1.3188051755339123,-4.99202,"SB0A,WB2V,GB4F,DB5F,GB6L,MB10F",greedy_dual,-1.3188051755339123,-4.99202,0.3306721390683735,-0.1496563901191548,0.0,0.0,0.0,0.0,0.1810157489492186,6,ablang2+greedy_dual
4,102,XXXX,{'H': 'F101D:P104Y:M107F'},H,XXXX,2,ARFVDFLYYAFDY,"F101D,P104Y,M107F",10.191484,5.149692344665527,26.064999999999984,-0.0191666666666666,5A12_dual,ablang2,1.754295580172315,2.8447944699619607,-1.754295580172315,-2.8447944699619607,"SB0A,WB2F,GB3V,GB4D,DB5F,GB6L,FB7Y,MB10F",greedy_dual,-1.754295580172315,-2.8447944699619607,0.1900618123801163,0.2537317121974294,0.0,0.0,0.0,0.0,0.4437935245775457,8,ablang2+greedy_dual
4,132,XXXX,{'H': 'V100G:F102Y:P104W:M107F'},H,XXXX,3,ARFGFYLWYAFDY,"V100G,F102Y,P104W,M107F",9.979913,5.679545402526856,31.60758333333332,-0.0358333333333333,5A12_dual,ablang2,0.1911452153089863,4.72119,-0.1911452153089863,-4.72119,"SB0A,WB2F,GB4F,DB5Y,GB6L,FB7W,MB10F",greedy_dual,-0.1911452153089863,-4.72119,0.6947688762448225,-0.0987769653814725,0.0,0.0,0.0,0.0,0.59599191086335,7,ablang2+greedy_dual
4,98,XXXX,{'H': 'V100R:F101S:P104W:M107F'},H,XXXX,2,ARFRSFLWYAFDY,"V100R,F101S,P104W,M107F",9.649934,6.844631004333496,32.55249999999998,-0.0658333333333333,5A12_dual,ablang2,1.4904142376553695,2.3656545832128035,-1.4904142376553695,-2.3656545832128035,"SB0A,WB2F,GB3R,GB4S,DB5F,GB6L,FB7W,MB10F",greedy_dual,-1.4904142376553695,-2.3656545832128035,0.2752633263125581,0.343745232880793,0.0,0.0,0.0,0.0,0.6190085591933512,8,ablang2+greedy_dual
4,96,XXXX,{'H': 'A97V:V100A:F101Y:P104Y:M107F'},H,XXXX,2,VRFAYFLYYAFDY,"A97V,V100A,F101Y,P104Y,M107F",11.362003,5.679545402526856,27.31749999999998,-0.0008333333333333,5A12_dual,ablang2,1.351097531041062,2.33081461690388,-1.351097531041062,-2.33081461690388,"SB0V,WB2F,GB3A,GB4Y,DB5F,GB6L,FB7Y,MB10F",greedy_dual,-1.351097531041062,-2.33081461690388,0.320245643767831,0.3502904363061088,0.0,0.0,0.0,0.0,0.6705360800739397,8,ablang2+greedy_dual
4,148,XXXX,{'H': 'F99L:V100W:L103Y:P104Y:M107F'},H,XXXX,3,ARLWFFYYYAFDY,"F99L,V100W,L103Y,P104Y,M107F",10.232649,5.679545402526856,33.66424999999998,-0.0433333333333333,5A12_dual,ablang2,2.425974904125354,0.4676284390841365,-2.425974904125354,-0.4676284390841365,"SB0A,WB2L,GB3W,GB4F,DB5F,GB6Y,FB7Y,MB10F",greedy_dual,-2.425974904125354,-0.4676284390841365,-0.0268087504723634,0.7003175415258766,0.0,0.0,0.0,0.0,0.673508791053513,8,ablang2+greedy_dual
4,68,XXXX,{'H': 'F99D:V100L:P104Y'},H,XXXX,1,ARDLFFLYYAMDY,"F99D,V100L,P104Y",10.495853,5.149692344665527,26.917499999999983,-0.0299999999999999,5A12_dual,ablang2,0.90440534882259,3.0239032338896727,-0.90440534882259,-3.0239032338896727,"SB0A,WB2D,GB3L,GB4F,DB5F,GB6L,FB7Y",greedy_dual,-0.90440534882259,-3.0239032338896727,0.4644727794333848,0.2200834794532011,0.0,0.0,0.0,0.0,0.684556258886586,7,ablang2+greedy_dual
4,123,XXXX,{'H': 'F99Y:V100G:F101Y'},H,XXXX,3,ARYGYFLPYAMDY,"F99Y,V100G,F101Y",11.617455,5.679545402526856,25.45083333333332,-0.0833333333333333,5A12_dual,ablang2,1.061375570367279,2.5078,-1.061375570367279,-2.5078,"SB0A,WB2Y,GB4Y,DB5F,GB6L,FB7P",greedy_dual,-1.061375570367279,-2.5078,0.4137905281216633,0.3170411120846085,0.0,0.0,0.0,0.0,0.7308316402062719,6,ablang2+greedy_dual
4,128,XXXX,{'H': 'V100F:F101Y:P104Y:M107Y'},H,XXXX,3,ARFFYFLYYAYDY,"V100F,F101Y,P104Y,M107Y",11.915803,5.679488563537597,31.60758333333332,-0.0466666666666666,5A12_dual,ablang2,1.5115212058103171,1.333739020862328,-1.5115212058103171,-1.333739020862328,"SB0A,WB2F,GB3F,GB4Y,DB5F,GB6L,FB7Y,MB10Y",greedy_dual,-1.5115212058103171,-1.333739020862328,0.2684483479432181,0.5376058472523699,0.0,0.0,0.0,0.0,0.8060541951955881,8,ablang2+greedy_dual
4,129,XXXX,{'H': 'F101Y:P104Y'},H,XXXX,3,ARFVYFLYYAMDY,"F101Y,P104Y",13.578285,5.679545402526856,26.28916666666665,-0.0083333333333333,5A12_dual,ablang2,0.7017709391845655,1.967978895687417,-0.7017709391845655,-1.967978895687417,"SB0A,WB2F,GB3V,GB4Y,DB5F,GB6L,FB7Y",greedy_dual,-0.7017709391845655,-1.967978895687417,0.5298989983213594,0.4184544977829604,0.0,0.0,0.0,0.0,0.9483534961043198,7,ablang2+greedy_dual
4,137,XXXX,{'H': 'F99Y:F101S:M107F'},H,XXXX,3,ARYVSFLPYAFDY,"F99Y,F101S,M107F",8.768326,5.679545402526856,27.89416666666665,-0.0333333333333333,5A12_dual,ablang2,0.9265202740704774,0.8854,-0.9265202740704774,-0.8854,"SB0A,WB2Y,GB3V,GB4S,DB5F,GB6L,FB7P,MB10F",greedy_dual,-0.9265202740704774,-0.8854,0.4573323537645947,0.6218329693176177,0.0,0.0,0.0,0.0,1.0791653230822125,8,ablang2+greedy_dual
4,91,XXXX,{'H': 'V100F:F101S:P104Y:A106S'},H,XXXX,2,ARFFSFLYYSMDY,"V100F,F101S,P104Y,A106S",13.314346,5.679545402526856,24.94416666666665,-0.0375,5A12_dual,ablang2,0.6848253640669695,1.1976542247259614,-0.6848253640669695,-1.1976542247259614,"SB0A,WB2F,GB3F,GB4S,DB5F,GB6L,FB7Y,AB9S",greedy_dual,-0.6848253640669695,-1.1976542247259614,0.5353703538961947,0.563171390740769,0.0,0.0,0.0,0.0,1.0985417446369636,8,ablang2+greedy_dual
4,120,XXXX,{'H': 'F99Y:V100G:F101Y:A106C:M107F'},H,XXXX,3,ARYGYFLPYCFDY,"F99Y,V100G,F101Y,A106C,M107F",8.748731,5.679147529602051,24.50583333333332,-0.07,5A12_dual,ablang2,0.0892092807539701,1.82816,-0.0892092807539701,-1.82816,"SB0A,WB2Y,GB4Y,DB5F,GB6L,FB7P,AB9C,MB10F",greedy_dual,-0.0892092807539701,-1.82816,0.7276817599878176,0.4447215471498467,0.0,0.0,0.0,0.0,1.1724033071376645,8,ablang2+greedy_dual
4,97,XXXX,{'H': 'P104Y:M107C:Y109P'},H,XXXX,2,ARFVFFLYYACDP,"P104Y,M107C,Y109P",13.693574,5.679204368591309,32.80833333333332,0.0283333333333333,5A12_dual,ablang2,-0.650092099038925,3.0123897968001865,0.650092099038925,-3.0123897968001865,"SB0A,WB2F,GB3V,GB4F,DB5F,GB6L,FB7Y,MB10C,YB12P",greedy_dual,0.650092099038925,-3.0123897968001865,0.9663860056532833,0.2222464490498727,0.0,0.0,0.0,0.0,1.188632454703156,9,ablang2+greedy_dual
4,138,XXXX,{'H': 'V100Y:F101S:P104Y:M107Y'},H,XXXX,3,ARFYSFLYYAYDY,"V100Y,F101S,P104Y,M107Y",11.0061865,5.679488563537597,31.60758333333332,-0.0766666666666666,5A12_dual,ablang2,0.5661054232375484,0.8483122138762065,-0.5661054232375484,-0.8483122138762065,"SB0A,WB2F,GB3Y,GB4S,DB5F,GB6L,FB7Y,MB10Y",greedy_dual,-0.5661054232375484,-0.8483122138762065,0.5737024261683639,0.6288004589708053,0.0,0.0,0.0,0.0,1.202502885139169,8,ablang2+greedy_dual
4,124,XXXX,{'H': 'F99Y:F101S:P104Y:A106G:M107F'},H,XXXX,3,ARYVSFLYYGFDY,"F99Y,F101S,P104Y,A106G,M107F",8.477965,5.679545402526856,24.636666666666645,-0.0491666666666666,5A12_dual,ablang2,1.266548481284909,-0.383480326981217,-1.266548481284909,0.383480326981217,"SB0A,WB2Y,GB3V,GB4S,DB5F,GB6L,FB7Y,AB9G,MB10F",greedy_dual,-1.266548481284909,0.383480326981217,0.3475446826921573,0.8602109226380275,0.0,0.0,0.0,0.0,1.2077556053301848,9,ablang2+greedy_dual
4,95,XXXX,{'H': 'F101Y:P104Y:M107T:Y109P'},H,XXXX,2,ARFVYFLYYATDP,"F101Y,P104Y,M107T,Y109P",12.705198,5.679545402526856,26.91333333333332,-0.0324999999999999,5A12_dual,ablang2,-0.5877419883720121,2.70616,0.5877419883720121,-2.70616,"SB0A,WB2F,GB3V,GB4Y,DB5F,GB6L,FB7Y,MB10T,YB12P",greedy_dual,0.5877419883720121,-2.70616,0.9462545186295837,0.2797762496581171,0.0,0.0,0.0,0.0,1.2260307682877007,9,ablang2+greedy_dual
4,136,XXXX,{'H': 'F99P:V100G:F101D:L103W:P104Y:M107L'},H,XXXX,3,ARPGDFWYYALDY,"F99P,V100G,F101D,L103W,P104Y,M107L",8.927611,5.149692344665527,27.89416666666665,-0.1249999999999999,5A12_dual,ablang2,0.1059973895237735,1.506312738025646,-0.1059973895237735,-1.506312738025646,"SB0A,WB2P,GB4D,DB5F,GB6W,FB7Y,MB10L",greedy_dual,-0.1059973895237735,-1.506312738025646,0.7222612468526083,0.5051853197845373,0.0,0.0,0.0,0.0,1.2274465666371457,7,ablang2+greedy_dual
4,153,XXXX,{'H': 'F99Y:V100G:P104R'},H,XXXX,3,ARYGFFLRYAMDY,"F99Y,V100G,P104R",12.980404,6.843437385559082,25.52999999999998,-0.0733333333333333,5A12_dual,ablang2,-0.1984962111714558,1.7811682303095369,0.1984962111714558,-1.7811682303095369,"SB0A,WB2Y,GB4F,DB5F,GB6L,FB7R",greedy_dual,0.1984962111714558,-1.7811682303095369,0.820575570686655,0.4535496467298652,0.0,0.0,0.0,0.0,1.27412521741652,6,ablang2+greedy_dual
4,46,XXXX,{'H': 'V100L:F101S:P104Y:A106C'},H,XXXX,1,ARFLSFLYYCMDY,"V100L,F101S,P104Y,A106C",12.431382,5.679204368591309,27.66083333333332,-0.0016666666666666,5A12_dual,ablang2,0.2401425383848288,0.8361440196290233,-0.2401425383848288,-0.8361440196290233,"SB0A,WB2F,GB3L,GB4S,DB5F,GB6L,FB7Y,AB9C",greedy_dual,-0.2401425383848288,-0.8361440196290233,0.6789487122844596,0.6310864343922618,0.0,0.0,0.0,0.0,1.3100351466767215,8,ablang2+greedy_dual
4,149,XXXX,{'H': 'V100S:F101S:L103S:P104W:A106G:M107L'},H,XXXX,3,ARFSSFSWYGLDY,"V100S,F101S,L103S,P104W,A106G,M107L",9.544188,5.679602241516113,24.81333333333332,-0.0833333333333333,5A12_dual,ablang2,-0.0215151082039457,1.092159088017156,0.0215151082039457,-1.092159088017156,"SB0A,WB2F,GB3S,GB4S,DB5F,GB6S,FB7W,AB9G,MB10L",greedy_dual,0.0215151082039457,-1.092159088017156,0.763432243437981,0.5829902138710249,0.0,0.0,0.0,0.0,1.3464224573090058,9,ablang2+greedy_dual
4,126,XXXX,{'H': 'A97V:F99L:V100R:F101L:P104L:M107F'},H,XXXX,3,VRLRLFLLYAFDY,"A97V,F99L,V100R,F101L,P104L,M107F",10.452965,6.844631004333496,27.89416666666665,0.0399999999999999,5A12_dual,ablang2,0.1733995350286927,0.68225,-0.1733995350286927,-0.68225,"SB0V,WB2L,GB3R,GB4L,DB5F,GB6L,FB7L,MB10F",greedy_dual,-0.1733995350286927,-0.68225,0.7004985682769335,0.6599977041529763,0.0,0.0,0.0,0.0,1.3604962724299097,8,ablang2+greedy_dual
4,131,XXXX,{'H': 'V100G:F101R:A106C:M107F'},H,XXXX,3,ARFGRFLPYCFDY,"V100G,F101R,A106C,M107F",9.765833,6.833320045471192,26.54916666666665,-0.0625,5A12_dual,ablang2,0.085172835187091,0.8030448663214198,-0.085172835187091,-0.8030448663214198,"SB0A,WB2F,GB4R,DB5F,GB6L,FB7P,AB9C,MB10F",greedy_dual,-0.085172835187091,-0.8030448663214198,0.7289850399769358,0.6373046003251172,0.0,0.0,0.0,0.0,1.3662896403020528,8,ablang2+greedy_dual
4,88,XXXX,{'H': 'F99L:F101Y:P104S:M107F'},H,XXXX,2,ARLVYFLSYAFDY,"F99L,F101Y,P104S,M107F",8.429506,5.679545402526856,26.28916666666665,0.0116666666666666,5A12_dual,ablang2,0.1019280684442565,0.5167483664187118,-0.1019280684442565,-0.5167483664187118,"SB0A,WB2L,GB3V,GB4Y,DB5F,GB6L,FB7S,MB10F",greedy_dual,-0.1019280684442565,-0.5167483664187118,0.7235751416257099,0.6910896360281844,0.0,0.0,0.0,0.0,1.4146647776538943,8,ablang2+greedy_dual
4,42,XXXX,{'H': 'F99D:V100L:F101I:P104W:A106C'},H,XXXX,1,ARDLIFLWYCMDY,"F99D,V100L,F101I,P104W,A106C",10.290414,5.149635505676269,28.60583333333332,-0.0066666666666666,5A12_dual,ablang2,0.5864094141386751,-0.4673013134511206,-0.5864094141386751,0.4673013134511206,"SB0A,WB2D,GB3L,GB4I,DB5F,GB6L,FB7W,AB9C",greedy_dual,-0.5864094141386751,0.4673013134511206,0.5671467115917055,0.8759579357921602,0.0,0.0,0.0,0.0,1.4431046473838656,8,ablang2+greedy_dual
4,64,XXXX,{'H': 'F99I:P104Y:A106C'},H,XXXX,1,ARIVFFLYYCMDY,"F99I,P104Y,A106C",14.410892,5.679204368591309,26.95333333333332,0.0458333333333333,5A12_dual,ablang2,-0.3334472762209657,1.0190767374356229,0.3334472762209657,-1.0190767374356229,"SB0A,WB2I,GB3V,GB4F,DB5F,GB6L,FB7Y,AB9C",greedy_dual,0.3334472762209657,-1.0190767374356229,0.8641483179651986,0.5967198153039016,0.0,0.0,0.0,0.0,1.4608681332691005,8,ablang2+greedy_dual
4,55,XXXX,{'H': 'F99D:P104Q:A106C'},H,XXXX,1,ARDVFFLQYCMDY,"F99D,P104Q,A106C",12.072577,5.149635505676269,28.72083333333332,-0.0391666666666667,5A12_dual,ablang2,-0.5492902346228545,1.0478643501139242,0.5492902346228545,-1.0478643501139242,"SB0A,WB2D,GB3V,GB4F,DB5F,GB6L,FB7Q,AB9C",greedy_dual,0.5492902346228545,-1.0478643501139242,0.9338392883539712,0.5913116361042444,0.0,0.0,0.0,0.0,1.5251509244582155,8,ablang2+greedy_dual
4,63,XXXX,{'H': 'A97V:F99D:F101S:P104Y:A106C'},H,XXXX,1,VRDVSFLYYCMDY,"A97V,F99D,F101S,P104Y,A106C",10.7482815,5.149635505676269,27.032499999999985,-0.0308333333333333,5A12_dual,ablang2,-0.4274001715414712,0.8162091286914674,0.4274001715414712,-0.8162091286914674,"SB0V,WB2D,GB3V,GB4S,DB5F,GB6L,FB7Y,AB9C",greedy_dual,0.4274001715414712,-0.8162091286914674,0.8944836529429993,0.6348314987614648,0.0,0.0,0.0,0.0,1.529315151704464,8,ablang2+greedy_dual
4,13,XXXX,{'H': 'V100T:F101R:F102R:L103T:P104V:D108L'},H,XXXX,0,ARFTRRTVYAMLY,"V100T,F101R,F102R,L103T,P104V,D108L",16.602173,8.636910057067873,30.034166666666653,-0.0674999999999999,5A12_dual,ablang2,0.85691,-1.3957543873781777,-0.85691,1.3957543873781777,"SB0A,WB2F,GB3T,GB4R,DB5R,GB6T,FB7V,DB11L",greedy_dual,-0.85691,1.3957543873781777,0.4798079887582889,1.0503815901042437,0.0,-0.0,0.0,0.0,1.5301895788625324,8,ablang2+greedy_dual
4,147,XXXX,{'H': 'F99D:V100G:P104L:M107C'},H,XXXX,3,ARDGFFLLYACDY,"F99D,V100G,P104L,M107C",9.272039,5.149635505676269,31.15583333333332,-0.0174999999999999,5A12_dual,ablang2,-0.580297596981765,1.07041,0.580297596981765,-1.07041,"SB0A,WB2D,GB4F,DB5F,GB6L,FB7L,MB10C",greedy_dual,0.580297596981765,-1.07041,0.9438508874720912,0.587076102018136,0.0,0.0,0.0,0.0,1.530926989490227,7,ablang2+greedy_dual
4,141,XXXX,{'H': 'F99L:V100L:F101Y'},H,XXXX,3,ARLLYFLPYAMDY,"F99L,V100L,F101Y",11.780655,5.679545402526856,27.49416666666665,-0.0058333333333333,5A12_dual,ablang2,-0.6626114936746532,1.14539,0.6626114936746532,-1.14539,"SB0A,WB2L,GB3L,GB4Y,DB5F,GB6L,FB7P",greedy_dual,0.6626114936746532,-1.14539,0.9704282443591636,0.5729899990501065,0.0,0.0,0.0,0.0,1.5434182434092705,7,ablang2+greedy_dual
4,135,XXXX,{'H': 'F99I:V100R:F101Y:L103Y:P104W:M107P'},H,XXXX,3,ARIRYFYWYAPDY,"F99I,V100R,F101Y,L103Y,P104W,M107P",11.428214,6.842300605773925,28.090083333333315,-0.1349999999999999,5A12_dual,ablang2,-1.577466738234217,2.48089,1.577466738234217,-2.48089,"SB0A,WB2I,GB3R,GB4Y,DB5F,GB6Y,FB7W,MB10P",greedy_dual,1.577466738234217,-2.48089,1.2658149932745544,0.3220965539473676,0.0,0.0,0.0,0.0,1.587911547221922,8,ablang2+greedy_dual
4,119,XXXX,{'H': 'P104G:M107F:Y109P'},H,XXXX,2,ARFVFFLGYAFDP,"P104G,M107F,Y109P",10.87607,5.679602241516113,26.83416666666665,0.0383333333333333,5A12_dual,ablang2,-0.611388863219513,0.79055,0.611388863219513,-0.79055,"SB0A,WB2F,GB3V,GB4F,DB5F,GB6L,FB7G,MB10F,YB12P",greedy_dual,0.611388863219513,-0.79055,0.953889577317557,0.639651945931616,0.0,0.0,0.0,0.0,1.593541523249173,9,ablang2+greedy_dual
4,133,XXXX,{'H': 'F99Y:V100R:F101V:M107F'},H,XXXX,3,ARYRVFLPYAFDY,"F99Y,V100R,F101V,M107F",8.857496,6.843437385559082,26.48499999999997,-0.0641666666666666,5A12_dual,ablang2,0.0794829684040423,-0.63884,-0.0794829684040423,0.63884,"SB0A,WB2Y,GB3R,GB4V,DB5F,GB6L,FB7P,MB10F",greedy_dual,-0.0794829684040423,0.63884,0.7308221735134174,0.9081840174369727,0.0,0.0,0.0,0.0,1.63900619095039,8,ablang2+greedy_dual
4,101,XXXX,{'H': 'V100L:F101G:P104F:A106C:M107G:Y109P'},H,XXXX,2,ARFLGFLFYCGDP,"V100L,F101G,P104F,A106C,M107G,Y109P",12.0326605,5.679261207580566,27.256749999999982,0.0141666666666666,5A12_dual,ablang2,-0.5521670605765334,0.09946,0.5521670605765334,-0.09946,"SB0A,WB2F,GB3L,DB5F,GB6L,AB9C,MB10G,YB12P",greedy_dual,0.5521670605765334,-0.09946,0.9347681525329832,0.7694834329971734,0.0,0.0,0.0,0.0,1.7042515855301563,8,ablang2+greedy_dual
4,105,XXXX,{'H': 'V100G:F101S:P104W:A106T'},H,XXXX,2,ARFGSFLWYTMDY,"V100G,F101S,P104W,A106T",12.85535,5.679602241516113,25.18166666666665,-0.06,5A12_dual,ablang2,0.0406230101910125,-0.9224420978401504,-0.0406230101910125,0.9224420978401504,"SB0A,WB2F,GB4S,DB5F,GB6L,FB7W,AB9T",greedy_dual,-0.0406230101910125,0.9224420978401504,0.743369204082238,0.9614628698259502,0.0,0.0,0.0,0.0,1.704832073908188,7,ablang2+greedy_dual
4,53,XXXX,{'H': 'F99D:V100L:F102Y:P104T:A106C'},H,XXXX,1,ARDLFYLTYCMDY,"F99D,V100L,F102Y,P104T,A106C",9.786543,5.149635505676269,29.349249999999987,-0.0533333333333333,5A12_dual,ablang2,-1.212891240136504,1.2127171175649305,1.212891240136504,-1.2127171175649305,"SB0A,WB2D,GB3L,GB4F,DB5Y,GB6L,FB7T,AB9C",greedy_dual,1.212891240136504,-1.2127171175649305,1.1481015388699312,0.5603416033371132,0.0,0.0,0.0,0.0,1.7084431422070443,8,ablang2+greedy_dual
4,144,XXXX,{'H': 'F99Y:V100T:F101S:A106C'},H,XXXX,3,ARYTSFLPYCMDY,"F99Y,V100T,F101S,A106C",12.108532,5.679204368591309,26.90166666666665,-0.0758333333333333,5A12_dual,ablang2,-0.3531678446653492,-0.6584857421402044,0.3531678446653492,0.6584857421402044,"SB0A,WB2Y,GB3T,GB4S,DB5F,GB6L,FB7P,AB9C",greedy_dual,0.3531678446653492,0.6584857421402044,0.8705156581910879,0.911874760924173,0.0,0.0,0.0,0.0,1.7823904191152609,8,ablang2+greedy_dual
4,155,XXXX,{'H': 'F99Y:V100T:F101G:L103G:P104V:M107F:Y109P'},H,XXXX,3,ARYTGFGVYAFDP,"F99Y,V100T,F101G,L103G,P104V,M107F,Y109P",8.091934,5.679602241516113,24.86999999999998,-0.0599999999999999,5A12_dual,ablang2,1.408432176161063,-3.715624771988444,-1.408432176161063,3.715624771988444,"SB0A,WB2Y,GB3T,DB5F,FB7V,MB10F,YB12P",greedy_dual,-1.408432176161063,3.715624771988444,0.3017335408718497,1.486203584104008,0.0,0.0,0.0,0.0,1.7879371249758578,7,ablang2+greedy_dual
4,17,XXXX,{'H': 'F99D:F101D:F102V:L103S:P104Y:M107F'},H,XXXX,0,ARDVDVSYYAFDY,"F99D,F101D,F102V,L103S,P104Y,M107F",6.2227306,4.86845302581787,26.69333333333332,-0.0983333333333333,5A12_dual,ablang2,1.3783020441757667,-3.697828418406815,-1.3783020441757667,3.697828418406815,"SB0A,WB2D,GB3V,GB4D,DB5V,GB6S,FB7Y,MB10F",greedy_dual,-1.3783020441757667,3.697828418406815,0.311461901488958,1.4828602756349991,-0.0,0.0,0.0,0.0,1.7943221771239577,8,ablang2+greedy_dual
5,142,XXXX,{'H': 'F99V:V100G:P104F:M107F'},H,XXXX,3,ARVGFFLFYAFDY,"F99V,V100G,P104F,M107F",9.6599865,5.679602241516113,28.926749999999984,0.0408333333333333,5A12_dual,ablang2,1.3188051755339123,4.99202,-1.3188051755339123,-4.99202,"SB0A,WB2V,GB4F,DB5F,GB6L,MB10F",greedy_dual,-1.3188051755339123,-4.99202,0.3306721390683735,-0.1496563901191548,0.0,0.0,0.0,0.0,0.1810157489492186,6,ablang2+greedy_dual
5,194,XXXX,{'H': 'F99Y:P104W'},H,XXXX,4,ARYVFFLWYAMDY,"F99Y,P104W",13.715109,5.679545402526856,27.234166666666653,-0.005,5A12_dual,ablang2,1.066386053525842,4.7825,-1.066386053525842,-4.7825,"SB0A,WB2Y,GB3V,GB4F,DB5F,GB6L,FB7W",greedy_dual,-1.066386053525842,-4.7825,0.4121727526981691,-0.1102949564853653,0.0,0.0,0.0,0.0,0.3018777962128038,7,ablang2+greedy_dual
5,190,XXXX,{'H': 'R98G:F99Y:V100G:F101Y:F102Y:P104Y:M107F:D108P:Y109P'},H,XXXX,4,AGYGYYLYYAFPP,"R98G,F99Y,V100G,F101Y,F102Y,P104Y,M107F,D108P,Y109P",13.822385,5.661186408996582,29.657499999999978,-0.06,5A12_dual,ablang2,1.4196467327423383,3.62889,-1.4196467327423383,-3.62889,"SB0A,RB1G,WB2Y,GB4Y,DB5Y,GB6L,FB7Y,MB10F,DB11P,YB12P",greedy_dual,-1.4196467327423383,-3.62889,0.2981126058345636,0.1064277595048784,0.0,0.0,0.0,0.0,0.4045403653394421,10,ablang2+greedy_dual
5,165,XXXX,{'H': 'F99Y:V100F:F101S:L103F:P104Y:M107F'},H,XXXX,4,ARYFSFFYYAFDY,"F99Y,V100F,F101S,L103F,P104Y,M107F",9.498432,5.679545402526856,30.03424999999998,-0.0508333333333333,5A12_dual,ablang2,2.2203510264560045,2.2483965500217886,-2.2203510264560045,-2.2483965500217886,"SB0A,WB2Y,GB3F,GB4S,DB5F,GB6F,FB7Y,MB10F",greedy_dual,-2.2203510264560045,-2.2483965500217886,0.0395827022578073,0.3657738902475209,0.0,0.0,0.0,0.0,0.4053565925053283,8,ablang2+greedy_dual
5,161,XXXX,{'H': 'V100R:F101Y:P104Y:M107F'},H,XXXX,4,ARFRYFLYYAFDY,"V100R,F101Y,P104Y,M107F",9.868735,6.842300605773925,27.31749999999998,-0.0733333333333333,5A12_dual,ablang2,1.7737572072105317,2.9363270288436523,-1.7737572072105317,-2.9363270288436523,"SB0A,WB2F,GB3R,GB4Y,DB5F,GB6L,FB7Y,MB10F",greedy_dual,-1.7737572072105317,-2.9363270288436523,0.1837780786707574,0.2365359660073156,0.0,0.0,0.0,0.0,0.4203140446780731,8,ablang2+greedy_dual
5,102,XXXX,{'H': 'F101D:P104Y:M107F'},H,XXXX,2,ARFVDFLYYAFDY,"F101D,P104Y,M107F",10.191484,5.149692344665527,26.064999999999984,-0.0191666666666666,5A12_dual,ablang2,1.754295580172315,2.8447944699619607,-1.754295580172315,-2.8447944699619607,"SB0A,WB2F,GB3V,GB4D,DB5F,GB6L,FB7Y,MB10F",greedy_dual,-1.754295580172315,-2.8447944699619607,0.1900618123801163,0.2537317121974294,0.0,0.0,0.0,0.0,0.4437935245775457,8,ablang2+greedy_dual
5,189,XXXX,{'H': 'F99Y:F101R:P104Y:D108P'},H,XXXX,4,ARYVRFLYYAMPY,"F99Y,F101R,P104Y,D108P",15.945611,8.019174003601073,29.95083333333332,-0.0533333333333333,5A12_dual,ablang2,2.2538024097645,1.6858852239474371,-2.2538024097645,-1.6858852239474371,"SB0A,WB2Y,GB3V,GB4R,DB5F,GB6L,FB7Y,DB11P",greedy_dual,-2.2538024097645,-1.6858852239474371,0.0287819822302624,0.4714499699990028,0.0,-0.0,0.0,0.0,0.5002319522292652,8,ablang2+greedy_dual
5,185,XXXX,{'H': 'R98T:F99Y:V100R:L103Y:P104Y:Y109P'},H,XXXX,4,ATYRFFYYYAMDP,"R98T,F99Y,V100R,L103Y,P104Y,Y109P",16.123322,5.679545402526856,29.87758333333332,-0.0941666666666666,5A12_dual,ablang2,0.9034711971940808,3.67191,-0.9034711971940808,-3.67191,"SB0A,RB1T,WB2Y,GB3R,GB4F,DB5F,GB6Y,FB7Y,YB12P",greedy_dual,-0.9034711971940808,-3.67191,0.4647743965626305,0.0983458156573907,0.0,0.0,0.0,0.0,0.5631202122200212,9,ablang2+greedy_dual
5,132,XXXX,{'H': 'V100G:F102Y:P104W:M107F'},H,XXXX,3,ARFGFYLWYAFDY,"V100G,F102Y,P104W,M107F",9.979913,5.679545402526856,31.60758333333332,-0.0358333333333333,5A12_dual,ablang2,0.1911452153089863,4.72119,-0.1911452153089863,-4.72119,"SB0A,WB2F,GB4F,DB5Y,GB6L,FB7W,MB10F",greedy_dual,-0.1911452153089863,-4.72119,0.6947688762448225,-0.0987769653814725,0.0,0.0,0.0,0.0,0.59599191086335,7,ablang2+greedy_dual
5,98,XXXX,{'H': 'V100R:F101S:P104W:M107F'},H,XXXX,2,ARFRSFLWYAFDY,"V100R,F101S,P104W,M107F",9.649934,6.844631004333496,32.55249999999998,-0.0658333333333333,5A12_dual,ablang2,1.4904142376553695,2.3656545832128035,-1.4904142376553695,-2.3656545832128035,"SB0A,WB2F,GB3R,GB4S,DB5F,GB6L,FB7W,MB10F",greedy_dual,-1.4904142376553695,-2.3656545832128035,0.2752633263125581,0.343745232880793,0.0,0.0,0.0,0.0,0.6190085591933512,8,ablang2+greedy_dual
5,96,XXXX,{'H': 'A97V:V100A:F101Y:P104Y:M107F'},H,XXXX,2,VRFAYFLYYAFDY,"A97V,V100A,F101Y,P104Y,M107F",11.362003,5.679545402526856,27.31749999999998,-0.0008333333333333,5A12_dual,ablang2,1.351097531041062,2.33081461690388,-1.351097531041062,-2.33081461690388,"SB0V,WB2F,GB3A,GB4Y,DB5F,GB6L,FB7Y,MB10F",greedy_dual,-1.351097531041062,-2.33081461690388,0.320245643767831,0.3502904363061088,0.0,0.0,0.0,0.0,0.6705360800739397,8,ablang2+greedy_dual
5,148,XXXX,{'H': 'F99L:V100W:L103Y:P104Y:M107F'},H,XXXX,3,ARLWFFYYYAFDY,"F99L,V100W,L103Y,P104Y,M107F",10.232649,5.679545402526856,33.66424999999998,-0.0433333333333333,5A12_dual,ablang2,2.425974904125354,0.4676284390841365,-2.425974904125354,-0.4676284390841365,"SB0A,WB2L,GB3W,GB4F,DB5F,GB6Y,FB7Y,MB10F",greedy_dual,-2.425974904125354,-0.4676284390841365,-0.0268087504723634,0.7003175415258766,0.0,0.0,0.0,0.0,0.673508791053513,8,ablang2+greedy_dual
5,68,XXXX,{'H': 'F99D:V100L:P104Y'},H,XXXX,1,ARDLFFLYYAMDY,"F99D,V100L,P104Y",10.495853,5.149692344665527,26.917499999999983,-0.0299999999999999,5A12_dual,ablang2,0.90440534882259,3.0239032338896727,-0.90440534882259,-3.0239032338896727,"SB0A,WB2D,GB3L,GB4F,DB5F,GB6L,FB7Y",greedy_dual,-0.90440534882259,-3.0239032338896727,0.4644727794333848,0.2200834794532011,0.0,0.0,0.0,0.0,0.684556258886586,7,ablang2+greedy_dual
5,163,XXXX,{'H': 'V100L:F101Y:P104Y'},H,XXXX,4,ARFLYFLYYAMDY,"V100L,F101Y,P104Y",13.000265,5.679545402526856,26.917499999999983,-0.0116666666666666,5A12_dual,ablang2,1.2455550184166748,2.313946438304599,-1.2455550184166748,-2.313946438304599,"SB0A,WB2F,GB3L,GB4Y,DB5F,GB6L,FB7Y",greedy_dual,-1.2455550184166748,-2.313946438304599,0.3543230126869852,0.3534593733644255,0.0,0.0,0.0,0.0,0.7077823860514108,7,ablang2+greedy_dual
5,123,XXXX,{'H': 'F99Y:V100G:F101Y'},H,XXXX,3,ARYGYFLPYAMDY,"F99Y,V100G,F101Y",11.617455,5.679545402526856,25.45083333333332,-0.0833333333333333,5A12_dual,ablang2,1.061375570367279,2.5078,-1.061375570367279,-2.5078,"SB0A,WB2Y,GB4Y,DB5F,GB6L,FB7P",greedy_dual,-1.061375570367279,-2.5078,0.4137905281216633,0.3170411120846085,0.0,0.0,0.0,0.0,0.7308316402062719,6,ablang2+greedy_dual
5,182,XXXX,{'H': 'F99Y:F101Y:M107F'},H,XXXX,4,ARYVYFLPYAFDY,"F99Y,F101Y,M107F",9.291445,5.679545402526856,27.265833333333312,-0.0375,5A12_dual,ablang2,0.6604641129422788,3.07133,-0.6604641129422788,-3.07133,"SB0A,WB2Y,GB3V,GB4Y,DB5F,GB6L,FB7P,MB10F",greedy_dual,-0.6604641129422788,-3.07133,0.5432360690593603,0.2111736593562323,0.0,0.0,0.0,0.0,0.7544097284155926,8,ablang2+greedy_dual
5,128,XXXX,{'H': 'V100F:F101Y:P104Y:M107Y'},H,XXXX,3,ARFFYFLYYAYDY,"V100F,F101Y,P104Y,M107Y",11.915803,5.679488563537597,31.60758333333332,-0.0466666666666666,5A12_dual,ablang2,1.5115212058103171,1.333739020862328,-1.5115212058103171,-1.333739020862328,"SB0A,WB2F,GB3F,GB4Y,DB5F,GB6L,FB7Y,MB10Y",greedy_dual,-1.5115212058103171,-1.333739020862328,0.2684483479432181,0.5376058472523699,0.0,0.0,0.0,0.0,0.8060541951955881,8,ablang2+greedy_dual
5,196,XXXX,{'H': 'F99W:V100F:F101Y:P104F:Y109P'},H,XXXX,4,ARWFYFLFYAMDP,"F99W,V100F,F101Y,P104F,Y109P",14.937785,5.679602241516113,36.72016666666666,-0.0191666666666666,5A12_dual,ablang2,0.4864212311473448,2.45026,-0.4864212311473448,-2.45026,"SB0A,GB3F,GB4Y,DB5F,GB6L,YB12P",greedy_dual,-0.4864212311473448,-2.45026,0.5994307089556657,0.327850852879226,0.0,0.0,0.0,0.0,0.9272815618348916,6,ablang2+greedy_dual
5,198,XXXX,{'H': 'F99Y:F102Y:P104Y:A106C'},H,XXXX,4,ARYVFYLYYCMDY,"F99Y,F102Y,P104Y,A106C",12.634173,5.679090690612793,29.749249999999986,-0.0366666666666666,5A12_dual,ablang2,0.1600671336050236,2.9368972138849907,-0.1600671336050236,-2.9368972138849907,"SB0A,WB2Y,GB3V,GB4F,DB5Y,GB6L,FB7Y,AB9C",greedy_dual,-0.1600671336050236,-2.9368972138849907,0.7048033090926988,0.2364288483065538,0.0,0.0,0.0,0.0,0.9412321573992526,8,ablang2+greedy_dual
5,195,XXXX,{'H': 'F101I:P104Y:Y109P'},H,XXXX,4,ARFVIFLYYAMDP,"F101I,P104Y,Y109P",14.6631775,5.679602241516113,27.54166666666665,0.0374999999999999,5A12_dual,ablang2,1.0012593646468826,1.0597453679995492,-1.0012593646468826,-1.0597453679995492,"SB0A,WB2F,GB3V,GB4I,DB5F,GB6L,FB7Y,YB12P",greedy_dual,-1.0012593646468826,-1.0597453679995492,0.4332007360977083,0.5890796110135279,0.0,0.0,0.0,0.0,1.0222803471112365,8,ablang2+greedy_dual
5,175,XXXX,{'H': 'F99Y:F101Y:P104F:Y109P'},H,XXXX,4,ARYVYFLFYAMDP,"F99Y,F101Y,P104F,Y109P",14.274333,5.679545402526856,27.97341666666665,-0.0108333333333333,5A12_dual,ablang2,0.1388276279201123,2.51607,-0.1388276279201123,-2.51607,"SB0A,WB2Y,GB3V,GB4Y,DB5F,GB6L,YB12P",greedy_dual,-0.1388276279201123,-2.51607,0.7116610809316265,0.3154874701594871,0.0,0.0,0.0,0.0,1.0271485510911136,7,ablang2+greedy_dual
5,90,XXXX,{'H': 'F101Y:P104Y:M107L'},H,XXXX,2,ARFVYFLYYALDY,"F101Y,P104Y,M107L",10.98776,5.679545402526856,26.28916666666665,0.0074999999999999,5A12_dual,ablang2,-0.1155861208133242,2.933758485172139,0.1155861208133242,-2.933758485172139,"SB0A,WB2F,GB3V,GB4Y,DB5F,GB6L,FB7Y,MB10L",greedy_dual,0.1155861208133242,-2.933758485172139,0.7938057159049182,0.2370185049595004,0.0,0.0,0.0,0.0,1.0308242208644187,8,ablang2+greedy_dual
5,167,XXXX,{'H': 'A97G:F99Y:F101Y:P104Y'},H,XXXX,4,GRYVYFLYYAMDY,"A97G,F99Y,F101Y,P104Y",13.78002,5.679488563537597,25.660833333333315,-0.0608333333333333,5A12_dual,ablang2,0.0728893507678152,2.592593407043908,-0.0728893507678152,-2.592593407043908,"SB0G,WB2Y,GB3V,GB4Y,DB5F,GB6L,FB7Y",greedy_dual,-0.0728893507678152,-2.592593407043908,0.7329511084337107,0.3011114153304005,0.0,0.0,0.0,0.0,1.0340625237641112,7,ablang2+greedy_dual
5,188,XXXX,{'H': 'F99Y:V100A:L103Y:Y109P'},H,XXXX,4,ARYAFFYPYAMDP,"F99Y,V100A,L103Y,Y109P",14.311579,5.679545402526856,31.60341666666665,-0.0758333333333333,5A12_dual,ablang2,-0.0400105463478981,2.6014138482771334,0.0400105463478981,-2.6014138482771334,"SB0A,WB2Y,GB3A,GB4F,DB5F,GB6Y,FB7P,YB12P",greedy_dual,0.0400105463478981,-2.6014138482771334,0.7694040158856954,0.2994543648711491,0.0,0.0,0.0,0.0,1.0688583807568446,8,ablang2+greedy_dual
5,91,XXXX,{'H': 'V100F:F101S:P104Y:A106S'},H,XXXX,2,ARFFSFLYYSMDY,"V100F,F101S,P104Y,A106S",13.314346,5.679545402526856,24.94416666666665,-0.0375,5A12_dual,ablang2,0.6848253640669695,1.1976542247259614,-0.6848253640669695,-1.1976542247259614,"SB0A,WB2F,GB3F,GB4S,DB5F,GB6L,FB7Y,AB9S",greedy_dual,-0.6848253640669695,-1.1976542247259614,0.5353703538961947,0.563171390740769,0.0,0.0,0.0,0.0,1.0985417446369636,8,ablang2+greedy_dual
5,174,XXXX,{'H': 'A97V:F99Y:V100L:F101Y:P104W'},H,XXXX,4,VRYLYFLWYAMDY,"A97V,F99Y,V100L,F101Y,P104W",13.463804,5.679545402526856,26.605833333333315,-0.0225,5A12_dual,ablang2,-0.4108261844960816,2.73676,0.4108261844960816,-2.73676,"SB0V,WB2Y,GB3L,GB4Y,DB5F,GB6L,FB7W",greedy_dual,0.4108261844960816,-2.73676,0.8891322750293706,0.2740275866703644,0.0,0.0,0.0,0.0,1.163159861699735,7,ablang2+greedy_dual
5,168,XXXX,{'H': 'F99R:F101R:P104Y'},H,XXXX,4,ARRVRFLYYAMDY,"F99R,F101R,P104Y",10.56997,8.027554893493651,31.69083333333332,-0.0958333333333333,5A12_dual,ablang2,0.6021556315882011,0.9734282488233889,-0.6021556315882011,-0.9734282488233889,"SB0A,WB2R,GB3V,GB4R,DB5F,GB6L,FB7Y",greedy_dual,-0.6021556315882011,-0.9734282488233889,0.5620626023757502,0.6052955596480848,0.0,-0.0,0.0,0.0,1.167358162023835,7,ablang2+greedy_dual
5,120,XXXX,{'H': 'F99Y:V100G:F101Y:A106C:M107F'},H,XXXX,3,ARYGYFLPYCFDY,"F99Y,V100G,F101Y,A106C,M107F",8.748731,5.679147529602051,24.50583333333332,-0.07,5A12_dual,ablang2,0.0892092807539701,1.82816,-0.0892092807539701,-1.82816,"SB0A,WB2Y,GB4Y,DB5F,GB6L,FB7P,AB9C,MB10F",greedy_dual,-0.0892092807539701,-1.82816,0.7276817599878176,0.4447215471498467,0.0,0.0,0.0,0.0,1.1724033071376645,8,ablang2+greedy_dual
5,178,XXXX,{'H': 'F99Y:V100S:F101G:L103R'},H,XXXX,4,ARYSGFRPYAMDY,"F99Y,V100S,F101G,L103R",11.242075,6.843437385559082,26.86583333333332,-0.1483333333333333,5A12_dual,ablang2,1.224798397917176,-0.1631460533642039,-1.224798397917176,0.1631460533642039,"SB0A,WB2Y,GB3S,DB5F,GB6R,FB7P",greedy_dual,-1.224798397917176,0.1631460533642039,0.361024871461123,0.8188178676159519,0.0,0.0,0.0,-0.0,1.179842739077075,6,ablang2+greedy_dual
5,97,XXXX,{'H': 'P104Y:M107C:Y109P'},H,XXXX,2,ARFVFFLYYACDP,"P104Y,M107C,Y109P",13.693574,5.679204368591309,32.80833333333332,0.0283333333333333,5A12_dual,ablang2,-0.650092099038925,3.0123897968001865,0.650092099038925,-3.0123897968001865,"SB0A,WB2F,GB3V,GB4F,DB5F,GB6L,FB7Y,MB10C,YB12P",greedy_dual,0.650092099038925,-3.0123897968001865,0.9663860056532833,0.2222464490498727,0.0,0.0,0.0,0.0,1.188632454703156,9,ablang2+greedy_dual
5,138,XXXX,{'H': 'V100Y:F101S:P104Y:M107Y'},H,XXXX,3,ARFYSFLYYAYDY,"V100Y,F101S,P104Y,M107Y",11.0061865,5.679488563537597,31.60758333333332,-0.0766666666666666,5A12_dual,ablang2,0.5661054232375484,0.8483122138762065,-0.5661054232375484,-0.8483122138762065,"SB0A,WB2F,GB3Y,GB4S,DB5F,GB6L,FB7Y,MB10Y",greedy_dual,-0.5661054232375484,-0.8483122138762065,0.5737024261683639,0.6288004589708053,0.0,0.0,0.0,0.0,1.202502885139169,8,ablang2+greedy_dual
5,124,XXXX,{'H': 'F99Y:F101S:P104Y:A106G:M107F'},H,XXXX,3,ARYVSFLYYGFDY,"F99Y,F101S,P104Y,A106G,M107F",8.477965,5.679545402526856,24.636666666666645,-0.0491666666666666,5A12_dual,ablang2,1.266548481284909,-0.383480326981217,-1.266548481284909,0.383480326981217,"SB0A,WB2Y,GB3V,GB4S,DB5F,GB6L,FB7Y,AB9G,MB10F",greedy_dual,-1.266548481284909,0.383480326981217,0.3475446826921573,0.8602109226380275,0.0,0.0,0.0,0.0,1.2077556053301848,9,ablang2+greedy_dual
5,176,XXXX,{'H': 'F99Y:F101V:L103W:P104W:Y109P'},H,XXXX,4,ARYVVFWWYAMDP,"F99Y,F101V,L103W,P104W,Y109P",13.243322,5.679602241516113,25.884999999999984,-0.035,5A12_dual,ablang2,-0.1267143425738979,1.9685907500894504,0.1267143425738979,-1.9685907500894504,"SB0A,WB2Y,GB3V,GB4V,DB5F,GB6W,FB7W,YB12P",greedy_dual,0.1267143425738979,-1.9685907500894504,0.7973987753168997,0.4183395518759388,0.0,0.0,0.0,0.0,1.2157383271928386,8,ablang2+greedy_dual
5,162,XXXX,{'H': 'F99L:V100A:F101Y:F102Y:P104Y:M107S'},H,XXXX,4,ARLAYYLYYASDY,"F99L,V100A,F101Y,F102Y,P104Y,M107S",9.517767,5.679488563537597,27.945833333333315,-0.0766666666666666,5A12_dual,ablang2,-0.7681522017782418,3.0314,0.7681522017782418,-3.0314,"SB0A,WB2L,GB3A,GB4Y,DB5Y,GB6L,FB7Y,MB10S",greedy_dual,0.7681522017782418,-3.0314,1.0045050306380203,0.2186751009608391,0.0,0.0,0.0,0.0,1.2231801315988595,8,ablang2+greedy_dual
5,95,XXXX,{'H': 'F101Y:P104Y:M107T:Y109P'},H,XXXX,2,ARFVYFLYYATDP,"F101Y,P104Y,M107T,Y109P",12.705198,5.679545402526856,26.91333333333332,-0.0324999999999999,5A12_dual,ablang2,-0.5877419883720121,2.70616,0.5877419883720121,-2.70616,"SB0A,WB2F,GB3V,GB4Y,DB5F,GB6L,FB7Y,MB10T,YB12P",greedy_dual,0.5877419883720121,-2.70616,0.9462545186295837,0.2797762496581171,0.0,0.0,0.0,0.0,1.2260307682877007,9,ablang2+greedy_dual
5,136,XXXX,{'H': 'F99P:V100G:F101D:L103W:P104Y:M107L'},H,XXXX,3,ARPGDFWYYALDY,"F99P,V100G,F101D,L103W,P104Y,M107L",8.927611,5.149692344665527,27.89416666666665,-0.1249999999999999,5A12_dual,ablang2,0.1059973895237735,1.506312738025646,-0.1059973895237735,-1.506312738025646,"SB0A,WB2P,GB4D,DB5F,GB6W,FB7Y,MB10L",greedy_dual,-0.1059973895237735,-1.506312738025646,0.7222612468526083,0.5051853197845373,0.0,0.0,0.0,0.0,1.2274465666371457,7,ablang2+greedy_dual
5,172,XXXX,{'H': 'F99Y:F101Y:L103T:P104Y'},H,XXXX,4,ARYVYFTYYAMDY,"F99Y,F101Y,L103T,P104Y",11.338541,5.679488563537597,25.660833333333315,-0.08,5A12_dual,ablang2,0.6266645248867255,0.5099407524514383,-0.6266645248867255,-0.5099407524514383,"SB0A,WB2Y,GB3V,GB4Y,DB5F,GB6T,FB7Y",greedy_dual,-0.6266645248867255,-0.5099407524514383,0.5541492167838573,0.6923685470885953,0.0,0.0,0.0,0.0,1.2465177638724527,7,ablang2+greedy_dual
5,153,XXXX,{'H': 'F99Y:V100G:P104R'},H,XXXX,3,ARYGFFLRYAMDY,"F99Y,V100G,P104R",12.980404,6.843437385559082,25.52999999999998,-0.0733333333333333,5A12_dual,ablang2,-0.1984962111714558,1.7811682303095369,0.1984962111714558,-1.7811682303095369,"SB0A,WB2Y,GB4F,DB5F,GB6L,FB7R",greedy_dual,0.1984962111714558,-1.7811682303095369,0.820575570686655,0.4535496467298652,0.0,0.0,0.0,0.0,1.27412521741652,6,ablang2+greedy_dual
5,166,XXXX,{'H': 'V100F:F101S:P104Y:Y109P'},H,XXXX,4,ARFFSFLYYAMDP,"V100F,F101S,P104Y,Y109P",13.923958,5.679602241516113,27.54166666666665,-0.0183333333333333,5A12_dual,ablang2,0.8024073415437112,-0.0006423110707798,-0.8024073415437112,0.0006423110707798,"SB0A,WB2F,GB3F,GB4S,DB5F,GB6L,FB7Y,YB12P",greedy_dual,-0.8024073415437112,0.0006423110707798,0.4974057051012714,0.7882891339985166,0.0,0.0,0.0,0.0,1.2856948390997882,8,ablang2+greedy_dual
5,46,XXXX,{'H': 'V100L:F101S:P104Y:A106C'},H,XXXX,1,ARFLSFLYYCMDY,"V100L,F101S,P104Y,A106C",12.431382,5.679204368591309,27.66083333333332,-0.0016666666666666,5A12_dual,ablang2,0.2401425383848288,0.8361440196290233,-0.2401425383848288,-0.8361440196290233,"SB0A,WB2F,GB3L,GB4S,DB5F,GB6L,FB7Y,AB9C",greedy_dual,-0.2401425383848288,-0.8361440196290233,0.6789487122844596,0.6310864343922618,0.0,0.0,0.0,0.0,1.3100351466767215,8,ablang2+greedy_dual
6,210,XXXX,{'H': 'F99Y:V100T:L103F:P104Y:M107F'},H,XXXX,5,ARYTFFFYYAFDY,"F99Y,V100T,L103F,P104Y,M107F",10.849428,5.679545402526856,30.35508333333331,-0.05,5A12_dual,ablang2,2.412940824885495,5.70205,-2.412940824885495,-5.70205,"SB0A,WB2Y,GB3T,GB4F,DB5F,GB6F,FB7Y,MB10F",greedy_dual,-2.412940824885495,-5.70205,-0.0226003313649,-0.2830460365634062,0.0,0.0,0.0,0.0,-0.3056463679283062,8,ablang2+greedy_dual
6,207,XXXX,{'H': 'R98T:F99Y:L103W:P104W:M107F'},H,XXXX,5,ATYVFFWWYAFDY,"R98T,F99Y,L103W,P104W,M107F",12.403041,5.119454002380371,26.917499999999983,-0.005,5A12_dual,ablang2,1.1594787556376849,5.55312,-1.1594787556376849,-5.55312,"SB0A,RB1T,WB2Y,GB3V,GB4F,DB5F,GB6W,FB7W,MB10F",greedy_dual,-1.1594787556376849,-5.55312,0.3821151552934511,-0.2550673313749742,0.0,0.0,0.0,0.0,0.1270478239184769,9,ablang2+greedy_dual
6,142,XXXX,{'H': 'F99V:V100G:P104F:M107F'},H,XXXX,3,ARVGFFLFYAFDY,"F99V,V100G,P104F,M107F",9.6599865,5.679602241516113,28.926749999999984,0.0408333333333333,5A12_dual,ablang2,1.3188051755339123,4.99202,-1.3188051755339123,-4.99202,"SB0A,WB2V,GB4F,DB5F,GB6L,MB10F",greedy_dual,-1.3188051755339123,-4.99202,0.3306721390683735,-0.1496563901191548,0.0,0.0,0.0,0.0,0.1810157489492186,6,ablang2+greedy_dual
6,227,XXXX,{'H': 'R98S:F99Y:V100G:F101I:L103Y:P104Y:M107F:D108L'},H,XXXX,5,ASYGIFYYYAFLY,"R98S,F99Y,V100G,F101I,L103Y,P104Y,M107F,D108L",14.02801,5.661186408996582,29.24758333333332,0.0241666666666666,5A12_dual,ablang2,1.83968,4.05707,-1.83968,-4.05707,"SB0A,RB1S,WB2Y,GB4I,DB5F,GB6Y,FB7Y,MB10F,DB11L",greedy_dual,-1.83968,-4.05707,0.1624930507307594,0.0259878079331144,0.0,0.0,0.0,0.0,0.1884808586638739,9,ablang2+greedy_dual
6,233,XXXX,{'H': 'L103R:P104Y:M107F'},H,XXXX,5,ARFVFFRYYAFDY,"L103R,P104Y,M107F",10.928453,6.843437385559082,27.31749999999998,-0.0358333333333333,5A12_dual,ablang2,1.8540166477755493,3.82762,-1.8540166477755493,-3.82762,"SB0A,WB2F,GB3V,GB4F,DB5F,GB6R,FB7Y,MB10F",greedy_dual,-1.8540166477755493,-3.82762,0.1578640607326714,0.0690933871010841,0.0,0.0,0.0,0.0,0.2269574478337556,8,ablang2+greedy_dual
6,212,XXXX,{'H': 'R98K:F99Y:L103F:P104Y'},H,XXXX,5,AKYVFFFYYAMDY,"R98K,F99Y,L103F,P104Y",14.022125,5.679488563537597,29.634249999999984,-0.0116666666666666,5A12_dual,ablang2,1.5581177418086374,4.18661,-1.5581177418086374,-4.18661,"SB0A,RB1K,WB2Y,GB3V,GB4F,DB5F,GB6F,FB7Y",greedy_dual,-1.5581177418086374,-4.18661,0.2534033456205948,0.0016518012849611,0.0,0.0,0.0,0.0,0.255055146905556,8,ablang2+greedy_dual
6,194,XXXX,{'H': 'F99Y:P104W'},H,XXXX,4,ARYVFFLWYAMDY,"F99Y,P104W",13.715109,5.679545402526856,27.234166666666653,-0.005,5A12_dual,ablang2,1.066386053525842,4.7825,-1.066386053525842,-4.7825,"SB0A,WB2Y,GB3V,GB4F,DB5F,GB6L,FB7W",greedy_dual,-1.066386053525842,-4.7825,0.4121727526981691,-0.1102949564853653,0.0,0.0,0.0,0.0,0.3018777962128038,7,ablang2+greedy_dual
6,190,XXXX,{'H': 'R98G:F99Y:V100G:F101Y:F102Y:P104Y:M107F:D108P:Y109P'},H,XXXX,4,AGYGYYLYYAFPP,"R98G,F99Y,V100G,F101Y,F102Y,P104Y,M107F,D108P,Y109P",13.822385,5.661186408996582,29.657499999999978,-0.06,5A12_dual,ablang2,1.4196467327423383,3.62889,-1.4196467327423383,-3.62889,"SB0A,RB1G,WB2Y,GB4Y,DB5Y,GB6L,FB7Y,MB10F,DB11P,YB12P",greedy_dual,-1.4196467327423383,-3.62889,0.2981126058345636,0.1064277595048784,0.0,0.0,0.0,0.0,0.4045403653394421,10,ablang2+greedy_dual
6,165,XXXX,{'H': 'F99Y:V100F:F101S:L103F:P104Y:M107F'},H,XXXX,4,ARYFSFFYYAFDY,"F99Y,V100F,F101S,L103F,P104Y,M107F",9.498432,5.679545402526856,30.03424999999998,-0.0508333333333333,5A12_dual,ablang2,2.2203510264560045,2.2483965500217886,-2.2203510264560045,-2.2483965500217886,"SB0A,WB2Y,GB3F,GB4S,DB5F,GB6F,FB7Y,MB10F",greedy_dual,-2.2203510264560045,-2.2483965500217886,0.0395827022578073,0.3657738902475209,0.0,0.0,0.0,0.0,0.4053565925053283,8,ablang2+greedy_dual
6,161,XXXX,{'H': 'V100R:F101Y:P104Y:M107F'},H,XXXX,4,ARFRYFLYYAFDY,"V100R,F101Y,P104Y,M107F",9.868735,6.842300605773925,27.31749999999998,-0.0733333333333333,5A12_dual,ablang2,1.7737572072105317,2.9363270288436523,-1.7737572072105317,-2.9363270288436523,"SB0A,WB2F,GB3R,GB4Y,DB5F,GB6L,FB7Y,MB10F",greedy_dual,-1.7737572072105317,-2.9363270288436523,0.1837780786707574,0.2365359660073156,0.0,0.0,0.0,0.0,0.4203140446780731,8,ablang2+greedy_dual
6,102,XXXX,{'H': 'F101D:P104Y:M107F'},H,XXXX,2,ARFVDFLYYAFDY,"F101D,P104Y,M107F",10.191484,5.149692344665527,26.064999999999984,-0.0191666666666666,5A12_dual,ablang2,1.754295580172315,2.8447944699619607,-1.754295580172315,-2.8447944699619607,"SB0A,WB2F,GB3V,GB4D,DB5F,GB6L,FB7Y,MB10F",greedy_dual,-1.754295580172315,-2.8447944699619607,0.1900618123801163,0.2537317121974294,0.0,0.0,0.0,0.0,0.4437935245775457,8,ablang2+greedy_dual
6,189,XXXX,{'H': 'F99Y:F101R:P104Y:D108P'},H,XXXX,4,ARYVRFLYYAMPY,"F99Y,F101R,P104Y,D108P",15.945611,8.019174003601073,29.95083333333332,-0.0533333333333333,5A12_dual,ablang2,2.2538024097645,1.6858852239474371,-2.2538024097645,-1.6858852239474371,"SB0A,WB2Y,GB3V,GB4R,DB5F,GB6L,FB7Y,DB11P",greedy_dual,-2.2538024097645,-1.6858852239474371,0.0287819822302624,0.4714499699990028,0.0,-0.0,0.0,0.0,0.5002319522292652,8,ablang2+greedy_dual
6,213,XXXX,{'H': 'R98K:F99Y:V100T:P104Y'},H,XXXX,5,AKYTFFLYYAMDY,"R98K,F99Y,V100T,P104Y",13.042465,5.679488563537597,27.23833333333332,-0.0441666666666667,5A12_dual,ablang2,0.8570924349970563,3.77562,-0.8570924349970563,-3.77562,"SB0A,RB1K,WB2Y,GB3T,GB4F,DB5F,GB6L,FB7Y",greedy_dual,-0.8570924349970563,-3.77562,0.4797490844879256,0.0788623568841934,0.0,0.0,0.0,0.0,0.558611441372119,8,ablang2+greedy_dual
6,185,XXXX,{'H': 'R98T:F99Y:V100R:L103Y:P104Y:Y109P'},H,XXXX,4,ATYRFFYYYAMDP,"R98T,F99Y,V100R,L103Y,P104Y,Y109P",16.123322,5.679545402526856,29.87758333333332,-0.0941666666666666,5A12_dual,ablang2,0.9034711971940808,3.67191,-0.9034711971940808,-3.67191,"SB0A,RB1T,WB2Y,GB3R,GB4F,DB5F,GB6Y,FB7Y,YB12P",greedy_dual,-0.9034711971940808,-3.67191,0.4647743965626305,0.0983458156573907,0.0,0.0,0.0,0.0,0.5631202122200212,9,ablang2+greedy_dual
6,132,XXXX,{'H': 'V100G:F102Y:P104W:M107F'},H,XXXX,3,ARFGFYLWYAFDY,"V100G,F102Y,P104W,M107F",9.979913,5.679545402526856,31.60758333333332,-0.0358333333333333,5A12_dual,ablang2,0.1911452153089863,4.72119,-0.1911452153089863,-4.72119,"SB0A,WB2F,GB4F,DB5Y,GB6L,FB7W,MB10F",greedy_dual,-0.1911452153089863,-4.72119,0.6947688762448225,-0.0987769653814725,0.0,0.0,0.0,0.0,0.59599191086335,7,ablang2+greedy_dual
6,228,XXXX,{'H': 'R98K:F101I:L103F:P104F'},H,XXXX,5,AKFVIFFFYAMDY,"R98K,F101I,L103F,P104F",16.23821,5.679545402526856,28.60591666666665,0.0708333333333333,5A12_dual,ablang2,1.4012249566529182,2.63451,-1.4012249566529182,-2.63451,"SB0A,RB1K,WB2F,GB3V,GB4I,DB5F,GB6F",greedy_dual,-1.4012249566529182,-2.63451,0.304060594415993,0.2932367628304205,0.0,0.0,0.0,0.0,0.5972973572464135,7,ablang2+greedy_dual
6,98,XXXX,{'H': 'V100R:F101S:P104W:M107F'},H,XXXX,2,ARFRSFLWYAFDY,"V100R,F101S,P104W,M107F",9.649934,6.844631004333496,32.55249999999998,-0.0658333333333333,5A12_dual,ablang2,1.4904142376553695,2.3656545832128035,-1.4904142376553695,-2.3656545832128035,"SB0A,WB2F,GB3R,GB4S,DB5F,GB6L,FB7W,MB10F",greedy_dual,-1.4904142376553695,-2.3656545832128035,0.2752633263125581,0.343745232880793,0.0,0.0,0.0,0.0,0.6190085591933512,8,ablang2+greedy_dual
6,225,XXXX,{'H': 'R98P:F99Y:V100W:F101V:L103W:P104Y:M107F'},H,XXXX,5,APYWVFWYYAFDY,"R98P,F99Y,V100W,F101V,L103W,P104Y,M107F",12.925508,5.119454002380371,27.979166666666647,-0.0466666666666667,5A12_dual,ablang2,1.152597486347509,2.80507,-1.152597486347509,-2.80507,"SB0A,RB1P,WB2Y,GB3W,GB4V,DB5F,GB6W,FB7Y,MB10F",greedy_dual,-1.152597486347509,-2.80507,0.3843369666413381,0.2611945419418222,0.0,0.0,0.0,0.0,0.6455315085831603,9,ablang2+greedy_dual
6,211,XXXX,{'H': 'F101I:F102Y:L103W:P104Y:M107F'},H,XXXX,5,ARFVIYWYYAFDY,"F101I,F102Y,L103W,P104Y,M107F",9.856842,5.679545402526856,27.08166666666665,-0.0258333333333333,5A12_dual,ablang2,1.7640922953079197,1.7310742853949184,-1.7640922953079197,-1.7310742853949184,"SB0A,WB2F,GB3V,GB4I,DB5Y,GB6W,FB7Y,MB10F",greedy_dual,-1.7640922953079197,-1.7310742853949184,0.1868986673348587,0.4629605358488584,0.0,0.0,0.0,0.0,0.6498592031837171,8,ablang2+greedy_dual
6,206,XXXX,{'H': 'F99Y:L103W:P104Y'},H,XXXX,5,ARYVFFWYYAMDY,"F99Y,L103W,P104Y",13.479899,5.679545402526856,26.28916666666665,-0.0475,5A12_dual,ablang2,1.2106962010102542,2.644842878705777,-1.2106962010102542,-2.644842878705777,"SB0A,WB2Y,GB3V,GB4F,DB5F,GB6W,FB7Y",greedy_dual,-1.2106962010102542,-2.644842878705777,0.3655781624015993,0.29129557860255,0.0,0.0,0.0,0.0,0.6568737410041493,7,ablang2+greedy_dual
6,224,XXXX,{'H': 'A97V:F99Y:V100F:L103Y:P104Y'},H,XXXX,5,VRYFFFYYYAMDY,"A97V,F99Y,V100F,L103Y,P104Y",14.902242,5.679488563537597,29.405916666666645,-0.0425,5A12_dual,ablang2,0.8705751049193227,3.15803,-0.8705751049193227,-3.15803,"SB0V,WB2Y,GB3F,GB4F,DB5F,GB6Y,FB7Y",greedy_dual,-0.8705751049193227,-3.15803,0.4753958252606094,0.1948857808909328,0.0,0.0,0.0,0.0,0.6702816061515422,7,ablang2+greedy_dual
6,96,XXXX,{'H': 'A97V:V100A:F101Y:P104Y:M107F'},H,XXXX,2,VRFAYFLYYAFDY,"A97V,V100A,F101Y,P104Y,M107F",11.362003,5.679545402526856,27.31749999999998,-0.0008333333333333,5A12_dual,ablang2,1.351097531041062,2.33081461690388,-1.351097531041062,-2.33081461690388,"SB0V,WB2F,GB3A,GB4Y,DB5F,GB6L,FB7Y,MB10F",greedy_dual,-1.351097531041062,-2.33081461690388,0.320245643767831,0.3502904363061088,0.0,0.0,0.0,0.0,0.6705360800739397,8,ablang2+greedy_dual
6,148,XXXX,{'H': 'F99L:V100W:L103Y:P104Y:M107F'},H,XXXX,3,ARLWFFYYYAFDY,"F99L,V100W,L103Y,P104Y,M107F",10.232649,5.679545402526856,33.66424999999998,-0.0433333333333333,5A12_dual,ablang2,2.425974904125354,0.4676284390841365,-2.425974904125354,-0.4676284390841365,"SB0A,WB2L,GB3W,GB4F,DB5F,GB6Y,FB7Y,MB10F",greedy_dual,-2.425974904125354,-0.4676284390841365,-0.0268087504723634,0.7003175415258766,0.0,0.0,0.0,0.0,0.673508791053513,8,ablang2+greedy_dual
6,203,XXXX,{'H': 'A97V:F99Y:L103W:P104Y:M107F'},H,XXXX,5,VRYVFFWYYAFDY,"A97V,F99Y,L103W,P104Y,M107F",11.200278,5.679545402526856,26.689166666666644,-0.02,5A12_dual,ablang2,1.863150963315416,1.3828114704009589,-1.863150963315416,-1.3828114704009589,"SB0V,WB2Y,GB3V,GB4F,DB5F,GB6W,FB7Y,MB10F",greedy_dual,-1.863150963315416,-1.3828114704009589,0.1549147900289903,0.5283868611614846,0.0,0.0,0.0,0.0,0.6833016511904749,8,ablang2+greedy_dual
6,68,XXXX,{'H': 'F99D:V100L:P104Y'},H,XXXX,1,ARDLFFLYYAMDY,"F99D,V100L,P104Y",10.495853,5.149692344665527,26.917499999999983,-0.0299999999999999,5A12_dual,ablang2,0.90440534882259,3.0239032338896727,-0.90440534882259,-3.0239032338896727,"SB0A,WB2D,GB3L,GB4F,DB5F,GB6L,FB7Y",greedy_dual,-0.90440534882259,-3.0239032338896727,0.4644727794333848,0.2200834794532011,0.0,0.0,0.0,0.0,0.684556258886586,7,ablang2+greedy_dual
6,239,XXXX,{'H': 'F99Y:V100D:F101N:L103F:P104Y:Y105F'},H,XXXX,5,ARYDNFFYFAMDY,"F99Y,V100D,F101N,L103F,P104Y,Y105F",14.648666,5.149692344665527,26.72508333333332,-0.0991666666666666,5A12_dual,ablang2,1.7514302462437057,1.4971467141416208,-1.7514302462437057,-1.4971467141416208,"SB0A,WB2Y,GB3D,GB4N,DB5F,GB6F,FB7Y,YB8F",greedy_dual,-1.7514302462437057,-1.4971467141416208,0.1909869660355848,0.5069072930605816,0.0,0.0,0.0,0.0,0.6978942590961664,8,ablang2+greedy_dual
6,163,XXXX,{'H': 'V100L:F101Y:P104Y'},H,XXXX,4,ARFLYFLYYAMDY,"V100L,F101Y,P104Y",13.000265,5.679545402526856,26.917499999999983,-0.0116666666666666,5A12_dual,ablang2,1.2455550184166748,2.313946438304599,-1.2455550184166748,-2.313946438304599,"SB0A,WB2F,GB3L,GB4Y,DB5F,GB6L,FB7Y",greedy_dual,-1.2455550184166748,-2.313946438304599,0.3543230126869852,0.3534593733644255,0.0,0.0,0.0,0.0,0.7077823860514108,7,ablang2+greedy_dual
6,234,XXXX,{'H': 'F101I:L103W:P104Y:Y105F:D108Y'},H,XXXX,5,ARFVIFWYFAMYY,"F101I,L103W,P104Y,Y105F,D108Y",20.718239,6.840765953063964,26.917499999999983,0.0533333333333333,5A12_dual,ablang2,1.6032818908030997,1.64167,-1.6032818908030997,-1.64167,"SB0A,WB2F,GB3V,GB4I,DB5F,GB6W,FB7Y,YB8F,DB11Y",greedy_dual,-1.6032818908030997,-1.64167,0.2388208297326007,0.4797564543585398,0.0,0.0,0.0,0.0,0.7185772840911406,9,ablang2+greedy_dual
6,204,XXXX,{'H': 'F99Y:V100G:P104Y'},H,XXXX,5,ARYGFFLYYAMDY,"F99Y,V100G,P104Y",12.299794,5.679545402526856,25.58166666666665,-0.0466666666666667,5A12_dual,ablang2,0.5536787388731366,3.418973583605096,-0.5536787388731366,-3.418973583605096,"SB0A,WB2Y,GB4F,DB5F,GB6L,FB7Y",greedy_dual,-0.5536787388731366,-3.418973583605096,0.5777147307553792,0.1458636658268092,0.0,0.0,0.0,0.0,0.7235783965821884,6,ablang2+greedy_dual
6,237,XXXX,{'H': 'V100G:F101I:P104F:D108Q'},H,XXXX,5,ARFGIFLFYAMQY,"V100G,F101I,P104F,D108Q",17.712717,6.841902732849121,26.64174999999998,0.0358333333333333,5A12_dual,ablang2,1.09666,2.46585,-1.09666,-2.46585,"SB0A,WB2F,GB4I,DB5F,GB6L,DB11Q",greedy_dual,-1.09666,-2.46585,0.4023979575280925,0.3249220405923284,0.0,0.0,0.0,0.0,0.7273199981204209,6,ablang2+greedy_dual
6,123,XXXX,{'H': 'F99Y:V100G:F101Y'},H,XXXX,3,ARYGYFLPYAMDY,"F99Y,V100G,F101Y",11.617455,5.679545402526856,25.45083333333332,-0.0833333333333333,5A12_dual,ablang2,1.061375570367279,2.5078,-1.061375570367279,-2.5078,"SB0A,WB2Y,GB4Y,DB5F,GB6L,FB7P",greedy_dual,-1.061375570367279,-2.5078,0.4137905281216633,0.3170411120846085,0.0,0.0,0.0,0.0,0.7308316402062719,6,ablang2+greedy_dual
6,215,XXXX,{'H': 'F99Y:V100G:F101I:F102Y:L103F:P104W'},H,XXXX,5,ARYGIYFWYAMDY,"F99Y,V100G,F101I,F102Y,L103F,P104W",12.207249,5.679545402526856,23.84583333333332,-0.0716666666666667,5A12_dual,ablang2,0.955165752462226,2.636420604785598,-0.955165752462226,-2.636420604785598,"SB0A,WB2Y,GB4I,DB5Y,GB6F,FB7W",greedy_dual,-0.955165752462226,-2.636420604785598,0.4480833553207609,0.2928778274377673,0.0,0.0,0.0,0.0,0.7409611827585283,6,ablang2+greedy_dual
6,223,XXXX,{'H': 'F101I:F102W:L103Y:P104Y'},H,XXXX,5,ARFVIWYYYAMDY,"F101I,F102W,L103Y,P104Y",13.375568,5.679545402526856,27.945833333333315,-0.0333333333333333,5A12_dual,ablang2,2.082526829015777,0.6303048781954201,-2.082526829015777,-0.6303048781954201,"SB0A,WB2F,GB3V,GB4I,DB5W,GB6Y,FB7Y",greedy_dual,-2.082526829015777,-0.6303048781954201,0.0840831211446677,0.6697563642546853,0.0,0.0,0.0,0.0,0.7538394853993531,7,ablang2+greedy_dual
6,182,XXXX,{'H': 'F99Y:F101Y:M107F'},H,XXXX,4,ARYVYFLPYAFDY,"F99Y,F101Y,M107F",9.291445,5.679545402526856,27.265833333333312,-0.0375,5A12_dual,ablang2,0.6604641129422788,3.07133,-0.6604641129422788,-3.07133,"SB0A,WB2Y,GB3V,GB4Y,DB5F,GB6L,FB7P,MB10F",greedy_dual,-0.6604641129422788,-3.07133,0.5432360690593603,0.2111736593562323,0.0,0.0,0.0,0.0,0.7544097284155926,8,ablang2+greedy_dual
6,128,XXXX,{'H': 'V100F:F101Y:P104Y:M107Y'},H,XXXX,3,ARFFYFLYYAYDY,"V100F,F101Y,P104Y,M107Y",11.915803,5.679488563537597,31.60758333333332,-0.0466666666666666,5A12_dual,ablang2,1.5115212058103171,1.333739020862328,-1.5115212058103171,-1.333739020862328,"SB0A,WB2F,GB3F,GB4Y,DB5F,GB6L,FB7Y,MB10Y",greedy_dual,-1.5115212058103171,-1.333739020862328,0.2684483479432181,0.5376058472523699,0.0,0.0,0.0,0.0,0.8060541951955881,8,ablang2+greedy_dual
6,236,XXXX,{'H': 'F99Y:F101Y:P104Y:Y105F'},H,XXXX,5,ARYVYFLYFAMDY,"F99Y,F101Y,P104Y,Y105F",13.28941,5.679545402526856,22.65916666666665,-0.0083333333333333,5A12_dual,ablang2,0.8409219243096602,2.449149180100772,-0.8409219243096602,-2.449149180100772,"SB0A,WB2Y,GB3V,GB4Y,DB5F,GB6L,FB7Y,YB8F",greedy_dual,-0.8409219243096602,-2.449149180100772,0.4849701887103221,0.3280595368413421,0.0,0.0,-0.0,0.0,0.8130297255516643,8,ablang2+greedy_dual
6,202,XXXX,{'H': 'R98K:F99V:V100G:L103W:P104W:A106G'},H,XXXX,5,AKVGFFWWYGMDY,"R98K,F99V,V100G,L103W,P104W,A106G",11.984601,5.679545402526856,21.793333333333315,-0.05,5A12_dual,ablang2,-0.78079429920153,5.19949,0.78079429920153,-5.19949,"SB0A,RB1K,WB2V,GB4F,DB5F,GB6W,FB7W,AB9G",greedy_dual,0.78079429920153,-5.19949,1.00858688739027,-0.1886327009057256,0.0,0.0,-0.0,0.0,0.8199541864845445,8,ablang2+greedy_dual
6,217,XXXX,{'H': 'F99Y:V100W:F101I:L103W:P104W:M107L'},H,XXXX,5,ARYWIFWWYALDY,"F99Y,V100W,F101I,L103W,P104W,M107L",11.349195,5.679545402526856,24.39666666666665,-0.0566666666666666,5A12_dual,ablang2,0.6994647973540653,2.6142,-0.6994647973540653,-2.6142,"SB0A,WB2Y,GB3W,GB4I,DB5F,GB6W,FB7W,MB10L",greedy_dual,-0.6994647973540653,-2.6142,0.5306436010788997,0.2970522969899388,0.0,0.0,0.0,0.0,0.8276958980688386,8,ablang2+greedy_dual
6,218,XXXX,{'H': 'V100F:P104Y:M107F'},H,XXXX,5,ARFFFFLYYAFDY,"V100F,P104Y,M107F",11.273529,5.679545402526856,27.945833333333315,0.0216666666666666,5A12_dual,ablang2,0.3767641037346889,2.9294,-0.3767641037346889,-2.9294,"SB0A,WB2F,GB3F,GB4F,DB5F,GB6L,FB7Y,MB10F",greedy_dual,-0.3767641037346889,-2.9294,0.6348365969958215,0.237837310920015,0.0,0.0,0.0,0.0,0.8726739079158365,8,ablang2+greedy_dual
6,232,XXXX,{'H': 'R98K:F101I:L103W:P104F:Y105F'},H,XXXX,5,AKFVIFWFFAMDY,"R98K,F101I,L103W,P104F,Y105F",16.62554,5.679602241516113,23.91583333333332,0.0741666666666666,5A12_dual,ablang2,0.7398556306264497,2.2261,-0.7398556306264497,-2.2261,"SB0A,RB1K,WB2F,GB3V,GB4I,DB5F,GB6W,YB8F",greedy_dual,-0.7398556306264497,-2.2261,0.5176022844364433,0.3699626272365677,0.0,0.0,0.0,0.0,0.8875649116730111,8,ablang2+greedy_dual
7,210,XXXX,{'H': 'F99Y:V100T:L103F:P104Y:M107F'},H,XXXX,5,ARYTFFFYYAFDY,"F99Y,V100T,L103F,P104Y,M107F",10.849428,5.679545402526856,30.35508333333331,-0.05,5A12_dual,ablang2,2.412940824885495,5.70205,-2.412940824885495,-5.70205,"SB0A,WB2Y,GB3T,GB4F,DB5F,GB6F,FB7Y,MB10F",greedy_dual,-2.412940824885495,-5.70205,-0.0226003313649,-0.2830460365634062,0.0,0.0,0.0,0.0,-0.3056463679283062,8,ablang2+greedy_dual
7,207,XXXX,{'H': 'R98T:F99Y:L103W:P104W:M107F'},H,XXXX,5,ATYVFFWWYAFDY,"R98T,F99Y,L103W,P104W,M107F",12.403041,5.119454002380371,26.917499999999983,-0.005,5A12_dual,ablang2,1.1594787556376849,5.55312,-1.1594787556376849,-5.55312,"SB0A,RB1T,WB2Y,GB3V,GB4F,DB5F,GB6W,FB7W,MB10F",greedy_dual,-1.1594787556376849,-5.55312,0.3821151552934511,-0.2550673313749742,0.0,0.0,0.0,0.0,0.1270478239184769,9,ablang2+greedy_dual
7,142,XXXX,{'H': 'F99V:V100G:P104F:M107F'},H,XXXX,3,ARVGFFLFYAFDY,"F99V,V100G,P104F,M107F",9.6599865,5.679602241516113,28.926749999999984,0.0408333333333333,5A12_dual,ablang2,1.3188051755339123,4.99202,-1.3188051755339123,-4.99202,"SB0A,WB2V,GB4F,DB5F,GB6L,MB10F",greedy_dual,-1.3188051755339123,-4.99202,0.3306721390683735,-0.1496563901191548,0.0,0.0,0.0,0.0,0.1810157489492186,6,ablang2+greedy_dual
7,227,XXXX,{'H': 'R98S:F99Y:V100G:F101I:L103Y:P104Y:M107F:D108L'},H,XXXX,5,ASYGIFYYYAFLY,"R98S,F99Y,V100G,F101I,L103Y,P104Y,M107F,D108L",14.02801,5.661186408996582,29.24758333333332,0.0241666666666666,5A12_dual,ablang2,1.83968,4.05707,-1.83968,-4.05707,"SB0A,RB1S,WB2Y,GB4I,DB5F,GB6Y,FB7Y,MB10F,DB11L",greedy_dual,-1.83968,-4.05707,0.1624930507307594,0.0259878079331144,0.0,0.0,0.0,0.0,0.1884808586638739,9,ablang2+greedy_dual
7,233,XXXX,{'H': 'L103R:P104Y:M107F'},H,XXXX,5,ARFVFFRYYAFDY,"L103R,P104Y,M107F",10.928453,6.843437385559082,27.31749999999998,-0.0358333333333333,5A12_dual,ablang2,1.8540166477755493,3.82762,-1.8540166477755493,-3.82762,"SB0A,WB2F,GB3V,GB4F,DB5F,GB6R,FB7Y,MB10F",greedy_dual,-1.8540166477755493,-3.82762,0.1578640607326714,0.0690933871010841,0.0,0.0,0.0,0.0,0.2269574478337556,8,ablang2+greedy_dual
7,212,XXXX,{'H': 'R98K:F99Y:L103F:P104Y'},H,XXXX,5,AKYVFFFYYAMDY,"R98K,F99Y,L103F,P104Y",14.022125,5.679488563537597,29.634249999999984,-0.0116666666666666,5A12_dual,ablang2,1.5581177418086374,4.18661,-1.5581177418086374,-4.18661,"SB0A,RB1K,WB2Y,GB3V,GB4F,DB5F,GB6F,FB7Y",greedy_dual,-1.5581177418086374,-4.18661,0.2534033456205948,0.0016518012849611,0.0,0.0,0.0,0.0,0.255055146905556,8,ablang2+greedy_dual
7,194,XXXX,{'H': 'F99Y:P104W'},H,XXXX,4,ARYVFFLWYAMDY,"F99Y,P104W",13.715109,5.679545402526856,27.234166666666653,-0.005,5A12_dual,ablang2,1.066386053525842,4.7825,-1.066386053525842,-4.7825,"SB0A,WB2Y,GB3V,GB4F,DB5F,GB6L,FB7W",greedy_dual,-1.066386053525842,-4.7825,0.4121727526981691,-0.1102949564853653,0.0,0.0,0.0,0.0,0.3018777962128038,7,ablang2+greedy_dual
7,249,XXXX,{'H': 'F99Y:F101N:L103Y:P104Y:M107F:D108Q'},H,XXXX,6,ARYVNFYYYAFQY,"F99Y,F101N,L103Y,P104Y,M107F,D108Q",11.594961,6.838435554504395,28.153416666666647,-0.0958333333333333,5A12_dual,ablang2,2.24432,2.7454056544456966,-2.24432,-2.7454056544456966,"SB0A,WB2Y,GB3V,GB4N,DB5F,GB6Y,FB7Y,MB10F,DB11Q",greedy_dual,-2.24432,-2.7454056544456966,0.0318436449456219,0.2724033724966103,0.0,0.0,0.0,0.0,0.3042470174422322,9,ablang2+greedy_dual
7,243,XXXX,{'H': 'F99Y:V100I:P104Y:M107F'},H,XXXX,6,ARYIFFLYYAFDY,"F99Y,V100I,P104Y,M107F",10.002192,5.679545402526856,27.31749999999998,0.0016666666666666,5A12_dual,ablang2,1.5169200053378828,3.66648,-1.5169200053378828,-3.66648,"SB0A,WB2Y,GB3I,GB4F,DB5F,GB6L,FB7Y,MB10F",greedy_dual,-1.5169200053378828,-3.66648,0.2667051936573602,0.0993659215405116,0.0,0.0,0.0,0.0,0.3660711151978718,8,ablang2+greedy_dual
7,190,XXXX,{'H': 'R98G:F99Y:V100G:F101Y:F102Y:P104Y:M107F:D108P:Y109P'},H,XXXX,4,AGYGYYLYYAFPP,"R98G,F99Y,V100G,F101Y,F102Y,P104Y,M107F,D108P,Y109P",13.822385,5.661186408996582,29.657499999999978,-0.06,5A12_dual,ablang2,1.4196467327423383,3.62889,-1.4196467327423383,-3.62889,"SB0A,RB1G,WB2Y,GB4Y,DB5Y,GB6L,FB7Y,MB10F,DB11P,YB12P",greedy_dual,-1.4196467327423383,-3.62889,0.2981126058345636,0.1064277595048784,0.0,0.0,0.0,0.0,0.4045403653394421,10,ablang2+greedy_dual
7,165,XXXX,{'H': 'F99Y:V100F:F101S:L103F:P104Y:M107F'},H,XXXX,4,ARYFSFFYYAFDY,"F99Y,V100F,F101S,L103F,P104Y,M107F",9.498432,5.679545402526856,30.03424999999998,-0.0508333333333333,5A12_dual,ablang2,2.2203510264560045,2.2483965500217886,-2.2203510264560045,-2.2483965500217886,"SB0A,WB2Y,GB3F,GB4S,DB5F,GB6F,FB7Y,MB10F",greedy_dual,-2.2203510264560045,-2.2483965500217886,0.0395827022578073,0.3657738902475209,0.0,0.0,0.0,0.0,0.4053565925053283,8,ablang2+greedy_dual
7,240,XXXX,{'H': 'F99Y:V100W:L103W:P104W:M107F'},H,XXXX,6,ARYWFFWWYAFDY,"F99Y,V100W,L103W,P104W,M107F",11.162184,5.679545402526856,25.424999999999983,-0.0791666666666666,5A12_dual,ablang2,1.8411239326278048,2.8262,-1.8411239326278048,-2.8262,"SB0A,WB2Y,GB3W,GB4F,DB5F,GB6W,FB7W,MB10F",greedy_dual,-1.8411239326278048,-2.8262,0.1620268364666816,0.2572249586434164,0.0,0.0,0.0,0.0,0.419251795110098,8,ablang2+greedy_dual
7,161,XXXX,{'H': 'V100R:F101Y:P104Y:M107F'},H,XXXX,4,ARFRYFLYYAFDY,"V100R,F101Y,P104Y,M107F",9.868735,6.842300605773925,27.31749999999998,-0.0733333333333333,5A12_dual,ablang2,1.7737572072105317,2.9363270288436523,-1.7737572072105317,-2.9363270288436523,"SB0A,WB2F,GB3R,GB4Y,DB5F,GB6L,FB7Y,MB10F",greedy_dual,-1.7737572072105317,-2.9363270288436523,0.1837780786707574,0.2365359660073156,0.0,0.0,0.0,0.0,0.4203140446780731,8,ablang2+greedy_dual
7,102,XXXX,{'H': 'F101D:P104Y:M107F'},H,XXXX,2,ARFVDFLYYAFDY,"F101D,P104Y,M107F",10.191484,5.149692344665527,26.064999999999984,-0.0191666666666666,5A12_dual,ablang2,1.754295580172315,2.8447944699619607,-1.754295580172315,-2.8447944699619607,"SB0A,WB2F,GB3V,GB4D,DB5F,GB6L,FB7Y,MB10F",greedy_dual,-1.754295580172315,-2.8447944699619607,0.1900618123801163,0.2537317121974294,0.0,0.0,0.0,0.0,0.4437935245775457,8,ablang2+greedy_dual
7,271,XXXX,{'H': 'V100W:F101S:P104W:M107F:D108Q'},H,XXXX,6,ARFWSFLWYAFQY,"V100W,F101S,P104W,M107F,D108Q",13.19484,6.841902732849121,27.234166666666653,-0.0358333333333333,5A12_dual,ablang2,2.32083,1.848,-2.32083,-1.848,"SB0A,WB2F,GB3W,GB4S,DB5F,GB6L,FB7W,MB10F,DB11Q",greedy_dual,-2.32083,-1.848,0.007140239358876,0.4409943094479834,0.0,0.0,0.0,0.0,0.4481345488068595,9,ablang2+greedy_dual
7,189,XXXX,{'H': 'F99Y:F101R:P104Y:D108P'},H,XXXX,4,ARYVRFLYYAMPY,"F99Y,F101R,P104Y,D108P",15.945611,8.019174003601073,29.95083333333332,-0.0533333333333333,5A12_dual,ablang2,2.2538024097645,1.6858852239474371,-2.2538024097645,-1.6858852239474371,"SB0A,WB2Y,GB3V,GB4R,DB5F,GB6L,FB7Y,DB11P",greedy_dual,-2.2538024097645,-1.6858852239474371,0.0287819822302624,0.4714499699990028,0.0,-0.0,0.0,0.0,0.5002319522292652,8,ablang2+greedy_dual
7,277,XXXX,{'H': 'A97T:F99Y:P104L:M107F'},H,XXXX,6,TRYVFFLLYAFDY,"A97T,F99Y,P104L,M107F",11.528278,5.679545402526856,29.00583333333332,0.0208333333333333,5A12_dual,ablang2,1.7057588077034298,2.39041,-1.7057588077034298,-2.39041,"SB0T,WB2Y,GB3V,GB4F,DB5F,GB6L,FB7L,MB10F",greedy_dual,-1.7057588077034298,-2.39041,0.2057332746225744,0.3390945613699777,0.0,0.0,0.0,0.0,0.5448278359925522,8,ablang2+greedy_dual
7,213,XXXX,{'H': 'R98K:F99Y:V100T:P104Y'},H,XXXX,5,AKYTFFLYYAMDY,"R98K,F99Y,V100T,P104Y",13.042465,5.679488563537597,27.23833333333332,-0.0441666666666667,5A12_dual,ablang2,0.8570924349970563,3.77562,-0.8570924349970563,-3.77562,"SB0A,RB1K,WB2Y,GB3T,GB4F,DB5F,GB6L,FB7Y",greedy_dual,-0.8570924349970563,-3.77562,0.4797490844879256,0.0788623568841934,0.0,0.0,0.0,0.0,0.558611441372119,8,ablang2+greedy_dual
7,185,XXXX,{'H': 'R98T:F99Y:V100R:L103Y:P104Y:Y109P'},H,XXXX,4,ATYRFFYYYAMDP,"R98T,F99Y,V100R,L103Y,P104Y,Y109P",16.123322,5.679545402526856,29.87758333333332,-0.0941666666666666,5A12_dual,ablang2,0.9034711971940808,3.67191,-0.9034711971940808,-3.67191,"SB0A,RB1T,WB2Y,GB3R,GB4F,DB5F,GB6Y,FB7Y,YB12P",greedy_dual,-0.9034711971940808,-3.67191,0.4647743965626305,0.0983458156573907,0.0,0.0,0.0,0.0,0.5631202122200212,9,ablang2+greedy_dual
7,132,XXXX,{'H': 'V100G:F102Y:P104W:M107F'},H,XXXX,3,ARFGFYLWYAFDY,"V100G,F102Y,P104W,M107F",9.979913,5.679545402526856,31.60758333333332,-0.0358333333333333,5A12_dual,ablang2,0.1911452153089863,4.72119,-0.1911452153089863,-4.72119,"SB0A,WB2F,GB4F,DB5Y,GB6L,FB7W,MB10F",greedy_dual,-0.1911452153089863,-4.72119,0.6947688762448225,-0.0987769653814725,0.0,0.0,0.0,0.0,0.59599191086335,7,ablang2+greedy_dual
7,228,XXXX,{'H': 'R98K:F101I:L103F:P104F'},H,XXXX,5,AKFVIFFFYAMDY,"R98K,F101I,L103F,P104F",16.23821,5.679545402526856,28.60591666666665,0.0708333333333333,5A12_dual,ablang2,1.4012249566529182,2.63451,-1.4012249566529182,-2.63451,"SB0A,RB1K,WB2F,GB3V,GB4I,DB5F,GB6F",greedy_dual,-1.4012249566529182,-2.63451,0.304060594415993,0.2932367628304205,0.0,0.0,0.0,0.0,0.5972973572464135,7,ablang2+greedy_dual
7,98,XXXX,{'H': 'V100R:F101S:P104W:M107F'},H,XXXX,2,ARFRSFLWYAFDY,"V100R,F101S,P104W,M107F",9.649934,6.844631004333496,32.55249999999998,-0.0658333333333333,5A12_dual,ablang2,1.4904142376553695,2.3656545832128035,-1.4904142376553695,-2.3656545832128035,"SB0A,WB2F,GB3R,GB4S,DB5F,GB6L,FB7W,MB10F",greedy_dual,-1.4904142376553695,-2.3656545832128035,0.2752633263125581,0.343745232880793,0.0,0.0,0.0,0.0,0.6190085591933512,8,ablang2+greedy_dual
7,276,XXXX,{'H': 'F99Y:V100S:L103Y:P104I'},H,XXXX,6,ARYSFFYIYAMDY,"F99Y,V100S,L103Y,P104I",13.631969,5.679545402526856,27.97758333333332,-0.0441666666666667,5A12_dual,ablang2,1.1470580382835562,2.877407632165576,-1.1470580382835562,-2.877407632165576,"SB0A,WB2Y,GB3S,GB4F,DB5F,GB6Y,FB7I",greedy_dual,-1.1470580382835562,-2.877407632165576,0.3861255332633553,0.2476048468878378,0.0,0.0,0.0,0.0,0.6337303801511932,7,ablang2+greedy_dual
7,225,XXXX,{'H': 'R98P:F99Y:V100W:F101V:L103W:P104Y:M107F'},H,XXXX,5,APYWVFWYYAFDY,"R98P,F99Y,V100W,F101V,L103W,P104Y,M107F",12.925508,5.119454002380371,27.979166666666647,-0.0466666666666667,5A12_dual,ablang2,1.152597486347509,2.80507,-1.152597486347509,-2.80507,"SB0A,RB1P,WB2Y,GB3W,GB4V,DB5F,GB6W,FB7Y,MB10F",greedy_dual,-1.152597486347509,-2.80507,0.3843369666413381,0.2611945419418222,0.0,0.0,0.0,0.0,0.6455315085831603,9,ablang2+greedy_dual
7,211,XXXX,{'H': 'F101I:F102Y:L103W:P104Y:M107F'},H,XXXX,5,ARFVIYWYYAFDY,"F101I,F102Y,L103W,P104Y,M107F",9.856842,5.679545402526856,27.08166666666665,-0.0258333333333333,5A12_dual,ablang2,1.7640922953079197,1.7310742853949184,-1.7640922953079197,-1.7310742853949184,"SB0A,WB2F,GB3V,GB4I,DB5Y,GB6W,FB7Y,MB10F",greedy_dual,-1.7640922953079197,-1.7310742853949184,0.1868986673348587,0.4629605358488584,0.0,0.0,0.0,0.0,0.6498592031837171,8,ablang2+greedy_dual
7,206,XXXX,{'H': 'F99Y:L103W:P104Y'},H,XXXX,5,ARYVFFWYYAMDY,"F99Y,L103W,P104Y",13.479899,5.679545402526856,26.28916666666665,-0.0475,5A12_dual,ablang2,1.2106962010102542,2.644842878705777,-1.2106962010102542,-2.644842878705777,"SB0A,WB2Y,GB3V,GB4F,DB5F,GB6W,FB7Y",greedy_dual,-1.2106962010102542,-2.644842878705777,0.3655781624015993,0.29129557860255,0.0,0.0,0.0,0.0,0.6568737410041493,7,ablang2+greedy_dual
7,224,XXXX,{'H': 'A97V:F99Y:V100F:L103Y:P104Y'},H,XXXX,5,VRYFFFYYYAMDY,"A97V,F99Y,V100F,L103Y,P104Y",14.902242,5.679488563537597,29.405916666666645,-0.0425,5A12_dual,ablang2,0.8705751049193227,3.15803,-0.8705751049193227,-3.15803,"SB0V,WB2Y,GB3F,GB4F,DB5F,GB6Y,FB7Y",greedy_dual,-0.8705751049193227,-3.15803,0.4753958252606094,0.1948857808909328,0.0,0.0,0.0,0.0,0.6702816061515422,7,ablang2+greedy_dual
7,96,XXXX,{'H': 'A97V:V100A:F101Y:P104Y:M107F'},H,XXXX,2,VRFAYFLYYAFDY,"A97V,V100A,F101Y,P104Y,M107F",11.362003,5.679545402526856,27.31749999999998,-0.0008333333333333,5A12_dual,ablang2,1.351097531041062,2.33081461690388,-1.351097531041062,-2.33081461690388,"SB0V,WB2F,GB3A,GB4Y,DB5F,GB6L,FB7Y,MB10F",greedy_dual,-1.351097531041062,-2.33081461690388,0.320245643767831,0.3502904363061088,0.0,0.0,0.0,0.0,0.6705360800739397,8,ablang2+greedy_dual
7,148,XXXX,{'H': 'F99L:V100W:L103Y:P104Y:M107F'},H,XXXX,3,ARLWFFYYYAFDY,"F99L,V100W,L103Y,P104Y,M107F",10.232649,5.679545402526856,33.66424999999998,-0.0433333333333333,5A12_dual,ablang2,2.425974904125354,0.4676284390841365,-2.425974904125354,-0.4676284390841365,"SB0A,WB2L,GB3W,GB4F,DB5F,GB6Y,FB7Y,MB10F",greedy_dual,-2.425974904125354,-0.4676284390841365,-0.0268087504723634,0.7003175415258766,0.0,0.0,0.0,0.0,0.673508791053513,8,ablang2+greedy_dual
7,203,XXXX,{'H': 'A97V:F99Y:L103W:P104Y:M107F'},H,XXXX,5,VRYVFFWYYAFDY,"A97V,F99Y,L103W,P104Y,M107F",11.200278,5.679545402526856,26.689166666666644,-0.02,5A12_dual,ablang2,1.863150963315416,1.3828114704009589,-1.863150963315416,-1.3828114704009589,"SB0V,WB2Y,GB3V,GB4F,DB5F,GB6W,FB7Y,MB10F",greedy_dual,-1.863150963315416,-1.3828114704009589,0.1549147900289903,0.5283868611614846,0.0,0.0,0.0,0.0,0.6833016511904749,8,ablang2+greedy_dual
7,68,XXXX,{'H': 'F99D:V100L:P104Y'},H,XXXX,1,ARDLFFLYYAMDY,"F99D,V100L,P104Y",10.495853,5.149692344665527,26.917499999999983,-0.0299999999999999,5A12_dual,ablang2,0.90440534882259,3.0239032338896727,-0.90440534882259,-3.0239032338896727,"SB0A,WB2D,GB3L,GB4F,DB5F,GB6L,FB7Y",greedy_dual,-0.90440534882259,-3.0239032338896727,0.4644727794333848,0.2200834794532011,0.0,0.0,0.0,0.0,0.684556258886586,7,ablang2+greedy_dual
7,239,XXXX,{'H': 'F99Y:V100D:F101N:L103F:P104Y:Y105F'},H,XXXX,5,ARYDNFFYFAMDY,"F99Y,V100D,F101N,L103F,P104Y,Y105F",14.648666,5.149692344665527,26.72508333333332,-0.0991666666666666,5A12_dual,ablang2,1.7514302462437057,1.4971467141416208,-1.7514302462437057,-1.4971467141416208,"SB0A,WB2Y,GB3D,GB4N,DB5F,GB6F,FB7Y,YB8F",greedy_dual,-1.7514302462437057,-1.4971467141416208,0.1909869660355848,0.5069072930605816,0.0,0.0,0.0,0.0,0.6978942590961664,8,ablang2+greedy_dual
7,163,XXXX,{'H': 'V100L:F101Y:P104Y'},H,XXXX,4,ARFLYFLYYAMDY,"V100L,F101Y,P104Y",13.000265,5.679545402526856,26.917499999999983,-0.0116666666666666,5A12_dual,ablang2,1.2455550184166748,2.313946438304599,-1.2455550184166748,-2.313946438304599,"SB0A,WB2F,GB3L,GB4Y,DB5F,GB6L,FB7Y",greedy_dual,-1.2455550184166748,-2.313946438304599,0.3543230126869852,0.3534593733644255,0.0,0.0,0.0,0.0,0.7077823860514108,7,ablang2+greedy_dual
7,234,XXXX,{'H': 'F101I:L103W:P104Y:Y105F:D108Y'},H,XXXX,5,ARFVIFWYFAMYY,"F101I,L103W,P104Y,Y105F,D108Y",20.718239,6.840765953063964,26.917499999999983,0.0533333333333333,5A12_dual,ablang2,1.6032818908030997,1.64167,-1.6032818908030997,-1.64167,"SB0A,WB2F,GB3V,GB4I,DB5F,GB6W,FB7Y,YB8F,DB11Y",greedy_dual,-1.6032818908030997,-1.64167,0.2388208297326007,0.4797564543585398,0.0,0.0,0.0,0.0,0.7185772840911406,9,ablang2+greedy_dual
7,204,XXXX,{'H': 'F99Y:V100G:P104Y'},H,XXXX,5,ARYGFFLYYAMDY,"F99Y,V100G,P104Y",12.299794,5.679545402526856,25.58166666666665,-0.0466666666666667,5A12_dual,ablang2,0.5536787388731366,3.418973583605096,-0.5536787388731366,-3.418973583605096,"SB0A,WB2Y,GB4F,DB5F,GB6L,FB7Y",greedy_dual,-0.5536787388731366,-3.418973583605096,0.5777147307553792,0.1458636658268092,0.0,0.0,0.0,0.0,0.7235783965821884,6,ablang2+greedy_dual
7,237,XXXX,{'H': 'V100G:F101I:P104F:D108Q'},H,XXXX,5,ARFGIFLFYAMQY,"V100G,F101I,P104F,D108Q",17.712717,6.841902732849121,26.64174999999998,0.0358333333333333,5A12_dual,ablang2,1.09666,2.46585,-1.09666,-2.46585,"SB0A,WB2F,GB4I,DB5F,GB6L,DB11Q",greedy_dual,-1.09666,-2.46585,0.4023979575280925,0.3249220405923284,0.0,0.0,0.0,0.0,0.7273199981204209,6,ablang2+greedy_dual
7,123,XXXX,{'H': 'F99Y:V100G:F101Y'},H,XXXX,3,ARYGYFLPYAMDY,"F99Y,V100G,F101Y",11.617455,5.679545402526856,25.45083333333332,-0.0833333333333333,5A12_dual,ablang2,1.061375570367279,2.5078,-1.061375570367279,-2.5078,"SB0A,WB2Y,GB4Y,DB5F,GB6L,FB7P",greedy_dual,-1.061375570367279,-2.5078,0.4137905281216633,0.3170411120846085,0.0,0.0,0.0,0.0,0.7308316402062719,6,ablang2+greedy_dual
7,245,XXXX,{'H': 'F99Y:F101I:P104Y:M107F'},H,XXXX,6,ARYVIFLYYAFDY,"F99Y,F101I,P104Y,M107F",9.1859045,5.679545402526856,27.31749999999998,0.0133333333333333,5A12_dual,ablang2,1.2090643036009974,2.246620589304815,-1.2090643036009974,-2.246620589304815,"SB0A,WB2Y,GB3V,GB4I,DB5F,GB6L,FB7Y,MB10F",greedy_dual,-1.2090643036009974,-2.246620589304815,0.3661050663824754,0.3661075307586768,0.0,0.0,0.0,0.0,0.7322125971411522,8,ablang2+greedy_dual
7,252,XXXX,{'H': 'F99W:V100I:F101S:L103Y:P104L:M107F'},H,XXXX,6,ARWISFYLYAFDY,"F99W,V100I,F101S,L103Y,P104L,M107F",9.0708065,5.679545402526856,34.40758333333332,-0.025,5A12_dual,ablang2,3.49334,-1.6957993135450766,-3.49334,1.6957993135450766,"SB0A,GB3I,GB4S,DB5F,GB6Y,FB7L,MB10F",greedy_dual,-3.49334,1.6957993135450766,-0.371437594708768,1.1067494712061603,0.0,0.0,0.0,0.0,0.7353118764973925,7,ablang2+greedy_dual
7,244,XXXX,{'H': 'F99Y:V100W:F101Y:P104Y'},H,XXXX,6,ARYWYFLYYAMDY,"F99Y,V100W,F101Y,P104Y",13.05335,5.679488563537597,25.424999999999983,-0.0849999999999999,5A12_dual,ablang2,0.7911695484363448,2.9291386699586424,-0.7911695484363448,-2.9291386699586424,"SB0A,WB2Y,GB3W,GB4Y,DB5F,GB6L,FB7Y",greedy_dual,-0.7911695484363448,-2.9291386699586424,0.5010341427046071,0.2378864056368888,0.0,0.0,0.0,0.0,0.738920548341496,7,ablang2+greedy_dual
8,210,XXXX,{'H': 'F99Y:V100T:L103F:P104Y:M107F'},H,XXXX,5,ARYTFFFYYAFDY,"F99Y,V100T,L103F,P104Y,M107F",10.849428,5.679545402526856,30.35508333333331,-0.05,5A12_dual,ablang2,2.412940824885495,5.70205,-2.412940824885495,-5.70205,"SB0A,WB2Y,GB3T,GB4F,DB5F,GB6F,FB7Y,MB10F",greedy_dual,-2.412940824885495,-5.70205,-0.0226003313649,-0.2830460365634062,0.0,0.0,0.0,0.0,-0.3056463679283062,8,ablang2+greedy_dual
8,285,XXXX,{'H': 'F99W:F101W:L103Y:P104F:A106V:M107F:D108W'},H,XXXX,7,ARWVWFYFYVFWY,"F99W,F101W,L103Y,P104F,A106V,M107F,D108W",16.738255,6.840765953063964,33.41516666666665,0.0049999999999999,5A12_dual,ablang2,3.07776,3.4199,-3.07776,-3.4199,"SB0A,GB3V,GB4W,DB5F,GB6Y,AB9V,MB10F,DB11W",greedy_dual,-3.07776,-3.4199,-0.2372559022013851,0.1456896247928016,0.0,0.0,0.0,0.0,-0.0915662774085835,8,ablang2+greedy_dual
8,280,XXXX,{'H': 'V100G:F101Y:L103Y:P104W:M107F:D108W'},H,XXXX,7,ARFGYFYWYAFWY,"V100G,F101Y,L103Y,P104W,M107F,D108W",13.816694,6.839629173278809,27.034249999999982,-0.0566666666666667,5A12_dual,ablang2,0.7779212796150405,6.44724,-0.7779212796150405,-6.44724,"SB0A,WB2F,GB4Y,DB5F,GB6Y,FB7W,MB10F,DB11W",greedy_dual,-0.7779212796150405,-6.44724,0.5053117189432023,-0.4230410094994676,0.0,0.0,0.0,0.0,0.0822707094437346,8,ablang2+greedy_dual
8,207,XXXX,{'H': 'R98T:F99Y:L103W:P104W:M107F'},H,XXXX,5,ATYVFFWWYAFDY,"R98T,F99Y,L103W,P104W,M107F",12.403041,5.119454002380371,26.917499999999983,-0.005,5A12_dual,ablang2,1.1594787556376849,5.55312,-1.1594787556376849,-5.55312,"SB0A,RB1T,WB2Y,GB3V,GB4F,DB5F,GB6W,FB7W,MB10F",greedy_dual,-1.1594787556376849,-5.55312,0.3821151552934511,-0.2550673313749742,0.0,0.0,0.0,0.0,0.1270478239184769,9,ablang2+greedy_dual
8,301,XXXX,{'H': 'F99W:F101Y:F102Y:L103Y:D108W'},H,XXXX,7,ARWVYYYPYAMWY,"F99W,F101Y,F102Y,L103Y,D108W",17.10504,6.838435554504395,32.41166666666665,-0.0966666666666666,5A12_dual,ablang2,1.0891121081454784,5.42909,-1.0891121081454784,-5.42909,"SB0A,GB3V,GB4Y,DB5Y,GB6Y,FB7P,DB11W",greedy_dual,-1.0891121081454784,-5.42909,0.4048350067217553,-0.2317664597942235,0.0,0.0,0.0,0.0,0.1730685469275318,7,ablang2+greedy_dual
8,142,XXXX,{'H': 'F99V:V100G:P104F:M107F'},H,XXXX,3,ARVGFFLFYAFDY,"F99V,V100G,P104F,M107F",9.6599865,5.679602241516113,28.926749999999984,0.0408333333333333,5A12_dual,ablang2,1.3188051755339123,4.99202,-1.3188051755339123,-4.99202,"SB0A,WB2V,GB4F,DB5F,GB6L,MB10F",greedy_dual,-1.3188051755339123,-4.99202,0.3306721390683735,-0.1496563901191548,0.0,0.0,0.0,0.0,0.1810157489492186,6,ablang2+greedy_dual
8,227,XXXX,{'H': 'R98S:F99Y:V100G:F101I:L103Y:P104Y:M107F:D108L'},H,XXXX,5,ASYGIFYYYAFLY,"R98S,F99Y,V100G,F101I,L103Y,P104Y,M107F,D108L",14.02801,5.661186408996582,29.24758333333332,0.0241666666666666,5A12_dual,ablang2,1.83968,4.05707,-1.83968,-4.05707,"SB0A,RB1S,WB2Y,GB4I,DB5F,GB6Y,FB7Y,MB10F,DB11L",greedy_dual,-1.83968,-4.05707,0.1624930507307594,0.0259878079331144,0.0,0.0,0.0,0.0,0.1884808586638739,9,ablang2+greedy_dual
8,290,XXXX,{'H': 'F99W:L103R:P104Y:M107F'},H,XXXX,7,ARWVFFRYYAFDY,"F99W,L103R,P104Y,M107F",9.9792795,6.843437385559082,31.383333333333315,-0.0666666666666666,5A12_dual,ablang2,2.73515,2.4721,-2.73515,-2.4721,"SB0A,GB3V,GB4F,DB5F,GB6R,FB7Y,MB10F",greedy_dual,-2.73515,-2.4721,-0.126634626707005,0.3237478855703201,0.0,0.0,0.0,0.0,0.197113258863315,7,ablang2+greedy_dual
8,212,XXXX,{'H': 'R98K:F99Y:L103F:P104Y'},H,XXXX,5,AKYVFFFYYAMDY,"R98K,F99Y,L103F,P104Y",14.022125,5.679488563537597,29.634249999999984,-0.0116666666666666,5A12_dual,ablang2,1.5581177418086374,4.18661,-1.5581177418086374,-4.18661,"SB0A,RB1K,WB2Y,GB3V,GB4F,DB5F,GB6F,FB7Y",greedy_dual,-1.5581177418086374,-4.18661,0.2534033456205948,0.0016518012849611,0.0,0.0,0.0,0.0,0.255055146905556,8,ablang2+greedy_dual
8,286,XXXX,{'H': 'V100F:F101G:F102Y:L103Y:P104Y:D108L'},H,XXXX,7,ARFFGYYYYAMLY,"V100F,F101G,F102Y,L103Y,P104Y,D108L",16.704662,6.838435554504395,28.266666666666644,-0.0283333333333333,5A12_dual,ablang2,2.7825,2.0564347102346514,-2.7825,-2.0564347102346514,"SB0A,WB2F,GB3F,DB5Y,GB6Y,FB7Y,DB11L",greedy_dual,-2.7825,-2.0564347102346514,-0.1419229060761388,0.4018367635627248,0.0,0.0,0.0,0.0,0.259913857486586,7,ablang2+greedy_dual
8,282,XXXX,{'H': 'A97S:R98T:V100G:F101Y:L103Y:P104Y:Y105F:D108W'},H,XXXX,7,STFGYFYYFAMWY,"A97S,R98T,V100G,F101Y,L103Y,P104Y,Y105F,D108W",28.663107,5.66124324798584,27.98174999999998,-0.0233333333333333,5A12_dual,ablang2,1.082596414622722,4.8401,-1.082596414622722,-4.8401,"RB1T,WB2F,GB4Y,DB5F,GB6Y,FB7Y,YB8F,DB11W",greedy_dual,-1.082596414622722,-4.8401,0.4069387816501514,-0.121115969168194,0.0,0.0,0.0,0.0,0.2858228124819574,8,ablang2+greedy_dual
8,194,XXXX,{'H': 'F99Y:P104W'},H,XXXX,4,ARYVFFLWYAMDY,"F99Y,P104W",13.715109,5.679545402526856,27.234166666666653,-0.005,5A12_dual,ablang2,1.066386053525842,4.7825,-1.066386053525842,-4.7825,"SB0A,WB2Y,GB3V,GB4F,DB5F,GB6L,FB7W",greedy_dual,-1.066386053525842,-4.7825,0.4121727526981691,-0.1102949564853653,0.0,0.0,0.0,0.0,0.3018777962128038,7,ablang2+greedy_dual
8,249,XXXX,{'H': 'F99Y:F101N:L103Y:P104Y:M107F:D108Q'},H,XXXX,6,ARYVNFYYYAFQY,"F99Y,F101N,L103Y,P104Y,M107F,D108Q",11.594961,6.838435554504395,28.153416666666647,-0.0958333333333333,5A12_dual,ablang2,2.24432,2.7454056544456966,-2.24432,-2.7454056544456966,"SB0A,WB2Y,GB3V,GB4N,DB5F,GB6Y,FB7Y,MB10F,DB11Q",greedy_dual,-2.24432,-2.7454056544456966,0.0318436449456219,0.2724033724966103,0.0,0.0,0.0,0.0,0.3042470174422322,9,ablang2+greedy_dual
8,243,XXXX,{'H': 'F99Y:V100I:P104Y:M107F'},H,XXXX,6,ARYIFFLYYAFDY,"F99Y,V100I,P104Y,M107F",10.002192,5.679545402526856,27.31749999999998,0.0016666666666666,5A12_dual,ablang2,1.5169200053378828,3.66648,-1.5169200053378828,-3.66648,"SB0A,WB2Y,GB3I,GB4F,DB5F,GB6L,FB7Y,MB10F",greedy_dual,-1.5169200053378828,-3.66648,0.2667051936573602,0.0993659215405116,0.0,0.0,0.0,0.0,0.3660711151978718,8,ablang2+greedy_dual
8,190,XXXX,{'H': 'R98G:F99Y:V100G:F101Y:F102Y:P104Y:M107F:D108P:Y109P'},H,XXXX,4,AGYGYYLYYAFPP,"R98G,F99Y,V100G,F101Y,F102Y,P104Y,M107F,D108P,Y109P",13.822385,5.661186408996582,29.657499999999978,-0.06,5A12_dual,ablang2,1.4196467327423383,3.62889,-1.4196467327423383,-3.62889,"SB0A,RB1G,WB2Y,GB4Y,DB5Y,GB6L,FB7Y,MB10F,DB11P,YB12P",greedy_dual,-1.4196467327423383,-3.62889,0.2981126058345636,0.1064277595048784,0.0,0.0,0.0,0.0,0.4045403653394421,10,ablang2+greedy_dual
8,165,XXXX,{'H': 'F99Y:V100F:F101S:L103F:P104Y:M107F'},H,XXXX,4,ARYFSFFYYAFDY,"F99Y,V100F,F101S,L103F,P104Y,M107F",9.498432,5.679545402526856,30.03424999999998,-0.0508333333333333,5A12_dual,ablang2,2.2203510264560045,2.2483965500217886,-2.2203510264560045,-2.2483965500217886,"SB0A,WB2Y,GB3F,GB4S,DB5F,GB6F,FB7Y,MB10F",greedy_dual,-2.2203510264560045,-2.2483965500217886,0.0395827022578073,0.3657738902475209,0.0,0.0,0.0,0.0,0.4053565925053283,8,ablang2+greedy_dual
8,258,XXXX,{'H': 'P104Y:M107F'},H,XXXX,6,ARFVFFLYYAFDY,"P104Y,M107F",11.003377,5.679545402526856,27.945833333333315,0.0333333333333333,5A12_dual,ablang2,1.88341836347188,2.801041268300813,-1.88341836347188,-2.801041268300813,"SB0A,WB2F,GB3V,GB4F,DB5F,GB6L,FB7Y,MB10F",greedy_dual,-1.88341836347188,-2.801041268300813,0.1483708898034772,0.2619513988309301,0.0,0.0,0.0,0.0,0.4103222886344074,8,ablang2+greedy_dual
8,240,XXXX,{'H': 'F99Y:V100W:L103W:P104W:M107F'},H,XXXX,6,ARYWFFWWYAFDY,"F99Y,V100W,L103W,P104W,M107F",11.162184,5.679545402526856,25.424999999999983,-0.0791666666666666,5A12_dual,ablang2,1.8411239326278048,2.8262,-1.8411239326278048,-2.8262,"SB0A,WB2Y,GB3W,GB4F,DB5F,GB6W,FB7W,MB10F",greedy_dual,-1.8411239326278048,-2.8262,0.1620268364666816,0.2572249586434164,0.0,0.0,0.0,0.0,0.419251795110098,8,ablang2+greedy_dual
8,161,XXXX,{'H': 'V100R:F101Y:P104Y:M107F'},H,XXXX,4,ARFRYFLYYAFDY,"V100R,F101Y,P104Y,M107F",9.868735,6.842300605773925,27.31749999999998,-0.0733333333333333,5A12_dual,ablang2,1.7737572072105317,2.9363270288436523,-1.7737572072105317,-2.9363270288436523,"SB0A,WB2F,GB3R,GB4Y,DB5F,GB6L,FB7Y,MB10F",greedy_dual,-1.7737572072105317,-2.9363270288436523,0.1837780786707574,0.2365359660073156,0.0,0.0,0.0,0.0,0.4203140446780731,8,ablang2+greedy_dual
8,271,XXXX,{'H': 'V100W:F101S:P104W:M107F:D108Q'},H,XXXX,6,ARFWSFLWYAFQY,"V100W,F101S,P104W,M107F,D108Q",13.19484,6.841902732849121,27.234166666666653,-0.0358333333333333,5A12_dual,ablang2,2.32083,1.848,-2.32083,-1.848,"SB0A,WB2F,GB3W,GB4S,DB5F,GB6L,FB7W,MB10F,DB11Q",greedy_dual,-2.32083,-1.848,0.007140239358876,0.4409943094479834,0.0,0.0,0.0,0.0,0.4481345488068595,9,ablang2+greedy_dual
8,230,XXXX,{'H': 'V100D:L103R:P104Y:M107F'},H,XXXX,5,ARFDFFRYYAFDY,"V100D,L103R,P104Y,M107F",10.520697,5.696710777282715,27.717499999999976,-0.0999999999999999,5A12_dual,ablang2,1.000507029439202,4.02034,-1.000507029439202,-4.02034,"SB0A,WB2F,GB3D,GB4F,DB5F,GB6R,FB7Y,MB10F",greedy_dual,-1.000507029439202,-4.02034,0.4334436486813252,0.032888082166453,0.0,0.0,0.0,0.0,0.4663317308477782,8,ablang2+greedy_dual
8,189,XXXX,{'H': 'F99Y:F101R:P104Y:D108P'},H,XXXX,4,ARYVRFLYYAMPY,"F99Y,F101R,P104Y,D108P",15.945611,8.019174003601073,29.95083333333332,-0.0533333333333333,5A12_dual,ablang2,2.2538024097645,1.6858852239474371,-2.2538024097645,-1.6858852239474371,"SB0A,WB2Y,GB3V,GB4R,DB5F,GB6L,FB7Y,DB11P",greedy_dual,-2.2538024097645,-1.6858852239474371,0.0287819822302624,0.4714499699990028,0.0,-0.0,0.0,0.0,0.5002319522292652,8,ablang2+greedy_dual
8,284,XXXX,{'H': 'F99W:V100T:F101Y:L103Y:P104Y:M107F'},H,XXXX,7,ARWTYFYYYAFDY,"F99W,V100T,F101Y,L103Y,P104Y,M107F",9.173447,5.679488563537597,35.21174999999998,-0.1149999999999999,5A12_dual,ablang2,3.11664,0.0044527292448228,-3.11664,-0.0044527292448228,"SB0A,GB3T,GB4Y,DB5F,GB6Y,FB7Y,MB10F",greedy_dual,-3.11664,-0.0044527292448228,-0.249809403824868,0.7873319552506928,0.0,0.0,0.0,0.0,0.5375225514258247,7,ablang2+greedy_dual
8,277,XXXX,{'H': 'A97T:F99Y:P104L:M107F'},H,XXXX,6,TRYVFFLLYAFDY,"A97T,F99Y,P104L,M107F",11.528278,5.679545402526856,29.00583333333332,0.0208333333333333,5A12_dual,ablang2,1.7057588077034298,2.39041,-1.7057588077034298,-2.39041,"SB0T,WB2Y,GB3V,GB4F,DB5F,GB6L,FB7L,MB10F",greedy_dual,-1.7057588077034298,-2.39041,0.2057332746225744,0.3390945613699777,0.0,0.0,0.0,0.0,0.5448278359925522,8,ablang2+greedy_dual
8,281,XXXX,{'H': 'F99Y:V100G:F101W:F102W:L103Y:M107F:D108P'},H,XXXX,7,ARYGWWYPYAFPY,"F99Y,V100G,F101W,F102W,L103Y,M107F,D108P",11.912576,6.839629173278809,28.21499999999998,-0.13,5A12_dual,ablang2,1.7836725391614978,2.19367,-1.7836725391614978,-2.19367,"SB0A,WB2Y,GB4W,DB5W,GB6Y,FB7P,MB10F,DB11P",greedy_dual,-1.7836725391614978,-2.19367,0.1805766348501857,0.3760550828147646,0.0,0.0,0.0,0.0,0.5566317176649503,8,ablang2+greedy_dual
8,213,XXXX,{'H': 'R98K:F99Y:V100T:P104Y'},H,XXXX,5,AKYTFFLYYAMDY,"R98K,F99Y,V100T,P104Y",13.042465,5.679488563537597,27.23833333333332,-0.0441666666666667,5A12_dual,ablang2,0.8570924349970563,3.77562,-0.8570924349970563,-3.77562,"SB0A,RB1K,WB2Y,GB3T,GB4F,DB5F,GB6L,FB7Y",greedy_dual,-0.8570924349970563,-3.77562,0.4797490844879256,0.0788623568841934,0.0,0.0,0.0,0.0,0.558611441372119,8,ablang2+greedy_dual
8,317,XXXX,{'H': 'F99W:F102Y:L103W:M107F:D108Q'},H,XXXX,7,ARWVFYWPYAFQY,"F99W,F102Y,L103W,M107F,D108Q",12.344782,6.840765953063964,31.179249999999985,-0.0733333333333333,5A12_dual,ablang2,3.3807,-0.5768224944048068,-3.3807,0.5768224944048068,"SB0A,GB3V,GB4F,DB5Y,GB6W,FB7P,MB10F,DB11Q",greedy_dual,-3.3807,0.5768224944048068,-0.3350686023510232,0.8965331109334487,0.0,0.0,0.0,0.0,0.5614645085824255,8,ablang2+greedy_dual
8,185,XXXX,{'H': 'R98T:F99Y:V100R:L103Y:P104Y:Y109P'},H,XXXX,4,ATYRFFYYYAMDP,"R98T,F99Y,V100R,L103Y,P104Y,Y109P",16.123322,5.679545402526856,29.87758333333332,-0.0941666666666666,5A12_dual,ablang2,0.9034711971940808,3.67191,-0.9034711971940808,-3.67191,"SB0A,RB1T,WB2Y,GB3R,GB4F,DB5F,GB6Y,FB7Y,YB12P",greedy_dual,-0.9034711971940808,-3.67191,0.4647743965626305,0.0983458156573907,0.0,0.0,0.0,0.0,0.5631202122200212,9,ablang2+greedy_dual
8,248,XXXX,{'H': 'F99Y:F101D:P104Y:M107F'},H,XXXX,6,ARYVDFLYYAFDY,"F99Y,F101D,P104Y,M107F",9.111325,5.149692344665527,25.43666666666665,-0.0533333333333333,5A12_dual,ablang2,1.6970270367422486,2.2179216488996376,-1.6970270367422486,-2.2179216488996376,"SB0A,WB2Y,GB3V,GB4D,DB5F,GB6L,FB7Y,MB10F",greedy_dual,-1.6970270367422486,-2.2179216488996376,0.2085525724861822,0.3714990515591658,0.0,0.0,0.0,0.0,0.580051624045348,8,ablang2+greedy_dual
8,132,XXXX,{'H': 'V100G:F102Y:P104W:M107F'},H,XXXX,3,ARFGFYLWYAFDY,"V100G,F102Y,P104W,M107F",9.979913,5.679545402526856,31.60758333333332,-0.0358333333333333,5A12_dual,ablang2,0.1911452153089863,4.72119,-0.1911452153089863,-4.72119,"SB0A,WB2F,GB4F,DB5Y,GB6L,FB7W,MB10F",greedy_dual,-0.1911452153089863,-4.72119,0.6947688762448225,-0.0987769653814725,0.0,0.0,0.0,0.0,0.59599191086335,7,ablang2+greedy_dual
8,228,XXXX,{'H': 'R98K:F101I:L103F:P104F'},H,XXXX,5,AKFVIFFFYAMDY,"R98K,F101I,L103F,P104F",16.23821,5.679545402526856,28.60591666666665,0.0708333333333333,5A12_dual,ablang2,1.4012249566529182,2.63451,-1.4012249566529182,-2.63451,"SB0A,RB1K,WB2F,GB3V,GB4I,DB5F,GB6F",greedy_dual,-1.4012249566529182,-2.63451,0.304060594415993,0.2932367628304205,0.0,0.0,0.0,0.0,0.5972973572464135,7,ablang2+greedy_dual
8,98,XXXX,{'H': 'V100R:F101S:P104W:M107F'},H,XXXX,2,ARFRSFLWYAFDY,"V100R,F101S,P104W,M107F",9.649934,6.844631004333496,32.55249999999998,-0.0658333333333333,5A12_dual,ablang2,1.4904142376553695,2.3656545832128035,-1.4904142376553695,-2.3656545832128035,"SB0A,WB2F,GB3R,GB4S,DB5F,GB6L,FB7W,MB10F",greedy_dual,-1.4904142376553695,-2.3656545832128035,0.2752633263125581,0.343745232880793,0.0,0.0,0.0,0.0,0.6190085591933512,8,ablang2+greedy_dual
8,276,XXXX,{'H': 'F99Y:V100S:L103Y:P104I'},H,XXXX,6,ARYSFFYIYAMDY,"F99Y,V100S,L103Y,P104I",13.631969,5.679545402526856,27.97758333333332,-0.0441666666666667,5A12_dual,ablang2,1.1470580382835562,2.877407632165576,-1.1470580382835562,-2.877407632165576,"SB0A,WB2Y,GB3S,GB4F,DB5F,GB6Y,FB7I",greedy_dual,-1.1470580382835562,-2.877407632165576,0.3861255332633553,0.2476048468878378,0.0,0.0,0.0,0.0,0.6337303801511932,7,ablang2+greedy_dual
8,225,XXXX,{'H': 'R98P:F99Y:V100W:F101V:L103W:P104Y:M107F'},H,XXXX,5,APYWVFWYYAFDY,"R98P,F99Y,V100W,F101V,L103W,P104Y,M107F",12.925508,5.119454002380371,27.979166666666647,-0.0466666666666667,5A12_dual,ablang2,1.152597486347509,2.80507,-1.152597486347509,-2.80507,"SB0A,RB1P,WB2Y,GB3W,GB4V,DB5F,GB6W,FB7Y,MB10F",greedy_dual,-1.152597486347509,-2.80507,0.3843369666413381,0.2611945419418222,0.0,0.0,0.0,0.0,0.6455315085831603,9,ablang2+greedy_dual
8,211,XXXX,{'H': 'F101I:F102Y:L103W:P104Y:M107F'},H,XXXX,5,ARFVIYWYYAFDY,"F101I,F102Y,L103W,P104Y,M107F",9.856842,5.679545402526856,27.08166666666665,-0.0258333333333333,5A12_dual,ablang2,1.7640922953079197,1.7310742853949184,-1.7640922953079197,-1.7310742853949184,"SB0A,WB2F,GB3V,GB4I,DB5Y,GB6W,FB7Y,MB10F",greedy_dual,-1.7640922953079197,-1.7310742853949184,0.1868986673348587,0.4629605358488584,0.0,0.0,0.0,0.0,0.6498592031837171,8,ablang2+greedy_dual
8,291,XXXX,{'H': 'F99Y:V100W:L103R:P104Y'},H,XXXX,7,ARYWFFRYYAMDY,"F99Y,V100W,L103R,P104Y",14.136301,6.842300605773925,24.79666666666665,-0.1199999999999999,5A12_dual,ablang2,1.1858539062155264,2.70472,-1.1858539062155264,-2.70472,"SB0A,WB2Y,GB3W,GB4F,DB5F,GB6R,FB7Y",greedy_dual,-1.1858539062155264,-2.70472,0.3735991960445174,0.2800467749751879,0.0,0.0,0.0,0.0,0.6536459710197053,7,ablang2+greedy_dual
8,206,XXXX,{'H': 'F99Y:L103W:P104Y'},H,XXXX,5,ARYVFFWYYAMDY,"F99Y,L103W,P104Y",13.479899,5.679545402526856,26.28916666666665,-0.0475,5A12_dual,ablang2,1.2106962010102542,2.644842878705777,-1.2106962010102542,-2.644842878705777,"SB0A,WB2Y,GB3V,GB4F,DB5F,GB6W,FB7Y",greedy_dual,-1.2106962010102542,-2.644842878705777,0.3655781624015993,0.29129557860255,0.0,0.0,0.0,0.0,0.6568737410041493,7,ablang2+greedy_dual
8,224,XXXX,{'H': 'A97V:F99Y:V100F:L103Y:P104Y'},H,XXXX,5,VRYFFFYYYAMDY,"A97V,F99Y,V100F,L103Y,P104Y",14.902242,5.679488563537597,29.405916666666645,-0.0425,5A12_dual,ablang2,0.8705751049193227,3.15803,-0.8705751049193227,-3.15803,"SB0V,WB2Y,GB3F,GB4F,DB5F,GB6Y,FB7Y",greedy_dual,-0.8705751049193227,-3.15803,0.4753958252606094,0.1948857808909328,0.0,0.0,0.0,0.0,0.6702816061515422,7,ablang2+greedy_dual
8,297,XXXX,{'H': 'F99W:F101C:F102W:L103P:P104W:M107F:D108R:Y109P'},H,XXXX,7,ARWVCWPWYAFRP,"F99W,F101C,F102W,L103P,P104W,M107F,D108R,Y109P",15.108178,7.972176551818848,33.91749999999999,-0.0833333333333333,5A12_dual,ablang2,2.3417298402308298,0.6293426285989581,-2.3417298402308298,-0.6293426285989581,"SB0A,GB3V,GB4C,DB5W,GB6P,FB7W,MB10F,DB11R,YB12P",greedy_dual,-2.3417298402308298,-0.6293426285989581,0.0003921380659682,0.6699371370860632,0.0,-0.0,0.0,0.0,0.6703292751520314,9,ablang2+greedy_dual
8,96,XXXX,{'H': 'A97V:V100A:F101Y:P104Y:M107F'},H,XXXX,2,VRFAYFLYYAFDY,"A97V,V100A,F101Y,P104Y,M107F",11.362003,5.679545402526856,27.31749999999998,-0.0008333333333333,5A12_dual,ablang2,1.351097531041062,2.33081461690388,-1.351097531041062,-2.33081461690388,"SB0V,WB2F,GB3A,GB4Y,DB5F,GB6L,FB7Y,MB10F",greedy_dual,-1.351097531041062,-2.33081461690388,0.320245643767831,0.3502904363061088,0.0,0.0,0.0,0.0,0.6705360800739397,8,ablang2+greedy_dual
9,210,XXXX,{'H': 'F99Y:V100T:L103F:P104Y:M107F'},H,XXXX,5,ARYTFFFYYAFDY,"F99Y,V100T,L103F,P104Y,M107F",10.849428,5.679545402526856,30.35508333333331,-0.05,5A12_dual,ablang2,2.412940824885495,5.70205,-2.412940824885495,-5.70205,"SB0A,WB2Y,GB3T,GB4F,DB5F,GB6F,FB7Y,MB10F",greedy_dual,-2.412940824885495,-5.70205,-0.0226003313649,-0.2830460365634062,0.0,0.0,0.0,0.0,-0.3056463679283062,8,ablang2+greedy_dual
9,285,XXXX,{'H': 'F99W:F101W:L103Y:P104F:A106V:M107F:D108W'},H,XXXX,7,ARWVWFYFYVFWY,"F99W,F101W,L103Y,P104F,A106V,M107F,D108W",16.738255,6.840765953063964,33.41516666666665,0.0049999999999999,5A12_dual,ablang2,3.07776,3.4199,-3.07776,-3.4199,"SB0A,GB3V,GB4W,DB5F,GB6Y,AB9V,MB10F,DB11W",greedy_dual,-3.07776,-3.4199,-0.2372559022013851,0.1456896247928016,0.0,0.0,0.0,0.0,-0.0915662774085835,8,ablang2+greedy_dual
9,320,XXXX,{'H': 'F99W:L103Y:P104F:M107F'},H,XXXX,8,ARWVFFYFYAFDY,"F99W,L103Y,P104F,M107F",10.949352,5.679545402526856,36.41683333333332,-0.0058333333333333,5A12_dual,ablang2,3.28166,2.3963123461626834,-3.28166,-2.3963123461626834,"SB0A,GB3V,GB4F,DB5F,GB6Y,MB10F",greedy_dual,-3.28166,-2.3963123461626834,-0.3030907525364719,0.3379857182678103,0.0,0.0,0.0,0.0,0.0348949657313383,6,ablang2+greedy_dual
9,322,XXXX,{'H': 'F101Y:L103F:P104Y:Y105F:A106C:M107F:D108Q'},H,XXXX,8,ARFVYFFYFCFQY,"F101Y,L103F,P104Y,Y105F,A106C,M107F,D108Q",15.158431,6.829511833190918,25.375916666666647,0.0308333333333333,5A12_dual,ablang2,2.26905,4.09676,-2.26905,-4.09676,"SB0A,WB2F,GB3V,GB4Y,DB5F,GB6F,FB7Y,YB8F,AB9C,MB10F,DB11Q",greedy_dual,-2.26905,-4.09676,0.0238588688358294,0.0185314538813529,0.0,0.0,0.0,0.0,0.0423903227171823,11,ablang2+greedy_dual
9,280,XXXX,{'H': 'V100G:F101Y:L103Y:P104W:M107F:D108W'},H,XXXX,7,ARFGYFYWYAFWY,"V100G,F101Y,L103Y,P104W,M107F,D108W",13.816694,6.839629173278809,27.034249999999982,-0.0566666666666667,5A12_dual,ablang2,0.7779212796150405,6.44724,-0.7779212796150405,-6.44724,"SB0A,WB2F,GB4Y,DB5F,GB6Y,FB7W,MB10F,DB11W",greedy_dual,-0.7779212796150405,-6.44724,0.5053117189432023,-0.4230410094994676,0.0,0.0,0.0,0.0,0.0822707094437346,8,ablang2+greedy_dual
9,353,XXXX,{'H': 'A97L:F99W:V100L:L103Y:P104F:D108Q'},H,XXXX,8,LRWLFFYFYAMQY,"A97L,F99W,V100L,L103Y,P104F,D108Q",24.175568,6.840765953063964,39.07766666666664,-3.3306690738754695e-17,5A12_dual,ablang2,3.25213,2.146579283210811,-3.25213,-2.146579283210811,"SB0L,GB3L,GB4F,DB5F,GB6Y,DB11Q",greedy_dual,-3.25213,-2.146579283210811,-0.2935561614114347,0.3849017710720443,0.0,0.0,0.0,0.0,0.0913456096606096,6,ablang2+greedy_dual
9,325,XXXX,{'H': 'A97P:F101N:F102Y:L103F:P104F:M107F:D108Q'},H,XXXX,8,PRFVNYFFYAFQY,"A97P,F101N,F102Y,L103F,P104F,M107F,D108Q",20.862856,6.840765953063964,28.95424999999998,-0.0558333333333333,5A12_dual,ablang2,2.24687,3.78918,-2.24687,-3.78918,"SB0P,WB2F,GB3V,GB4N,DB5Y,GB6F,MB10F,DB11Q",greedy_dual,-2.24687,-3.78918,0.0310203057187732,0.0763149101484441,0.0,0.0,0.0,0.0,0.1073352158672173,8,ablang2+greedy_dual
9,207,XXXX,{'H': 'R98T:F99Y:L103W:P104W:M107F'},H,XXXX,5,ATYVFFWWYAFDY,"R98T,F99Y,L103W,P104W,M107F",12.403041,5.119454002380371,26.917499999999983,-0.005,5A12_dual,ablang2,1.1594787556376849,5.55312,-1.1594787556376849,-5.55312,"SB0A,RB1T,WB2Y,GB3V,GB4F,DB5F,GB6W,FB7W,MB10F",greedy_dual,-1.1594787556376849,-5.55312,0.3821151552934511,-0.2550673313749742,0.0,0.0,0.0,0.0,0.1270478239184769,9,ablang2+greedy_dual
9,301,XXXX,{'H': 'F99W:F101Y:F102Y:L103Y:D108W'},H,XXXX,7,ARWVYYYPYAMWY,"F99W,F101Y,F102Y,L103Y,D108W",17.10504,6.838435554504395,32.41166666666665,-0.0966666666666666,5A12_dual,ablang2,1.0891121081454784,5.42909,-1.0891121081454784,-5.42909,"SB0A,GB3V,GB4Y,DB5Y,GB6Y,FB7P,DB11W",greedy_dual,-1.0891121081454784,-5.42909,0.4048350067217553,-0.2317664597942235,0.0,0.0,0.0,0.0,0.1730685469275318,7,ablang2+greedy_dual
9,142,XXXX,{'H': 'F99V:V100G:P104F:M107F'},H,XXXX,3,ARVGFFLFYAFDY,"F99V,V100G,P104F,M107F",9.6599865,5.679602241516113,28.926749999999984,0.0408333333333333,5A12_dual,ablang2,1.3188051755339123,4.99202,-1.3188051755339123,-4.99202,"SB0A,WB2V,GB4F,DB5F,GB6L,MB10F",greedy_dual,-1.3188051755339123,-4.99202,0.3306721390683735,-0.1496563901191548,0.0,0.0,0.0,0.0,0.1810157489492186,6,ablang2+greedy_dual
9,321,XXXX,{'H': 'F99Y:L103W:P104F:M107F'},H,XXXX,8,ARYVFFWFYAFDY,"F99Y,L103W,P104F,M107F",11.107162,5.679545402526856,29.00591666666665,-0.0058333333333333,5A12_dual,ablang2,2.0738477753795337,3.68954,-2.0738477753795337,-3.68954,"SB0A,WB2Y,GB3V,GB4F,DB5F,GB6W,MB10F",greedy_dual,-2.0738477753795337,-3.68954,0.0868853977370771,0.0950337591713096,0.0,0.0,0.0,0.0,0.1819191569083867,7,ablang2+greedy_dual
9,227,XXXX,{'H': 'R98S:F99Y:V100G:F101I:L103Y:P104Y:M107F:D108L'},H,XXXX,5,ASYGIFYYYAFLY,"R98S,F99Y,V100G,F101I,L103Y,P104Y,M107F,D108L",14.02801,5.661186408996582,29.24758333333332,0.0241666666666666,5A12_dual,ablang2,1.83968,4.05707,-1.83968,-4.05707,"SB0A,RB1S,WB2Y,GB4I,DB5F,GB6Y,FB7Y,MB10F,DB11L",greedy_dual,-1.83968,-4.05707,0.1624930507307594,0.0259878079331144,0.0,0.0,0.0,0.0,0.1884808586638739,9,ablang2+greedy_dual
9,290,XXXX,{'H': 'F99W:L103R:P104Y:M107F'},H,XXXX,7,ARWVFFRYYAFDY,"F99W,L103R,P104Y,M107F",9.9792795,6.843437385559082,31.383333333333315,-0.0666666666666666,5A12_dual,ablang2,2.73515,2.4721,-2.73515,-2.4721,"SB0A,GB3V,GB4F,DB5F,GB6R,FB7Y,MB10F",greedy_dual,-2.73515,-2.4721,-0.126634626707005,0.3237478855703201,0.0,0.0,0.0,0.0,0.197113258863315,7,ablang2+greedy_dual
9,212,XXXX,{'H': 'R98K:F99Y:L103F:P104Y'},H,XXXX,5,AKYVFFFYYAMDY,"R98K,F99Y,L103F,P104Y",14.022125,5.679488563537597,29.634249999999984,-0.0116666666666666,5A12_dual,ablang2,1.5581177418086374,4.18661,-1.5581177418086374,-4.18661,"SB0A,RB1K,WB2Y,GB3V,GB4F,DB5F,GB6F,FB7Y",greedy_dual,-1.5581177418086374,-4.18661,0.2534033456205948,0.0016518012849611,0.0,0.0,0.0,0.0,0.255055146905556,8,ablang2+greedy_dual
9,286,XXXX,{'H': 'V100F:F101G:F102Y:L103Y:P104Y:D108L'},H,XXXX,7,ARFFGYYYYAMLY,"V100F,F101G,F102Y,L103Y,P104Y,D108L",16.704662,6.838435554504395,28.266666666666644,-0.0283333333333333,5A12_dual,ablang2,2.7825,2.0564347102346514,-2.7825,-2.0564347102346514,"SB0A,WB2F,GB3F,DB5Y,GB6Y,FB7Y,DB11L",greedy_dual,-2.7825,-2.0564347102346514,-0.1419229060761388,0.4018367635627248,0.0,0.0,0.0,0.0,0.259913857486586,7,ablang2+greedy_dual
9,282,XXXX,{'H': 'A97S:R98T:V100G:F101Y:L103Y:P104Y:Y105F:D108W'},H,XXXX,7,STFGYFYYFAMWY,"A97S,R98T,V100G,F101Y,L103Y,P104Y,Y105F,D108W",28.663107,5.66124324798584,27.98174999999998,-0.0233333333333333,5A12_dual,ablang2,1.082596414622722,4.8401,-1.082596414622722,-4.8401,"RB1T,WB2F,GB4Y,DB5F,GB6Y,FB7Y,YB8F,DB11W",greedy_dual,-1.082596414622722,-4.8401,0.4069387816501514,-0.121115969168194,0.0,0.0,0.0,0.0,0.2858228124819574,8,ablang2+greedy_dual
9,333,XXXX,{'H': 'A97P:F99W:V100G:F101Y:P104F:M107F:Y109P'},H,XXXX,8,PRWGYFLFYAFDP,"A97P,F99W,V100G,F101Y,P104F,M107F,Y109P",13.998443,5.679602241516113,34.436749999999975,-0.0666666666666666,5A12_dual,ablang2,2.4023,2.50978,-2.4023,-2.50978,"SB0P,GB4Y,DB5F,GB6L,MB10F,YB12P",greedy_dual,-2.4023,-2.50978,-0.0191646417436227,0.3166691397736363,0.0,0.0,0.0,0.0,0.2975044980300135,6,ablang2+greedy_dual
9,194,XXXX,{'H': 'F99Y:P104W'},H,XXXX,4,ARYVFFLWYAMDY,"F99Y,P104W",13.715109,5.679545402526856,27.234166666666653,-0.005,5A12_dual,ablang2,1.066386053525842,4.7825,-1.066386053525842,-4.7825,"SB0A,WB2Y,GB3V,GB4F,DB5F,GB6L,FB7W",greedy_dual,-1.066386053525842,-4.7825,0.4121727526981691,-0.1102949564853653,0.0,0.0,0.0,0.0,0.3018777962128038,7,ablang2+greedy_dual
9,249,XXXX,{'H': 'F99Y:F101N:L103Y:P104Y:M107F:D108Q'},H,XXXX,6,ARYVNFYYYAFQY,"F99Y,F101N,L103Y,P104Y,M107F,D108Q",11.594961,6.838435554504395,28.153416666666647,-0.0958333333333333,5A12_dual,ablang2,2.24432,2.7454056544456966,-2.24432,-2.7454056544456966,"SB0A,WB2Y,GB3V,GB4N,DB5F,GB6Y,FB7Y,MB10F,DB11Q",greedy_dual,-2.24432,-2.7454056544456966,0.0318436449456219,0.2724033724966103,0.0,0.0,0.0,0.0,0.3042470174422322,9,ablang2+greedy_dual
9,343,XXXX,{'H': 'V100W:L103F:P104Y:Y105F:A106C:M107F'},H,XXXX,8,ARFWFFFYFCFDY,"V100W,L103F,P104Y,Y105F,A106C,M107F",14.292392,5.679204368591309,27.66091666666665,0.0224999999999999,5A12_dual,ablang2,2.7959,1.769360967581744,-2.7959,-1.769360967581744,"SB0A,WB2F,GB3W,GB4F,DB5F,GB6F,FB7Y,YB8F,AB9C,MB10F",greedy_dual,-2.7959,-1.769360967581744,-0.1462494729936972,0.4557678158223467,0.0,0.0,0.0,0.0,0.3095183428286495,10,ablang2+greedy_dual
9,355,XXXX,{'H': 'F99Y:F102Y:L103R:P104W:M107F'},H,XXXX,8,ARYVFYRWYAFDY,"F99Y,F102Y,L103R,P104W,M107F",9.536203,6.842300605773925,32.37008333333331,-0.1008333333333333,5A12_dual,ablang2,1.6361355868749845,3.6396,-1.6361355868749845,-3.6396,"SB0A,WB2Y,GB3V,GB4F,DB5Y,GB6R,FB7W,MB10F",greedy_dual,-1.6361355868749845,-3.6396,0.2282130898412473,0.1044157274591649,0.0,0.0,0.0,0.0,0.3326288173004122,8,ablang2+greedy_dual
9,336,XXXX,{'H': 'F99W:V100Y:L103Y:A106C:M107F:D108Q'},H,XXXX,8,ARWYFFYPYCFQY,"F99W,V100Y,L103Y,A106C,M107F,D108Q",12.852184,6.82843189239502,31.80591666666665,-0.0825,5A12_dual,ablang2,2.67579,1.74816,-2.67579,-1.74816,"SB0A,GB3Y,GB4F,DB5F,GB6Y,FB7P,AB9C,MB10F,DB11Q",greedy_dual,-2.67579,-1.74816,-0.1074685810184776,0.4597507314315532,0.0,0.0,0.0,0.0,0.3522821504130756,9,ablang2+greedy_dual
9,243,XXXX,{'H': 'F99Y:V100I:P104Y:M107F'},H,XXXX,6,ARYIFFLYYAFDY,"F99Y,V100I,P104Y,M107F",10.002192,5.679545402526856,27.31749999999998,0.0016666666666666,5A12_dual,ablang2,1.5169200053378828,3.66648,-1.5169200053378828,-3.66648,"SB0A,WB2Y,GB3I,GB4F,DB5F,GB6L,FB7Y,MB10F",greedy_dual,-1.5169200053378828,-3.66648,0.2667051936573602,0.0993659215405116,0.0,0.0,0.0,0.0,0.3660711151978718,8,ablang2+greedy_dual
9,342,XXXX,{'H': 'V100R:F101S:P104F:D108Q'},H,XXXX,8,ARFRSFLFYAMQY,"V100R,F101S,P104F,D108Q",17.277235,8.036193656921387,31.01091666666665,-0.0425,5A12_dual,ablang2,2.4529,2.0447038799369306,-2.4529,-2.0447038799369306,"SB0A,WB2F,GB3R,GB4S,DB5F,GB6L,DB11Q",greedy_dual,-2.4529,-2.0447038799369306,-0.0355022750293285,0.4040405736917483,0.0,-0.0,0.0,0.0,0.3685382986624197,7,ablang2+greedy_dual
9,190,XXXX,{'H': 'R98G:F99Y:V100G:F101Y:F102Y:P104Y:M107F:D108P:Y109P'},H,XXXX,4,AGYGYYLYYAFPP,"R98G,F99Y,V100G,F101Y,F102Y,P104Y,M107F,D108P,Y109P",13.822385,5.661186408996582,29.657499999999978,-0.06,5A12_dual,ablang2,1.4196467327423383,3.62889,-1.4196467327423383,-3.62889,"SB0A,RB1G,WB2Y,GB4Y,DB5Y,GB6L,FB7Y,MB10F,DB11P,YB12P",greedy_dual,-1.4196467327423383,-3.62889,0.2981126058345636,0.1064277595048784,0.0,0.0,0.0,0.0,0.4045403653394421,10,ablang2+greedy_dual
9,165,XXXX,{'H': 'F99Y:V100F:F101S:L103F:P104Y:M107F'},H,XXXX,4,ARYFSFFYYAFDY,"F99Y,V100F,F101S,L103F,P104Y,M107F",9.498432,5.679545402526856,30.03424999999998,-0.0508333333333333,5A12_dual,ablang2,2.2203510264560045,2.2483965500217886,-2.2203510264560045,-2.2483965500217886,"SB0A,WB2Y,GB3F,GB4S,DB5F,GB6F,FB7Y,MB10F",greedy_dual,-2.2203510264560045,-2.2483965500217886,0.0395827022578073,0.3657738902475209,0.0,0.0,0.0,0.0,0.4053565925053283,8,ablang2+greedy_dual
9,258,XXXX,{'H': 'P104Y:M107F'},H,XXXX,6,ARFVFFLYYAFDY,"P104Y,M107F",11.003377,5.679545402526856,27.945833333333315,0.0333333333333333,5A12_dual,ablang2,1.88341836347188,2.801041268300813,-1.88341836347188,-2.801041268300813,"SB0A,WB2F,GB3V,GB4F,DB5F,GB6L,FB7Y,MB10F",greedy_dual,-1.88341836347188,-2.801041268300813,0.1483708898034772,0.2619513988309301,0.0,0.0,0.0,0.0,0.4103222886344074,8,ablang2+greedy_dual
9,240,XXXX,{'H': 'F99Y:V100W:L103W:P104W:M107F'},H,XXXX,6,ARYWFFWWYAFDY,"F99Y,V100W,L103W,P104W,M107F",11.162184,5.679545402526856,25.424999999999983,-0.0791666666666666,5A12_dual,ablang2,1.8411239326278048,2.8262,-1.8411239326278048,-2.8262,"SB0A,WB2Y,GB3W,GB4F,DB5F,GB6W,FB7W,MB10F",greedy_dual,-1.8411239326278048,-2.8262,0.1620268364666816,0.2572249586434164,0.0,0.0,0.0,0.0,0.419251795110098,8,ablang2+greedy_dual
9,161,XXXX,{'H': 'V100R:F101Y:P104Y:M107F'},H,XXXX,4,ARFRYFLYYAFDY,"V100R,F101Y,P104Y,M107F",9.868735,6.842300605773925,27.31749999999998,-0.0733333333333333,5A12_dual,ablang2,1.7737572072105317,2.9363270288436523,-1.7737572072105317,-2.9363270288436523,"SB0A,WB2F,GB3R,GB4Y,DB5F,GB6L,FB7Y,MB10F",greedy_dual,-1.7737572072105317,-2.9363270288436523,0.1837780786707574,0.2365359660073156,0.0,0.0,0.0,0.0,0.4203140446780731,8,ablang2+greedy_dual
9,271,XXXX,{'H': 'V100W:F101S:P104W:M107F:D108Q'},H,XXXX,6,ARFWSFLWYAFQY,"V100W,F101S,P104W,M107F,D108Q",13.19484,6.841902732849121,27.234166666666653,-0.0358333333333333,5A12_dual,ablang2,2.32083,1.848,-2.32083,-1.848,"SB0A,WB2F,GB3W,GB4S,DB5F,GB6L,FB7W,MB10F,DB11Q",greedy_dual,-2.32083,-1.848,0.007140239358876,0.4409943094479834,0.0,0.0,0.0,0.0,0.4481345488068595,9,ablang2+greedy_dual
9,230,XXXX,{'H': 'V100D:L103R:P104Y:M107F'},H,XXXX,5,ARFDFFRYYAFDY,"V100D,L103R,P104Y,M107F",10.520697,5.696710777282715,27.717499999999976,-0.0999999999999999,5A12_dual,ablang2,1.000507029439202,4.02034,-1.000507029439202,-4.02034,"SB0A,WB2F,GB3D,GB4F,DB5F,GB6R,FB7Y,MB10F",greedy_dual,-1.000507029439202,-4.02034,0.4334436486813252,0.032888082166453,0.0,0.0,0.0,0.0,0.4663317308477782,8,ablang2+greedy_dual
9,323,XXXX,{'H': 'R98N:V100S:L103F:P104F'},H,XXXX,8,ANFSFFFFYAMDY,"R98N,V100S,L103F,P104F",20.215656,5.119454002380371,27.353416666666654,0.0183333333333333,5A12_dual,ablang2,0.6147683727190811,4.63532,-0.6147683727190811,-4.63532,"SB0A,RB1N,WB2F,GB3S,GB4F,DB5F,GB6F",greedy_dual,-0.6147683727190811,-4.63532,0.5579902241282432,-0.0826450147030957,0.0,0.0,0.0,0.0,0.4753452094251474,7,ablang2+greedy_dual
9,189,XXXX,{'H': 'F99Y:F101R:P104Y:D108P'},H,XXXX,4,ARYVRFLYYAMPY,"F99Y,F101R,P104Y,D108P",15.945611,8.019174003601073,29.95083333333332,-0.0533333333333333,5A12_dual,ablang2,2.2538024097645,1.6858852239474371,-2.2538024097645,-1.6858852239474371,"SB0A,WB2Y,GB3V,GB4R,DB5F,GB6L,FB7Y,DB11P",greedy_dual,-2.2538024097645,-1.6858852239474371,0.0287819822302624,0.4714499699990028,0.0,-0.0,0.0,0.0,0.5002319522292652,8,ablang2+greedy_dual
9,339,XXXX,{'H': 'R98G:F99Y:V100W:L103F:P104Y'},H,XXXX,8,AGYWFFFYYAMDY,"R98G,F99Y,V100W,L103F,P104Y",19.432396,5.119454002380371,28.062583333333315,-0.025,5A12_dual,ablang2,0.6478319824220988,4.36246,-0.6478319824220988,-4.36246,"SB0A,RB1G,WB2Y,GB3W,GB4F,DB5F,GB6F,FB7Y",greedy_dual,-0.6478319824220988,-4.36246,0.547314707716591,-0.0313842244142649,0.0,0.0,0.0,0.0,0.5159304833023259,8,ablang2+greedy_dual
9,284,XXXX,{'H': 'F99W:V100T:F101Y:L103Y:P104Y:M107F'},H,XXXX,7,ARWTYFYYYAFDY,"F99W,V100T,F101Y,L103Y,P104Y,M107F",9.173447,5.679488563537597,35.21174999999998,-0.1149999999999999,5A12_dual,ablang2,3.11664,0.0044527292448228,-3.11664,-0.0044527292448228,"SB0A,GB3T,GB4Y,DB5F,GB6Y,FB7Y,MB10F",greedy_dual,-3.11664,-0.0044527292448228,-0.249809403824868,0.7873319552506928,0.0,0.0,0.0,0.0,0.5375225514258247,7,ablang2+greedy_dual
9,277,XXXX,{'H': 'A97T:F99Y:P104L:M107F'},H,XXXX,6,TRYVFFLLYAFDY,"A97T,F99Y,P104L,M107F",11.528278,5.679545402526856,29.00583333333332,0.0208333333333333,5A12_dual,ablang2,1.7057588077034298,2.39041,-1.7057588077034298,-2.39041,"SB0T,WB2Y,GB3V,GB4F,DB5F,GB6L,FB7L,MB10F",greedy_dual,-1.7057588077034298,-2.39041,0.2057332746225744,0.3390945613699777,0.0,0.0,0.0,0.0,0.5448278359925522,8,ablang2+greedy_dual
9,281,XXXX,{'H': 'F99Y:V100G:F101W:F102W:L103Y:M107F:D108P'},H,XXXX,7,ARYGWWYPYAFPY,"F99Y,V100G,F101W,F102W,L103Y,M107F,D108P",11.912576,6.839629173278809,28.21499999999998,-0.13,5A12_dual,ablang2,1.7836725391614978,2.19367,-1.7836725391614978,-2.19367,"SB0A,WB2Y,GB4W,DB5W,GB6Y,FB7P,MB10F,DB11P",greedy_dual,-1.7836725391614978,-2.19367,0.1805766348501857,0.3760550828147646,0.0,0.0,0.0,0.0,0.5566317176649503,8,ablang2+greedy_dual
9,213,XXXX,{'H': 'R98K:F99Y:V100T:P104Y'},H,XXXX,5,AKYTFFLYYAMDY,"R98K,F99Y,V100T,P104Y",13.042465,5.679488563537597,27.23833333333332,-0.0441666666666667,5A12_dual,ablang2,0.8570924349970563,3.77562,-0.8570924349970563,-3.77562,"SB0A,RB1K,WB2Y,GB3T,GB4F,DB5F,GB6L,FB7Y",greedy_dual,-0.8570924349970563,-3.77562,0.4797490844879256,0.0788623568841934,0.0,0.0,0.0,0.0,0.558611441372119,8,ablang2+greedy_dual
9,317,XXXX,{'H': 'F99W:F102Y:L103W:M107F:D108Q'},H,XXXX,7,ARWVFYWPYAFQY,"F99W,F102Y,L103W,M107F,D108Q",12.344782,6.840765953063964,31.179249999999985,-0.0733333333333333,5A12_dual,ablang2,3.3807,-0.5768224944048068,-3.3807,0.5768224944048068,"SB0A,GB3V,GB4F,DB5Y,GB6W,FB7P,MB10F,DB11Q",greedy_dual,-3.3807,0.5768224944048068,-0.3350686023510232,0.8965331109334487,0.0,0.0,0.0,0.0,0.5614645085824255,8,ablang2+greedy_dual
9,185,XXXX,{'H': 'R98T:F99Y:V100R:L103Y:P104Y:Y109P'},H,XXXX,4,ATYRFFYYYAMDP,"R98T,F99Y,V100R,L103Y,P104Y,Y109P",16.123322,5.679545402526856,29.87758333333332,-0.0941666666666666,5A12_dual,ablang2,0.9034711971940808,3.67191,-0.9034711971940808,-3.67191,"SB0A,RB1T,WB2Y,GB3R,GB4F,DB5F,GB6Y,FB7Y,YB12P",greedy_dual,-0.9034711971940808,-3.67191,0.4647743965626305,0.0983458156573907,0.0,0.0,0.0,0.0,0.5631202122200212,9,ablang2+greedy_dual
10,398,XXXX,{'H': 'F99W:V100G:P104W:M107F:D108W'},H,XXXX,9,ARWGFFLWYAFWY,"F99W,V100G,P104W,M107F,D108W",13.99651,6.841902732849121,31.77166666666665,-0.0108333333333333,5A12_dual,ablang2,2.49664,7.17523,-2.49664,-7.17523,"SB0A,GB4F,DB5F,GB6L,FB7W,MB10F,DB11W",greedy_dual,-2.49664,-7.17523,-0.0496249643557469,-0.5598047078149622,0.0,0.0,0.0,0.0,-0.6094296721707091,7,ablang2+greedy_dual
10,365,XXXX,{'H': 'R98P:V100R:F101W:L103F:P104F:M107F:D108H'},H,XXXX,9,APFRWFFFYAFHY,"R98P,V100R,F101W,L103F,P104F,M107F,D108H",21.54302,6.990252494812012,40.250916666666654,-0.0175,5A12_dual,ablang2,2.36602,7.10334,-2.36602,-7.10334,"SB0A,RB1P,WB2F,GB3R,GB4W,DB5F,GB6F,MB10F,DB11H",greedy_dual,-2.36602,-7.10334,-0.0074506232533973,-0.5462991070898136,0.0,0.0,0.0,0.0,-0.553749730343211,9,ablang2+greedy_dual
10,210,XXXX,{'H': 'F99Y:V100T:L103F:P104Y:M107F'},H,XXXX,5,ARYTFFFYYAFDY,"F99Y,V100T,L103F,P104Y,M107F",10.849428,5.679545402526856,30.35508333333331,-0.05,5A12_dual,ablang2,2.412940824885495,5.70205,-2.412940824885495,-5.70205,"SB0A,WB2Y,GB3T,GB4F,DB5F,GB6F,FB7Y,MB10F",greedy_dual,-2.412940824885495,-5.70205,-0.0226003313649,-0.2830460365634062,0.0,0.0,0.0,0.0,-0.3056463679283062,8,ablang2+greedy_dual
10,285,XXXX,{'H': 'F99W:F101W:L103Y:P104F:A106V:M107F:D108W'},H,XXXX,7,ARWVWFYFYVFWY,"F99W,F101W,L103Y,P104F,A106V,M107F,D108W",16.738255,6.840765953063964,33.41516666666665,0.0049999999999999,5A12_dual,ablang2,3.07776,3.4199,-3.07776,-3.4199,"SB0A,GB3V,GB4W,DB5F,GB6Y,AB9V,MB10F,DB11W",greedy_dual,-3.07776,-3.4199,-0.2372559022013851,0.1456896247928016,0.0,0.0,0.0,0.0,-0.0915662774085835,8,ablang2+greedy_dual
10,362,XXXX,{'H': 'F99L:V100G:L103F:P104F:D108L'},H,XXXX,9,ARLGFFFFYAMLY,"F99L,V100G,L103F,P104F,D108L",20.4742,6.841902732849121,28.60591666666665,0.0824999999999999,5A12_dual,ablang2,1.3679628173892606,6.09666,-1.3679628173892606,-6.09666,"SB0A,WB2L,GB4F,DB5F,GB6F,DB11L",greedy_dual,-1.3679628173892606,-6.09666,0.3148002116805723,-0.357179366680959,0.0,0.0,0.0,0.0,-0.0423791550003867,6,ablang2+greedy_dual
10,368,XXXX,{'H': 'V100G:F102W:P104W:M107F:D108Q'},H,XXXX,9,ARFGFWLWYAFQY,"V100G,F102W,P104W,M107F,D108Q",12.968077,6.841902732849121,28.26249999999998,-0.0325,5A12_dual,ablang2,1.1080987321252709,6.14341,-1.1080987321252709,-6.14341,"SB0A,WB2F,GB4F,DB5W,GB6L,FB7W,MB10F,DB11Q",greedy_dual,-1.1080987321252709,-6.14341,0.3987046411107783,-0.3659620462455814,0.0,0.0,0.0,0.0,0.0327425948651969,8,ablang2+greedy_dual
10,320,XXXX,{'H': 'F99W:L103Y:P104F:M107F'},H,XXXX,8,ARWVFFYFYAFDY,"F99W,L103Y,P104F,M107F",10.949352,5.679545402526856,36.41683333333332,-0.0058333333333333,5A12_dual,ablang2,3.28166,2.3963123461626834,-3.28166,-2.3963123461626834,"SB0A,GB3V,GB4F,DB5F,GB6Y,MB10F",greedy_dual,-3.28166,-2.3963123461626834,-0.3030907525364719,0.3379857182678103,0.0,0.0,0.0,0.0,0.0348949657313383,6,ablang2+greedy_dual
10,322,XXXX,{'H': 'F101Y:L103F:P104Y:Y105F:A106C:M107F:D108Q'},H,XXXX,8,ARFVYFFYFCFQY,"F101Y,L103F,P104Y,Y105F,A106C,M107F,D108Q",15.158431,6.829511833190918,25.375916666666647,0.0308333333333333,5A12_dual,ablang2,2.26905,4.09676,-2.26905,-4.09676,"SB0A,WB2F,GB3V,GB4Y,DB5F,GB6F,FB7Y,YB8F,AB9C,MB10F,DB11Q",greedy_dual,-2.26905,-4.09676,0.0238588688358294,0.0185314538813529,0.0,0.0,0.0,0.0,0.0423903227171823,11,ablang2+greedy_dual
10,360,XXXX,{'H': 'F99V:V100G:F101Y:L103F:P104F:M107F:D108Q'},H,XXXX,9,ARVGYFFFYAFQY,"F99V,V100G,F101Y,L103F,P104F,M107F,D108Q",11.996493,6.840765953063964,26.562583333333315,-0.0016666666666667,5A12_dual,ablang2,1.1820491065453296,5.78605,-1.1820491065453296,-5.78605,"SB0A,WB2V,GB4Y,DB5F,GB6F,MB10F,DB11Q",greedy_dual,-1.1820491065453296,-5.78605,0.3748276826401153,-0.2988266800591981,0.0,0.0,0.0,0.0,0.0760010025809171,7,ablang2+greedy_dual
10,280,XXXX,{'H': 'V100G:F101Y:L103Y:P104W:M107F:D108W'},H,XXXX,7,ARFGYFYWYAFWY,"V100G,F101Y,L103Y,P104W,M107F,D108W",13.816694,6.839629173278809,27.034249999999982,-0.0566666666666667,5A12_dual,ablang2,0.7779212796150405,6.44724,-0.7779212796150405,-6.44724,"SB0A,WB2F,GB4Y,DB5F,GB6Y,FB7W,MB10F,DB11W",greedy_dual,-0.7779212796150405,-6.44724,0.5053117189432023,-0.4230410094994676,0.0,0.0,0.0,0.0,0.0822707094437346,8,ablang2+greedy_dual
10,353,XXXX,{'H': 'A97L:F99W:V100L:L103Y:P104F:D108Q'},H,XXXX,8,LRWLFFYFYAMQY,"A97L,F99W,V100L,L103Y,P104F,D108Q",24.175568,6.840765953063964,39.07766666666664,-3.3306690738754695e-17,5A12_dual,ablang2,3.25213,2.146579283210811,-3.25213,-2.146579283210811,"SB0L,GB3L,GB4F,DB5F,GB6Y,DB11Q",greedy_dual,-3.25213,-2.146579283210811,-0.2935561614114347,0.3849017710720443,0.0,0.0,0.0,0.0,0.0913456096606096,6,ablang2+greedy_dual
10,325,XXXX,{'H': 'A97P:F101N:F102Y:L103F:P104F:M107F:D108Q'},H,XXXX,8,PRFVNYFFYAFQY,"A97P,F101N,F102Y,L103F,P104F,M107F,D108Q",20.862856,6.840765953063964,28.95424999999998,-0.0558333333333333,5A12_dual,ablang2,2.24687,3.78918,-2.24687,-3.78918,"SB0P,WB2F,GB3V,GB4N,DB5Y,GB6F,MB10F,DB11Q",greedy_dual,-2.24687,-3.78918,0.0310203057187732,0.0763149101484441,0.0,0.0,0.0,0.0,0.1073352158672173,8,ablang2+greedy_dual
10,207,XXXX,{'H': 'R98T:F99Y:L103W:P104W:M107F'},H,XXXX,5,ATYVFFWWYAFDY,"R98T,F99Y,L103W,P104W,M107F",12.403041,5.119454002380371,26.917499999999983,-0.005,5A12_dual,ablang2,1.1594787556376849,5.55312,-1.1594787556376849,-5.55312,"SB0A,RB1T,WB2Y,GB3V,GB4F,DB5F,GB6W,FB7W,MB10F",greedy_dual,-1.1594787556376849,-5.55312,0.3821151552934511,-0.2550673313749742,0.0,0.0,0.0,0.0,0.1270478239184769,9,ablang2+greedy_dual
10,301,XXXX,{'H': 'F99W:F101Y:F102Y:L103Y:D108W'},H,XXXX,7,ARWVYYYPYAMWY,"F99W,F101Y,F102Y,L103Y,D108W",17.10504,6.838435554504395,32.41166666666665,-0.0966666666666666,5A12_dual,ablang2,1.0891121081454784,5.42909,-1.0891121081454784,-5.42909,"SB0A,GB3V,GB4Y,DB5Y,GB6Y,FB7P,DB11W",greedy_dual,-1.0891121081454784,-5.42909,0.4048350067217553,-0.2317664597942235,0.0,0.0,0.0,0.0,0.1730685469275318,7,ablang2+greedy_dual
10,142,XXXX,{'H': 'F99V:V100G:P104F:M107F'},H,XXXX,3,ARVGFFLFYAFDY,"F99V,V100G,P104F,M107F",9.6599865,5.679602241516113,28.926749999999984,0.0408333333333333,5A12_dual,ablang2,1.3188051755339123,4.99202,-1.3188051755339123,-4.99202,"SB0A,WB2V,GB4F,DB5F,GB6L,MB10F",greedy_dual,-1.3188051755339123,-4.99202,0.3306721390683735,-0.1496563901191548,0.0,0.0,0.0,0.0,0.1810157489492186,6,ablang2+greedy_dual
10,321,XXXX,{'H': 'F99Y:L103W:P104F:M107F'},H,XXXX,8,ARYVFFWFYAFDY,"F99Y,L103W,P104F,M107F",11.107162,5.679545402526856,29.00591666666665,-0.0058333333333333,5A12_dual,ablang2,2.0738477753795337,3.68954,-2.0738477753795337,-3.68954,"SB0A,WB2Y,GB3V,GB4F,DB5F,GB6W,MB10F",greedy_dual,-2.0738477753795337,-3.68954,0.0868853977370771,0.0950337591713096,0.0,0.0,0.0,0.0,0.1819191569083867,7,ablang2+greedy_dual
10,227,XXXX,{'H': 'R98S:F99Y:V100G:F101I:L103Y:P104Y:M107F:D108L'},H,XXXX,5,ASYGIFYYYAFLY,"R98S,F99Y,V100G,F101I,L103Y,P104Y,M107F,D108L",14.02801,5.661186408996582,29.24758333333332,0.0241666666666666,5A12_dual,ablang2,1.83968,4.05707,-1.83968,-4.05707,"SB0A,RB1S,WB2Y,GB4I,DB5F,GB6Y,FB7Y,MB10F,DB11L",greedy_dual,-1.83968,-4.05707,0.1624930507307594,0.0259878079331144,0.0,0.0,0.0,0.0,0.1884808586638739,9,ablang2+greedy_dual
10,395,XXXX,{'H': 'F99W:F102S:P104F:M107F:D108Q'},H,XXXX,9,ARWVFSLFYAFQY,"F99W,F102S,P104F,M107F,D108Q",12.050414,6.841902732849121,32.04341666666665,0.0066666666666666,5A12_dual,ablang2,4.22628,-0.0527501982670113,-4.22628,0.0527501982670113,"SB0A,GB3V,GB4F,DB5S,GB6L,MB10F,DB11Q",greedy_dual,-4.22628,0.0527501982670113,-0.608087889974087,0.7980783719885484,0.0,0.0,0.0,0.0,0.1899904820144613,7,ablang2+greedy_dual
10,290,XXXX,{'H': 'F99W:L103R:P104Y:M107F'},H,XXXX,7,ARWVFFRYYAFDY,"F99W,L103R,P104Y,M107F",9.9792795,6.843437385559082,31.383333333333315,-0.0666666666666666,5A12_dual,ablang2,2.73515,2.4721,-2.73515,-2.4721,"SB0A,GB3V,GB4F,DB5F,GB6R,FB7Y,MB10F",greedy_dual,-2.73515,-2.4721,-0.126634626707005,0.3237478855703201,0.0,0.0,0.0,0.0,0.197113258863315,7,ablang2+greedy_dual
10,212,XXXX,{'H': 'R98K:F99Y:L103F:P104Y'},H,XXXX,5,AKYVFFFYYAMDY,"R98K,F99Y,L103F,P104Y",14.022125,5.679488563537597,29.634249999999984,-0.0116666666666666,5A12_dual,ablang2,1.5581177418086374,4.18661,-1.5581177418086374,-4.18661,"SB0A,RB1K,WB2Y,GB3V,GB4F,DB5F,GB6F,FB7Y",greedy_dual,-1.5581177418086374,-4.18661,0.2534033456205948,0.0016518012849611,0.0,0.0,0.0,0.0,0.255055146905556,8,ablang2+greedy_dual
10,286,XXXX,{'H': 'V100F:F101G:F102Y:L103Y:P104Y:D108L'},H,XXXX,7,ARFFGYYYYAMLY,"V100F,F101G,F102Y,L103Y,P104Y,D108L",16.704662,6.838435554504395,28.266666666666644,-0.0283333333333333,5A12_dual,ablang2,2.7825,2.0564347102346514,-2.7825,-2.0564347102346514,"SB0A,WB2F,GB3F,DB5Y,GB6Y,FB7Y,DB11L",greedy_dual,-2.7825,-2.0564347102346514,-0.1419229060761388,0.4018367635627248,0.0,0.0,0.0,0.0,0.259913857486586,7,ablang2+greedy_dual
10,282,XXXX,{'H': 'A97S:R98T:V100G:F101Y:L103Y:P104Y:Y105F:D108W'},H,XXXX,7,STFGYFYYFAMWY,"A97S,R98T,V100G,F101Y,L103Y,P104Y,Y105F,D108W",28.663107,5.66124324798584,27.98174999999998,-0.0233333333333333,5A12_dual,ablang2,1.082596414622722,4.8401,-1.082596414622722,-4.8401,"RB1T,WB2F,GB4Y,DB5F,GB6Y,FB7Y,YB8F,DB11W",greedy_dual,-1.082596414622722,-4.8401,0.4069387816501514,-0.121115969168194,0.0,0.0,0.0,0.0,0.2858228124819574,8,ablang2+greedy_dual
10,333,XXXX,{'H': 'A97P:F99W:V100G:F101Y:P104F:M107F:Y109P'},H,XXXX,8,PRWGYFLFYAFDP,"A97P,F99W,V100G,F101Y,P104F,M107F,Y109P",13.998443,5.679602241516113,34.436749999999975,-0.0666666666666666,5A12_dual,ablang2,2.4023,2.50978,-2.4023,-2.50978,"SB0P,GB4Y,DB5F,GB6L,MB10F,YB12P",greedy_dual,-2.4023,-2.50978,-0.0191646417436227,0.3166691397736363,0.0,0.0,0.0,0.0,0.2975044980300135,6,ablang2+greedy_dual
10,194,XXXX,{'H': 'F99Y:P104W'},H,XXXX,4,ARYVFFLWYAMDY,"F99Y,P104W",13.715109,5.679545402526856,27.234166666666653,-0.005,5A12_dual,ablang2,1.066386053525842,4.7825,-1.066386053525842,-4.7825,"SB0A,WB2Y,GB3V,GB4F,DB5F,GB6L,FB7W",greedy_dual,-1.066386053525842,-4.7825,0.4121727526981691,-0.1102949564853653,0.0,0.0,0.0,0.0,0.3018777962128038,7,ablang2+greedy_dual
10,249,XXXX,{'H': 'F99Y:F101N:L103Y:P104Y:M107F:D108Q'},H,XXXX,6,ARYVNFYYYAFQY,"F99Y,F101N,L103Y,P104Y,M107F,D108Q",11.594961,6.838435554504395,28.153416666666647,-0.0958333333333333,5A12_dual,ablang2,2.24432,2.7454056544456966,-2.24432,-2.7454056544456966,"SB0A,WB2Y,GB3V,GB4N,DB5F,GB6Y,FB7Y,MB10F,DB11Q",greedy_dual,-2.24432,-2.7454056544456966,0.0318436449456219,0.2724033724966103,0.0,0.0,0.0,0.0,0.3042470174422322,9,ablang2+greedy_dual
10,343,XXXX,{'H': 'V100W:L103F:P104Y:Y105F:A106C:M107F'},H,XXXX,8,ARFWFFFYFCFDY,"V100W,L103F,P104Y,Y105F,A106C,M107F",14.292392,5.679204368591309,27.66091666666665,0.0224999999999999,5A12_dual,ablang2,2.7959,1.769360967581744,-2.7959,-1.769360967581744,"SB0A,WB2F,GB3W,GB4F,DB5F,GB6F,FB7Y,YB8F,AB9C,MB10F",greedy_dual,-2.7959,-1.769360967581744,-0.1462494729936972,0.4557678158223467,0.0,0.0,0.0,0.0,0.3095183428286495,10,ablang2+greedy_dual
10,383,XXXX,{'H': 'F102W:P104F:Y105F:M107F:D108W'},H,XXXX,9,ARFVFWLFFAFWY,"F102W,P104F,Y105F,M107F,D108W",19.018835,6.843096351623536,24.94416666666665,0.0924999999999999,5A12_dual,ablang2,1.79734171005125,3.45927,-1.79734171005125,-3.45927,"SB0A,WB2F,GB3V,GB4F,DB5W,GB6L,YB8F,MB10F,DB11W",greedy_dual,-1.79734171005125,-3.45927,0.1761631585395846,0.1382933874781668,0.0,0.0,0.0,0.0,0.3144565460177514,9,ablang2+greedy_dual
10,397,XXXX,{'H': 'A97T:F99D:V100Y:L103P:P104Y:M107F:D108W'},H,XXXX,9,TRDYFFPYYAFWY,"A97T,F99D,V100Y,L103P,P104Y,M107F,D108W",12.9289465,5.679545402526856,31.23916666666665,-0.1091666666666666,5A12_dual,ablang2,1.1854493609529602,4.47252,-1.1854493609529602,-4.47252,"SB0T,WB2D,GB3Y,GB4F,DB5F,GB6P,FB7Y,MB10F,DB11W",greedy_dual,-1.1854493609529602,-4.47252,0.3737298148616573,-0.0520606246898229,0.0,0.0,0.0,0.0,0.3216691901718344,9,ablang2+greedy_dual
10,355,XXXX,{'H': 'F99Y:F102Y:L103R:P104W:M107F'},H,XXXX,8,ARYVFYRWYAFDY,"F99Y,F102Y,L103R,P104W,M107F",9.536203,6.842300605773925,32.37008333333331,-0.1008333333333333,5A12_dual,ablang2,1.6361355868749845,3.6396,-1.6361355868749845,-3.6396,"SB0A,WB2Y,GB3V,GB4F,DB5Y,GB6R,FB7W,MB10F",greedy_dual,-1.6361355868749845,-3.6396,0.2282130898412473,0.1044157274591649,0.0,0.0,0.0,0.0,0.3326288173004122,8,ablang2+greedy_dual
10,336,XXXX,{'H': 'F99W:V100Y:L103Y:A106C:M107F:D108Q'},H,XXXX,8,ARWYFFYPYCFQY,"F99W,V100Y,L103Y,A106C,M107F,D108Q",12.852184,6.82843189239502,31.80591666666665,-0.0825,5A12_dual,ablang2,2.67579,1.74816,-2.67579,-1.74816,"SB0A,GB3Y,GB4F,DB5F,GB6Y,FB7P,AB9C,MB10F,DB11Q",greedy_dual,-2.67579,-1.74816,-0.1074685810184776,0.4597507314315532,0.0,0.0,0.0,0.0,0.3522821504130756,9,ablang2+greedy_dual
10,243,XXXX,{'H': 'F99Y:V100I:P104Y:M107F'},H,XXXX,6,ARYIFFLYYAFDY,"F99Y,V100I,P104Y,M107F",10.002192,5.679545402526856,27.31749999999998,0.0016666666666666,5A12_dual,ablang2,1.5169200053378828,3.66648,-1.5169200053378828,-3.66648,"SB0A,WB2Y,GB3I,GB4F,DB5F,GB6L,FB7Y,MB10F",greedy_dual,-1.5169200053378828,-3.66648,0.2667051936573602,0.0993659215405116,0.0,0.0,0.0,0.0,0.3660711151978718,8,ablang2+greedy_dual
10,342,XXXX,{'H': 'V100R:F101S:P104F:D108Q'},H,XXXX,8,ARFRSFLFYAMQY,"V100R,F101S,P104F,D108Q",17.277235,8.036193656921387,31.01091666666665,-0.0425,5A12_dual,ablang2,2.4529,2.0447038799369306,-2.4529,-2.0447038799369306,"SB0A,WB2F,GB3R,GB4S,DB5F,GB6L,DB11Q",greedy_dual,-2.4529,-2.0447038799369306,-0.0355022750293285,0.4040405736917483,0.0,-0.0,0.0,0.0,0.3685382986624197,7,ablang2+greedy_dual
10,190,XXXX,{'H': 'R98G:F99Y:V100G:F101Y:F102Y:P104Y:M107F:D108P:Y109P'},H,XXXX,4,AGYGYYLYYAFPP,"R98G,F99Y,V100G,F101Y,F102Y,P104Y,M107F,D108P,Y109P",13.822385,5.661186408996582,29.657499999999978,-0.06,5A12_dual,ablang2,1.4196467327423383,3.62889,-1.4196467327423383,-3.62889,"SB0A,RB1G,WB2Y,GB4Y,DB5Y,GB6L,FB7Y,MB10F,DB11P,YB12P",greedy_dual,-1.4196467327423383,-3.62889,0.2981126058345636,0.1064277595048784,0.0,0.0,0.0,0.0,0.4045403653394421,10,ablang2+greedy_dual
10,165,XXXX,{'H': 'F99Y:V100F:F101S:L103F:P104Y:M107F'},H,XXXX,4,ARYFSFFYYAFDY,"F99Y,V100F,F101S,L103F,P104Y,M107F",9.498432,5.679545402526856,30.03424999999998,-0.0508333333333333,5A12_dual,ablang2,2.2203510264560045,2.2483965500217886,-2.2203510264560045,-2.2483965500217886,"SB0A,WB2Y,GB3F,GB4S,DB5F,GB6F,FB7Y,MB10F",greedy_dual,-2.2203510264560045,-2.2483965500217886,0.0395827022578073,0.3657738902475209,0.0,0.0,0.0,0.0,0.4053565925053283,8,ablang2+greedy_dual
10,258,XXXX,{'H': 'P104Y:M107F'},H,XXXX,6,ARFVFFLYYAFDY,"P104Y,M107F",11.003377,5.679545402526856,27.945833333333315,0.0333333333333333,5A12_dual,ablang2,1.88341836347188,2.801041268300813,-1.88341836347188,-2.801041268300813,"SB0A,WB2F,GB3V,GB4F,DB5F,GB6L,FB7Y,MB10F",greedy_dual,-1.88341836347188,-2.801041268300813,0.1483708898034772,0.2619513988309301,0.0,0.0,0.0,0.0,0.4103222886344074,8,ablang2+greedy_dual
10,240,XXXX,{'H': 'F99Y:V100W:L103W:P104W:M107F'},H,XXXX,6,ARYWFFWWYAFDY,"F99Y,V100W,L103W,P104W,M107F",11.162184,5.679545402526856,25.424999999999983,-0.0791666666666666,5A12_dual,ablang2,1.8411239326278048,2.8262,-1.8411239326278048,-2.8262,"SB0A,WB2Y,GB3W,GB4F,DB5F,GB6W,FB7W,MB10F",greedy_dual,-1.8411239326278048,-2.8262,0.1620268364666816,0.2572249586434164,0.0,0.0,0.0,0.0,0.419251795110098,8,ablang2+greedy_dual
10,161,XXXX,{'H': 'V100R:F101Y:P104Y:M107F'},H,XXXX,4,ARFRYFLYYAFDY,"V100R,F101Y,P104Y,M107F",9.868735,6.842300605773925,27.31749999999998,-0.0733333333333333,5A12_dual,ablang2,1.7737572072105317,2.9363270288436523,-1.7737572072105317,-2.9363270288436523,"SB0A,WB2F,GB3R,GB4Y,DB5F,GB6L,FB7Y,MB10F",greedy_dual,-1.7737572072105317,-2.9363270288436523,0.1837780786707574,0.2365359660073156,0.0,0.0,0.0,0.0,0.4203140446780731,8,ablang2+greedy_dual
10,271,XXXX,{'H': 'V100W:F101S:P104W:M107F:D108Q'},H,XXXX,6,ARFWSFLWYAFQY,"V100W,F101S,P104W,M107F,D108Q",13.19484,6.841902732849121,27.234166666666653,-0.0358333333333333,5A12_dual,ablang2,2.32083,1.848,-2.32083,-1.848,"SB0A,WB2F,GB3W,GB4S,DB5F,GB6L,FB7W,MB10F,DB11Q",greedy_dual,-2.32083,-1.848,0.007140239358876,0.4409943094479834,0.0,0.0,0.0,0.0,0.4481345488068595,9,ablang2+greedy_dual
10,230,XXXX,{'H': 'V100D:L103R:P104Y:M107F'},H,XXXX,5,ARFDFFRYYAFDY,"V100D,L103R,P104Y,M107F",10.520697,5.696710777282715,27.717499999999976,-0.0999999999999999,5A12_dual,ablang2,1.000507029439202,4.02034,-1.000507029439202,-4.02034,"SB0A,WB2F,GB3D,GB4F,DB5F,GB6R,FB7Y,MB10F",greedy_dual,-1.000507029439202,-4.02034,0.4334436486813252,0.032888082166453,0.0,0.0,0.0,0.0,0.4663317308477782,8,ablang2+greedy_dual
10,391,XXXX,{'H': 'L103P:P104Y:M107L:D108W'},H,XXXX,9,ARFVFFPYYALWY,"L103P,P104Y,M107L,D108W",16.886118,6.840765953063964,30.49583333333332,0.0183333333333333,5A12_dual,ablang2,0.9612784697974854,4.071309003219539,-0.9612784697974854,-4.071309003219539,"SB0A,WB2F,GB3V,GB4F,DB5F,GB6P,FB7Y,MB10L,DB11W",greedy_dual,-0.9612784697974854,-4.071309003219539,0.4461096925894833,0.0233128003909362,0.0,0.0,0.0,0.0,0.4694224929804195,9,ablang2+greedy_dual
